[24Jul2025 19:23:20.175] [main/INFO] [cpw.mods.modlauncher.Launcher/MODLAUNCHER]: ModLauncher running: args [--launchTarget, forgeserver, --fml.forgeVersion, 47.3.7, --fml.mcVersion, 1.20.1, --fml.forgeGroup, net.minecraftforge, --fml.mcpVersion, 20230612.114412, nogui]
[24Jul2025 19:23:20.180] [main/INFO] [cpw.mods.modlauncher.Launcher/MODLAUNCHER]: ModLauncher 10.0.9+10.0.9+main.dcd20f30 starting: java version 17.0.15 by Ubuntu; OS Linux arch amd64 version 6.8.0-1027-azure
[24Jul2025 19:23:20.213] [main/DEBUG] [cpw.mods.modlauncher.LaunchServiceHandler/MODLAUNCHER]: Found launch services [fmlclientdev,forgeclient,minecraft,forgegametestserverdev,fmlserveruserdev,fmlclient,fmldatauserdev,forgeserverdev,forgeserveruserdev,forgeclientdev,forgeclientuserdev,forgeserver,forgedatadev,fmlserver,fmlclientuserdev,fmlserverdev,forgedatauserdev,testharness,forgegametestserveruserdev]
[24Jul2025 19:23:20.227] [main/DEBUG] [cpw.mods.modlauncher.NameMappingServiceHandler/MODLAUNCHER]: Found naming services : [srgtomcp]
[24Jul2025 19:23:20.258] [main/DEBUG] [cpw.mods.modlauncher.LaunchPluginHandler/MODLAUNCHER]: Found launch plugins: [mixin,eventbus,slf4jfixer,object_holder_definalize,runtime_enum_extender,capability_token_subclass,accesstransformer,runtimedistcleaner]
[24Jul2025 19:23:20.268] [main/DEBUG] [cpw.mods.modlauncher.TransformationServicesHandler/MODLAUNCHER]: Discovering transformation services
[24Jul2025 19:23:20.272] [main/DEBUG] [net.minecraftforge.fml.loading.FMLPaths/CORE]: Path GAMEDIR is /workspaces/TPM/servidor_minecraft
[24Jul2025 19:23:20.273] [main/DEBUG] [net.minecraftforge.fml.loading.FMLPaths/CORE]: Path MODSDIR is /workspaces/TPM/servidor_minecraft/mods
[24Jul2025 19:23:20.273] [main/DEBUG] [net.minecraftforge.fml.loading.FMLPaths/CORE]: Path CONFIGDIR is /workspaces/TPM/servidor_minecraft/config
[24Jul2025 19:23:20.273] [main/DEBUG] [net.minecraftforge.fml.loading.FMLPaths/CORE]: Path FMLCONFIG is /workspaces/TPM/servidor_minecraft/config/fml.toml
[24Jul2025 19:23:22.853] [main/DEBUG] [cpw.mods.modlauncher.TransformationServicesHandler/MODLAUNCHER]: Found additional transformation services from discovery services: [/workspaces/TPM/servidor_minecraft/mods/Connector-1.0.0-beta.46+1.20.1 - copia.jar][/workspaces/TPM/servidor_minecraft/mods/Connector-1.0.0-beta.46+1.20.1 - copia.jar][/workspaces/TPM/servidor_minecraft/mods/Connector-1.0.0-beta.46+1.20.1 - copia.jar]
[24Jul2025 19:23:22.872] [main/INFO] [net.minecraftforge.fml.loading.ImmediateWindowHandler/]: ImmediateWindowProvider not loading because launch target is forgeserver
[24Jul2025 19:23:22.955] [main/INFO] [mixin-transmog/]: Mixin Transmogrifier is definitely up to no good...
[24Jul2025 19:23:22.977] [main/DEBUG] [mixin-transmog/]: Replaced the mixin launch plugin
[24Jul2025 19:23:22.977] [main/INFO] [mixin-transmog/]: crimes against java were committed
[24Jul2025 19:23:22.981] [main/DEBUG] [cpw.mods.modlauncher.TransformationServicesHandler/MODLAUNCHER]: Found transformer services : [mixin,fml,mixin-transmogrifier,connector_loader]
[24Jul2025 19:23:22.981] [main/DEBUG] [cpw.mods.modlauncher.TransformationServicesHandler/MODLAUNCHER]: Transformation services loading
[24Jul2025 19:23:22.981] [main/DEBUG] [cpw.mods.modlauncher.TransformationServiceDecorator/MODLAUNCHER]: Loading service mixin
[24Jul2025 19:23:22.982] [main/DEBUG] [cpw.mods.modlauncher.TransformationServiceDecorator/MODLAUNCHER]: Loaded service mixin
[24Jul2025 19:23:22.982] [main/DEBUG] [cpw.mods.modlauncher.TransformationServiceDecorator/MODLAUNCHER]: Loading service fml
[24Jul2025 19:23:22.983] [main/DEBUG] [net.minecraftforge.fml.loading.LauncherVersion/CORE]: Found FMLLauncher version 1.0
[24Jul2025 19:23:22.983] [main/DEBUG] [net.minecraftforge.fml.loading.FMLLoader/CORE]: FML 1.0 loading
[24Jul2025 19:23:22.983] [main/DEBUG] [net.minecraftforge.fml.loading.FMLLoader/CORE]: FML found ModLauncher version : 10.0.9+10.0.9+main.dcd20f30
[24Jul2025 19:23:22.983] [main/DEBUG] [net.minecraftforge.fml.loading.FMLLoader/CORE]: FML found AccessTransformer version : 8.0.4+66+master.c09db6d7
[24Jul2025 19:23:22.984] [main/DEBUG] [net.minecraftforge.fml.loading.FMLLoader/CORE]: FML found EventBus version : 6.0.5+6.0.5+master.eb8e549b
[24Jul2025 19:23:22.984] [main/DEBUG] [net.minecraftforge.fml.loading.FMLLoader/CORE]: Found Runtime Dist Cleaner
[24Jul2025 19:23:22.985] [main/DEBUG] [net.minecraftforge.fml.loading.FMLLoader/CORE]: FML found CoreMod version : 5.1.6
[24Jul2025 19:23:22.986] [main/DEBUG] [net.minecraftforge.fml.loading.FMLLoader/CORE]: Found ForgeSPI package implementation version 7.0.1+7.0.1+master.d2b38bf6
[24Jul2025 19:23:22.986] [main/DEBUG] [net.minecraftforge.fml.loading.FMLLoader/CORE]: Found ForgeSPI package specification 5
[24Jul2025 19:23:22.986] [main/DEBUG] [cpw.mods.modlauncher.TransformationServiceDecorator/MODLAUNCHER]: Loaded service fml
[24Jul2025 19:23:22.986] [main/DEBUG] [cpw.mods.modlauncher.TransformationServiceDecorator/MODLAUNCHER]: Loading service mixin-transmogrifier
[24Jul2025 19:23:22.986] [main/DEBUG] [mixin-transmog/]: onLoad called
[24Jul2025 19:23:22.986] [main/DEBUG] [mixin-transmog/]: mixin, fml, mixin-transmogrifier, connector_loader
[24Jul2025 19:23:22.987] [main/DEBUG] [cpw.mods.modlauncher.TransformationServiceDecorator/MODLAUNCHER]: Loading service mixin
[24Jul2025 19:23:22.987] [main/DEBUG] [cpw.mods.modlauncher.TransformationServiceDecorator/MODLAUNCHER]: Loaded service mixin
[24Jul2025 19:23:22.987] [main/DEBUG] [cpw.mods.modlauncher.TransformationServiceDecorator/MODLAUNCHER]: Loaded service mixin-transmogrifier
[24Jul2025 19:23:22.987] [main/DEBUG] [cpw.mods.modlauncher.TransformationServiceDecorator/MODLAUNCHER]: Loading service connector_loader
[24Jul2025 19:23:22.989] [main/DEBUG] [cpw.mods.modlauncher.TransformationServiceDecorator/MODLAUNCHER]: Loaded service connector_loader
[24Jul2025 19:23:22.989] [main/DEBUG] [cpw.mods.modlauncher.TransformationServicesHandler/MODLAUNCHER]: Configuring option handling for services
[24Jul2025 19:23:22.996] [main/DEBUG] [cpw.mods.modlauncher.TransformationServicesHandler/MODLAUNCHER]: Transformation services initializing
[24Jul2025 19:23:22.996] [main/DEBUG] [cpw.mods.modlauncher.TransformationServiceDecorator/MODLAUNCHER]: Initializing transformation service mixin
[24Jul2025 19:23:22.996] [main/INFO] [mixin-transmog/]: Original mixin transformation service successfully crobbed by mixin-transmogrifier!
[24Jul2025 19:23:22.997] [main/DEBUG] [cpw.mods.modlauncher.TransformationServiceDecorator/MODLAUNCHER]: Initialized transformation service mixin
[24Jul2025 19:23:22.997] [main/DEBUG] [cpw.mods.modlauncher.TransformationServiceDecorator/MODLAUNCHER]: Initializing transformation service fml
[24Jul2025 19:23:22.997] [main/DEBUG] [net.minecraftforge.fml.loading.FMLServiceProvider/CORE]: Setting up basic FML game directories
[24Jul2025 19:23:22.997] [main/DEBUG] [net.minecraftforge.fml.loading.FMLPaths/CORE]: Path GAMEDIR is /workspaces/TPM/servidor_minecraft
[24Jul2025 19:23:22.998] [main/DEBUG] [net.minecraftforge.fml.loading.FMLPaths/CORE]: Path MODSDIR is /workspaces/TPM/servidor_minecraft/mods
[24Jul2025 19:23:22.998] [main/DEBUG] [net.minecraftforge.fml.loading.FMLPaths/CORE]: Path CONFIGDIR is /workspaces/TPM/servidor_minecraft/config
[24Jul2025 19:23:22.998] [main/DEBUG] [net.minecraftforge.fml.loading.FMLPaths/CORE]: Path FMLCONFIG is /workspaces/TPM/servidor_minecraft/config/fml.toml
[24Jul2025 19:23:22.998] [main/DEBUG] [net.minecraftforge.fml.loading.FMLServiceProvider/CORE]: Loading configuration
[24Jul2025 19:23:23.000] [main/DEBUG] [net.minecraftforge.fml.loading.FMLServiceProvider/CORE]: Preparing ModFile
[24Jul2025 19:23:23.003] [main/DEBUG] [net.minecraftforge.fml.loading.FMLServiceProvider/CORE]: Preparing launch handler
[24Jul2025 19:23:23.003] [main/DEBUG] [net.minecraftforge.fml.loading.FMLLoader/CORE]: Using forgeserver as launch service
[24Jul2025 19:23:23.016] [main/DEBUG] [net.minecraftforge.fml.loading.FMLLoader/CORE]: Received command line version data  : VersionInfo[forgeVersion=47.3.7, mcVersion=1.20.1, mcpVersion=20230612.114412, forgeGroup=net.minecraftforge]
[24Jul2025 19:23:23.017] [main/DEBUG] [cpw.mods.modlauncher.TransformationServiceDecorator/MODLAUNCHER]: Initialized transformation service fml
[24Jul2025 19:23:23.018] [main/DEBUG] [cpw.mods.modlauncher.TransformationServiceDecorator/MODLAUNCHER]: Initializing transformation service mixin-transmogrifier
[24Jul2025 19:23:23.018] [main/DEBUG] [mixin-transmog/]: initialize called
[24Jul2025 19:23:23.027] [main/DEBUG] [mixin/]: MixinService [ModLauncher] was successfully booted in cpw.mods.cl.ModuleClassLoader@1e7c7811
[24Jul2025 19:23:23.036] [main/INFO] [mixin/]: SpongePowered MIXIN Subsystem Version=0.8.5 Source=union:/workspaces/TPM/servidor_minecraft/mods/Connector-1.0.0-beta.46+1.20.1%20-%20copia.jar%23128%23131!/ Service=ModLauncher Env=SERVER
[24Jul2025 19:23:23.038] [main/DEBUG] [mixin/]: Initialising Mixin Platform Manager
[24Jul2025 19:23:23.039] [main/DEBUG] [mixin/]: Adding mixin platform agents for container ModLauncher Root Container(ModLauncher:4f56a0a2)
[24Jul2025 19:23:23.039] [main/DEBUG] [mixin/]: Instancing new MixinPlatformAgentMinecraftForge for ModLauncher Root Container(ModLauncher:4f56a0a2)
[24Jul2025 19:23:23.040] [main/DEBUG] [mixin/]: MixinPlatformAgentMinecraftForge rejected container ModLauncher Root Container(ModLauncher:4f56a0a2)
[24Jul2025 19:23:23.040] [main/DEBUG] [mixin/]: Instancing new MixinPlatformAgentDefault for ModLauncher Root Container(ModLauncher:4f56a0a2)
[24Jul2025 19:23:23.040] [main/DEBUG] [mixin/]: MixinPlatformAgentDefault accepted container ModLauncher Root Container(ModLauncher:4f56a0a2)
[24Jul2025 19:23:23.041] [main/DEBUG] [cpw.mods.modlauncher.TransformationServiceDecorator/MODLAUNCHER]: Initialized transformation service mixin-transmogrifier
[24Jul2025 19:23:23.042] [main/DEBUG] [cpw.mods.modlauncher.TransformationServiceDecorator/MODLAUNCHER]: Initializing transformation service connector_loader
[24Jul2025 19:23:23.044] [main/DEBUG] [cpw.mods.modlauncher.TransformationServiceDecorator/MODLAUNCHER]: Initialized transformation service connector_loader
[24Jul2025 19:23:23.045] [main/DEBUG] [cpw.mods.modlauncher.NameMappingServiceHandler/MODLAUNCHER]: Current naming domain is 'srg'
[24Jul2025 19:23:23.045] [main/DEBUG] [cpw.mods.modlauncher.NameMappingServiceHandler/MODLAUNCHER]: Identified name mapping providers {}
[24Jul2025 19:23:23.045] [main/DEBUG] [cpw.mods.modlauncher.TransformationServicesHandler/MODLAUNCHER]: Transformation services begin scanning
[24Jul2025 19:23:23.046] [main/DEBUG] [cpw.mods.modlauncher.TransformationServiceDecorator/MODLAUNCHER]: Beginning scan trigger - transformation service mixin
[24Jul2025 19:23:23.046] [main/DEBUG] [cpw.mods.modlauncher.TransformationServiceDecorator/MODLAUNCHER]: End scan trigger - transformation service mixin
[24Jul2025 19:23:23.046] [main/DEBUG] [cpw.mods.modlauncher.TransformationServiceDecorator/MODLAUNCHER]: Beginning scan trigger - transformation service fml
[24Jul2025 19:23:23.046] [main/DEBUG] [net.minecraftforge.fml.loading.FMLServiceProvider/CORE]: Initiating mod scan
[24Jul2025 19:23:23.056] [main/DEBUG] [net.minecraftforge.fml.loading.moddiscovery.ModListHandler/CORE]: Found mod coordinates from lists: []
[24Jul2025 19:23:23.108] [main/DEBUG] [net.minecraftforge.fml.loading.moddiscovery.ModDiscoverer/CORE]: Found Mod Locators : (connector_early_locator:1.0.0-beta.46+1.20.1),(mods folder:null),(maven libs:null),(exploded directory:null),(minecraft:null),(userdev classpath:null)
[24Jul2025 19:23:23.109] [main/DEBUG] [net.minecraftforge.fml.loading.moddiscovery.ModDiscoverer/CORE]: Found Dependency Locators : (connector_locator:1.0.0-beta.46+1.20.1),(JarInJar:null)
[24Jul2025 19:23:23.152] [main/DEBUG] [net.minecraftforge.fml.loading.moddiscovery.ModFileParser/LOADING]: Considering mod file candidate 
[24Jul2025 19:23:23.190] [main/DEBUG] [net.minecraftforge.fml.loading.moddiscovery.ModFileInfo/LOADING]: Found valid mod file Connector-1.0.0-beta.46+1.20.1-mod.jar with {connectormod} mods - versions {1.0.0-beta.46+1.20.1}
[24Jul2025 19:23:23.194] [main/DEBUG] [net.minecraftforge.fml.loading.moddiscovery.ModFileParser/LOADING]: Considering mod file candidate /workspaces/TPM/servidor_minecraft/mods/a_good_place-1.20-1.2.7.jar
[24Jul2025 19:23:23.196] [main/DEBUG] [net.minecraftforge.fml.loading.moddiscovery.ModFileInfo/LOADING]: Found valid mod file a_good_place-1.20-1.2.7.jar with {a_good_place} mods - versions {1.20-1.2.7}
[24Jul2025 19:23:23.196] [main/DEBUG] [net.minecraftforge.fml.loading.moddiscovery.ModFileParser/LOADING]: Considering mod file candidate /workspaces/TPM/servidor_minecraft/mods/animated-doors-1.0.jar
[24Jul2025 19:23:23.198] [main/DEBUG] [net.minecraftforge.fml.loading.moddiscovery.ModFileInfo/LOADING]: Found valid mod file animated-doors-1.0.jar with {mr_animated_doors} mods - versions {1.0}
[24Jul2025 19:23:23.198] [main/DEBUG] [net.minecraftforge.fml.loading.moddiscovery.ModFileParser/LOADING]: Considering mod file candidate /workspaces/TPM/servidor_minecraft/mods/Animation_Overhaul-forge-1.20.x-1.3.1.jar
[24Jul2025 19:23:23.199] [main/DEBUG] [net.minecraftforge.fml.loading.moddiscovery.ModFileInfo/LOADING]: Found valid mod file Animation_Overhaul-forge-1.20.x-1.3.1.jar with {animation_overhaul} mods - versions {1.3.1}
[24Jul2025 19:23:23.200] [main/DEBUG] [net.minecraftforge.fml.loading.moddiscovery.ModFileParser/LOADING]: Considering mod file candidate /workspaces/TPM/servidor_minecraft/mods/Anomaly-1.1.5-FullShaderSupport.jar
[24Jul2025 19:23:23.201] [main/DEBUG] [net.minecraftforge.fml.loading.moddiscovery.ModFileInfo/LOADING]: Found valid mod file Anomaly-1.1.5-FullShaderSupport.jar with {the_anomaly} mods - versions {1.1.5}
[24Jul2025 19:23:23.203] [main/DEBUG] [net.minecraftforge.fml.loading.moddiscovery.ModFileParser/LOADING]: Considering mod file candidate /workspaces/TPM/servidor_minecraft/mods/antique-atlas-2.9.10+1.20.jar
[24Jul2025 19:23:23.204] [main/DEBUG] [net.minecraftforge.fml.loading.moddiscovery.ModFileInfo/LOADING]: Found valid mod file antique-atlas-2.9.10+1.20.jar with {antique_atlas} mods - versions {2.9.10+1.20}
[24Jul2025 19:23:23.205] [main/DEBUG] [net.minecraftforge.fml.loading.moddiscovery.ModFileParser/LOADING]: Considering mod file candidate /workspaces/TPM/servidor_minecraft/mods/antlers-1.0.0.jar
[24Jul2025 19:23:23.207] [main/DEBUG] [net.minecraftforge.fml.loading.moddiscovery.ModFileInfo/LOADING]: Found valid mod file antlers-1.0.0.jar with {antlers} mods - versions {1.0.0}
[24Jul2025 19:23:23.208] [main/DEBUG] [net.minecraftforge.fml.loading.moddiscovery.ModFileParser/LOADING]: Considering mod file candidate /workspaces/TPM/servidor_minecraft/mods/balm-forge-1.20.1-7.3.31-all (1).jar
[24Jul2025 19:23:23.210] [main/DEBUG] [net.minecraftforge.fml.loading.moddiscovery.ModFileInfo/LOADING]: Found valid mod file balm-forge-1.20.1-7.3.31-all (1).jar with {balm} mods - versions {7.3.31}
[24Jul2025 19:23:23.210] [main/DEBUG] [net.minecraftforge.fml.loading.moddiscovery.ModFileParser/LOADING]: Considering mod file candidate /workspaces/TPM/servidor_minecraft/mods/befall-1.6.0-forge-1.20.1.jar
[24Jul2025 19:23:23.211] [main/DEBUG] [net.minecraftforge.fml.loading.moddiscovery.ModFileInfo/LOADING]: Found valid mod file befall-1.6.0-forge-1.20.1.jar with {befalltwo} mods - versions {1.0.0}
[24Jul2025 19:23:23.212] [main/DEBUG] [net.minecraftforge.fml.loading.moddiscovery.ModFileParser/LOADING]: Considering mod file candidate /workspaces/TPM/servidor_minecraft/mods/Beware-1.20.1-2.3.4.jar
[24Jul2025 19:23:23.213] [main/DEBUG] [net.minecraftforge.fml.loading.moddiscovery.ModFileInfo/LOADING]: Found valid mod file Beware-1.20.1-2.3.4.jar with {bwrtherain} mods - versions {2.3.4}
[24Jul2025 19:23:23.213] [main/DEBUG] [net.minecraftforge.fml.loading.moddiscovery.ModFileParser/LOADING]: Considering mod file candidate /workspaces/TPM/servidor_minecraft/mods/cameraoverhaul-1.1-1.20.4.jar
[24Jul2025 19:23:23.214] [main/DEBUG] [net.minecraftforge.fml.loading.moddiscovery.ModFileInfo/LOADING]: Found valid mod file cameraoverhaul-1.1-1.20.4.jar with {cameraoverhaul} mods - versions {1.0.0}
[24Jul2025 19:23:23.215] [main/DEBUG] [net.minecraftforge.fml.loading.moddiscovery.ModFileParser/LOADING]: Considering mod file candidate /workspaces/TPM/servidor_minecraft/mods/Chunky-1.3.146 (1).jar
[24Jul2025 19:23:23.216] [main/DEBUG] [net.minecraftforge.fml.loading.moddiscovery.ModFileInfo/LOADING]: Found valid mod file Chunky-1.3.146 (1).jar with {chunky} mods - versions {1.3.146}
[24Jul2025 19:23:23.219] [main/DEBUG] [net.minecraftforge.fml.loading.moddiscovery.ModFileParser/LOADING]: Considering mod file candidate /workspaces/TPM/servidor_minecraft/mods/configured-forge-1.20.1-2.2.3.jar
[24Jul2025 19:23:23.220] [main/DEBUG] [net.minecraftforge.fml.loading.moddiscovery.ModFileInfo/LOADING]: Found valid mod file configured-forge-1.20.1-2.2.3.jar with {configured} mods - versions {2.2.3}
[24Jul2025 19:23:23.221] [main/DEBUG] [net.minecraftforge.fml.loading.moddiscovery.ModFileParser/LOADING]: Considering mod file candidate /workspaces/TPM/servidor_minecraft/mods/CreativeCore_FORGE_v2.12.32_mc1.20.1.jar
[24Jul2025 19:23:23.222] [main/DEBUG] [net.minecraftforge.fml.loading.moddiscovery.ModFileInfo/LOADING]: Found valid mod file CreativeCore_FORGE_v2.12.32_mc1.20.1.jar with {creativecore} mods - versions {2.12.32}
[24Jul2025 19:23:23.223] [main/DEBUG] [net.minecraftforge.fml.loading.moddiscovery.ModFileParser/LOADING]: Considering mod file candidate /workspaces/TPM/servidor_minecraft/mods/death_angels-1.3.0-forge-1.20.1.jar
[24Jul2025 19:23:23.224] [main/DEBUG] [net.minecraftforge.fml.loading.moddiscovery.ModFileInfo/LOADING]: Found valid mod file death_angels-1.3.0-forge-1.20.1.jar with {death_angels} mods - versions {1.3.0}
[24Jul2025 19:23:23.224] [main/DEBUG] [net.minecraftforge.fml.loading.moddiscovery.ModFileParser/LOADING]: Considering mod file candidate /workspaces/TPM/servidor_minecraft/mods/fabric-api-0.92.2+1.11.12+1.20.1.jar
[24Jul2025 19:23:23.225] [main/DEBUG] [net.minecraftforge.fml.loading.moddiscovery.ModFileInfo/LOADING]: Found valid mod file fabric-api-0.92.2+1.11.12+1.20.1.jar with {fabric_api} mods - versions {0.92.2+1.11.12+1.20.1}
[24Jul2025 19:23:23.226] [main/DEBUG] [net.minecraftforge.fml.loading.moddiscovery.ModFileParser/LOADING]: Considering mod file candidate /workspaces/TPM/servidor_minecraft/mods/fromtheshadowsreborn-2.8.jar
[24Jul2025 19:23:23.226] [main/DEBUG] [net.minecraftforge.fml.loading.moddiscovery.ModFileInfo/LOADING]: Found valid mod file fromtheshadowsreborn-2.8.jar with {fromtheshadows} mods - versions {2.8}
[24Jul2025 19:23:23.227] [main/DEBUG] [net.minecraftforge.fml.loading.moddiscovery.ModFileParser/LOADING]: Considering mod file candidate /workspaces/TPM/servidor_minecraft/mods/geckolib-forge-1.20.1-4.7.1.2.jar
[24Jul2025 19:23:23.228] [main/DEBUG] [net.minecraftforge.fml.loading.moddiscovery.ModFileInfo/LOADING]: Found valid mod file geckolib-forge-1.20.1-4.7.1.2.jar with {geckolib} mods - versions {4.7.1.2}
[24Jul2025 19:23:23.229] [main/DEBUG] [net.minecraftforge.fml.loading.moddiscovery.ModFileParser/LOADING]: Considering mod file candidate /workspaces/TPM/servidor_minecraft/mods/itsnotreal-0.0.0.0.0.0.0.0.jar
[24Jul2025 19:23:23.229] [main/DEBUG] [net.minecraftforge.fml.loading.moddiscovery.ModFileInfo/LOADING]: Found valid mod file itsnotreal-0.0.0.0.0.0.0.0.jar with {itsnotreal} mods - versions {0.0.0.0.0.0.0.0}
[24Jul2025 19:23:23.230] [main/DEBUG] [net.minecraftforge.fml.loading.moddiscovery.ModFileParser/LOADING]: Considering mod file candidate /workspaces/TPM/servidor_minecraft/mods/Jade-1.20.1-Forge-11.13.1.jar
[24Jul2025 19:23:23.230] [main/DEBUG] [net.minecraftforge.fml.loading.moddiscovery.ModFileInfo/LOADING]: Found valid mod file Jade-1.20.1-Forge-11.13.1.jar with {jade} mods - versions {11.13.1+forge}
[24Jul2025 19:23:23.231] [main/DEBUG] [net.minecraftforge.fml.loading.moddiscovery.ModFileParser/LOADING]: Considering mod file candidate /workspaces/TPM/servidor_minecraft/mods/Necronomicon-Forge-1.6.0+1.20.1.jar
[24Jul2025 19:23:23.231] [main/DEBUG] [net.minecraftforge.fml.loading.moddiscovery.ModFileInfo/LOADING]: Found valid mod file Necronomicon-Forge-1.6.0+1.20.1.jar with {necronomicon} mods - versions {1.6.0}
[24Jul2025 19:23:23.234] [main/DEBUG] [net.minecraftforge.fml.loading.moddiscovery.ModFileParser/LOADING]: Considering mod file candidate /workspaces/TPM/servidor_minecraft/mods/no_moon-1.4.4-forge-1.20.1.jar
[24Jul2025 19:23:23.235] [main/DEBUG] [net.minecraftforge.fml.loading.moddiscovery.ModFileInfo/LOADING]: Found valid mod file no_moon-1.4.4-forge-1.20.1.jar with {no_moon} mods - versions {1.4.4}
[24Jul2025 19:23:23.236] [main/DEBUG] [net.minecraftforge.fml.loading.moddiscovery.ModFileParser/LOADING]: Considering mod file candidate /workspaces/TPM/servidor_minecraft/mods/nyfsspiders-forge-1.20.1-2.1.1.jar
[24Jul2025 19:23:23.236] [main/DEBUG] [net.minecraftforge.fml.loading.moddiscovery.ModFileInfo/LOADING]: Found valid mod file nyfsspiders-forge-1.20.1-2.1.1.jar with {nyfsspiders} mods - versions {2.1.1}
[24Jul2025 19:23:23.237] [main/DEBUG] [net.minecraftforge.fml.loading.moddiscovery.ModFileParser/LOADING]: Considering mod file candidate /workspaces/TPM/servidor_minecraft/mods/Obscure-Tooltips-2.2.jar
[24Jul2025 19:23:23.237] [main/DEBUG] [net.minecraftforge.fml.loading.moddiscovery.ModFileInfo/LOADING]: Found valid mod file Obscure-Tooltips-2.2.jar with {obscure_tooltips} mods - versions {2.2}
[24Jul2025 19:23:23.238] [main/DEBUG] [net.minecraftforge.fml.loading.moddiscovery.ModFileParser/LOADING]: Considering mod file candidate /workspaces/TPM/servidor_minecraft/mods/skinrestorer-2.3.5+1.20-forge.jar
[24Jul2025 19:23:23.238] [main/DEBUG] [net.minecraftforge.fml.loading.moddiscovery.ModFileInfo/LOADING]: Found valid mod file skinrestorer-2.3.5+1.20-forge.jar with {skinrestorer} mods - versions {2.3.5+1.20-forge}
[24Jul2025 19:23:23.239] [main/DEBUG] [net.minecraftforge.fml.loading.moddiscovery.ModFileParser/LOADING]: Considering mod file candidate /workspaces/TPM/servidor_minecraft/mods/The-Man-From-The-Fog-1.4-1.20.1.jar
[24Jul2025 19:23:23.240] [main/DEBUG] [net.minecraftforge.fml.loading.moddiscovery.ModFileInfo/LOADING]: Found valid mod file The-Man-From-The-Fog-1.4-1.20.1.jar with {man} mods - versions {1.4}
[24Jul2025 19:23:23.241] [main/DEBUG] [net.minecraftforge.fml.loading.moddiscovery.ModFileParser/LOADING]: Considering mod file candidate /workspaces/TPM/servidor_minecraft/mods/the_midnight_lurker_3.3.7.jar
[24Jul2025 19:23:23.242] [main/DEBUG] [net.minecraftforge.fml.loading.moddiscovery.ModFileInfo/LOADING]: Found valid mod file the_midnight_lurker_3.3.7.jar with {midnightlurker} mods - versions {3.3.7}
[24Jul2025 19:23:23.243] [main/DEBUG] [net.minecraftforge.fml.loading.moddiscovery.ModFileParser/LOADING]: Considering mod file candidate /workspaces/TPM/servidor_minecraft/mods/waystones-forge-1.20.1-14.1.13.jar
[24Jul2025 19:23:23.243] [main/DEBUG] [net.minecraftforge.fml.loading.moddiscovery.ModFileInfo/LOADING]: Found valid mod file waystones-forge-1.20.1-14.1.13.jar with {waystones} mods - versions {14.1.13}
[24Jul2025 19:23:23.466] [main/DEBUG] [net.minecraftforge.fml.loading.moddiscovery.ModFileInfo/LOADING]: Found valid mod file server-1.20.1-20230612.114412-srg.jar with {minecraft} mods - versions {1.20.1}
[24Jul2025 19:23:23.531] [main/DEBUG] [net.minecraftforge.fml.loading.moddiscovery.ModFileParser/LOADING]: Considering mod file candidate /workspaces/TPM/servidor_minecraft/libraries/net/minecraftforge/fmlcore/1.20.1-47.3.7/fmlcore-1.20.1-47.3.7.jar
[24Jul2025 19:23:23.531] [main/WARN] [net.minecraftforge.fml.loading.moddiscovery.ModFileParser/LOADING]: Mod file /workspaces/TPM/servidor_minecraft/libraries/net/minecraftforge/fmlcore/1.20.1-47.3.7/fmlcore-1.20.1-47.3.7.jar is missing mods.toml file
[24Jul2025 19:23:23.533] [main/DEBUG] [net.minecraftforge.fml.loading.moddiscovery.ModFileParser/LOADING]: Considering mod file candidate /workspaces/TPM/servidor_minecraft/libraries/net/minecraftforge/javafmllanguage/1.20.1-47.3.7/javafmllanguage-1.20.1-47.3.7.jar
[24Jul2025 19:23:23.533] [main/WARN] [net.minecraftforge.fml.loading.moddiscovery.ModFileParser/LOADING]: Mod file /workspaces/TPM/servidor_minecraft/libraries/net/minecraftforge/javafmllanguage/1.20.1-47.3.7/javafmllanguage-1.20.1-47.3.7.jar is missing mods.toml file
[24Jul2025 19:23:23.534] [main/DEBUG] [net.minecraftforge.fml.loading.moddiscovery.ModFileParser/LOADING]: Considering mod file candidate /workspaces/TPM/servidor_minecraft/libraries/net/minecraftforge/lowcodelanguage/1.20.1-47.3.7/lowcodelanguage-1.20.1-47.3.7.jar
[24Jul2025 19:23:23.535] [main/WARN] [net.minecraftforge.fml.loading.moddiscovery.ModFileParser/LOADING]: Mod file /workspaces/TPM/servidor_minecraft/libraries/net/minecraftforge/lowcodelanguage/1.20.1-47.3.7/lowcodelanguage-1.20.1-47.3.7.jar is missing mods.toml file
[24Jul2025 19:23:23.535] [main/DEBUG] [net.minecraftforge.fml.loading.moddiscovery.ModFileParser/LOADING]: Considering mod file candidate /workspaces/TPM/servidor_minecraft/libraries/net/minecraftforge/mclanguage/1.20.1-47.3.7/mclanguage-1.20.1-47.3.7.jar
[24Jul2025 19:23:23.536] [main/WARN] [net.minecraftforge.fml.loading.moddiscovery.ModFileParser/LOADING]: Mod file /workspaces/TPM/servidor_minecraft/libraries/net/minecraftforge/mclanguage/1.20.1-47.3.7/mclanguage-1.20.1-47.3.7.jar is missing mods.toml file
[24Jul2025 19:23:23.585] [main/DEBUG] [net.minecraftforge.fml.loading.moddiscovery.ModFileParser/LOADING]: Considering mod file candidate /workspaces/TPM/servidor_minecraft/libraries/net/minecraftforge/forge/1.20.1-47.3.7/forge-1.20.1-47.3.7-universal.jar
[24Jul2025 19:23:23.585] [main/DEBUG] [net.minecraftforge.fml.loading.moddiscovery.ModFileInfo/LOADING]: Found valid mod file forge-1.20.1-47.3.7-universal.jar with {forge} mods - versions {47.3.7}
[24Jul2025 19:23:23.599] [main/DEBUG] [net.minecraftforge.fml.loading.moddiscovery.AbstractJarFileDependencyLocator/]: Failed to load resource META-INF/jarjar/metadata.json from server-1.20.1-20230612.114412-srg.jar, it does not contain dependency information.
[24Jul2025 19:23:23.600] [main/DEBUG] [net.minecraftforge.fml.loading.moddiscovery.AbstractJarFileDependencyLocator/]: Failed to load resource META-INF/jarjar/metadata.json from the_midnight_lurker_3.3.7.jar, it does not contain dependency information.
[24Jul2025 19:23:23.600] [main/DEBUG] [net.minecraftforge.fml.loading.moddiscovery.AbstractJarFileDependencyLocator/]: Failed to load resource META-INF/jarjar/metadata.json from Necronomicon-Forge-1.6.0+1.20.1.jar, it does not contain dependency information.
[24Jul2025 19:23:23.600] [main/DEBUG] [net.minecraftforge.fml.loading.moddiscovery.AbstractJarFileDependencyLocator/]: Failed to load resource META-INF/jarjar/metadata.json from Jade-1.20.1-Forge-11.13.1.jar, it does not contain dependency information.
[24Jul2025 19:23:23.600] [main/DEBUG] [net.minecraftforge.fml.loading.moddiscovery.AbstractJarFileDependencyLocator/]: Failed to load resource META-INF/jarjar/metadata.json from Obscure-Tooltips-2.2.jar, it does not contain dependency information.
[24Jul2025 19:23:23.600] [main/DEBUG] [net.minecraftforge.fml.loading.moddiscovery.AbstractJarFileDependencyLocator/]: Failed to load resource META-INF/jarjar/metadata.json from CreativeCore_FORGE_v2.12.32_mc1.20.1.jar, it does not contain dependency information.
[24Jul2025 19:23:23.600] [main/DEBUG] [net.minecraftforge.fml.loading.moddiscovery.AbstractJarFileDependencyLocator/]: Failed to load resource META-INF/jarjar/metadata.json from Chunky-1.3.146 (1).jar, it does not contain dependency information.
[24Jul2025 19:23:23.601] [main/DEBUG] [net.minecraftforge.fml.loading.moddiscovery.AbstractJarFileDependencyLocator/]: Failed to load resource META-INF/jarjar/metadata.json from death_angels-1.3.0-forge-1.20.1.jar, it does not contain dependency information.
[24Jul2025 19:23:23.601] [main/DEBUG] [net.minecraftforge.fml.loading.moddiscovery.AbstractJarFileDependencyLocator/]: Failed to load resource META-INF/jarjar/metadata.json from waystones-forge-1.20.1-14.1.13.jar, it does not contain dependency information.
[24Jul2025 19:23:23.601] [main/DEBUG] [net.minecraftforge.fml.loading.moddiscovery.AbstractJarFileDependencyLocator/]: Failed to load resource META-INF/jarjar/metadata.json from The-Man-From-The-Fog-1.4-1.20.1.jar, it does not contain dependency information.
[24Jul2025 19:23:23.601] [main/DEBUG] [net.minecraftforge.fml.loading.moddiscovery.AbstractJarFileDependencyLocator/]: Failed to load resource META-INF/jarjar/metadata.json from fromtheshadowsreborn-2.8.jar, it does not contain dependency information.
[24Jul2025 19:23:23.601] [main/DEBUG] [net.minecraftforge.fml.loading.moddiscovery.AbstractJarFileDependencyLocator/]: Failed to load resource META-INF/jarjar/metadata.json from configured-forge-1.20.1-2.2.3.jar, it does not contain dependency information.
[24Jul2025 19:23:23.601] [main/DEBUG] [net.minecraftforge.fml.loading.moddiscovery.AbstractJarFileDependencyLocator/]: Failed to load resource META-INF/jarjar/metadata.json from befall-1.6.0-forge-1.20.1.jar, it does not contain dependency information.
[24Jul2025 19:23:23.601] [main/DEBUG] [net.minecraftforge.fml.loading.moddiscovery.AbstractJarFileDependencyLocator/]: Failed to load resource META-INF/jarjar/metadata.json from antlers-1.0.0.jar, it does not contain dependency information.
[24Jul2025 19:23:23.602] [main/DEBUG] [net.minecraftforge.fml.loading.moddiscovery.AbstractJarFileDependencyLocator/]: Failed to load resource META-INF/jarjar/metadata.json from Beware-1.20.1-2.3.4.jar, it does not contain dependency information.
[24Jul2025 19:23:23.602] [main/DEBUG] [net.minecraftforge.fml.loading.moddiscovery.AbstractJarFileDependencyLocator/]: Failed to load resource META-INF/jarjar/metadata.json from itsnotreal-0.0.0.0.0.0.0.0.jar, it does not contain dependency information.
[24Jul2025 19:23:23.602] [main/DEBUG] [net.minecraftforge.fml.loading.moddiscovery.AbstractJarFileDependencyLocator/]: Failed to load resource META-INF/jarjar/metadata.json from Anomaly-1.1.5-FullShaderSupport.jar, it does not contain dependency information.
[24Jul2025 19:23:23.602] [main/DEBUG] [net.minecraftforge.fml.loading.moddiscovery.AbstractJarFileDependencyLocator/]: Failed to load resource META-INF/jarjar/metadata.json from antique-atlas-2.9.10+1.20.jar, it does not contain dependency information.
[24Jul2025 19:23:23.602] [main/DEBUG] [net.minecraftforge.fml.loading.moddiscovery.AbstractJarFileDependencyLocator/]: Failed to load resource META-INF/jarjar/metadata.json from cameraoverhaul-1.1-1.20.4.jar, it does not contain dependency information.
[24Jul2025 19:23:23.602] [main/DEBUG] [net.minecraftforge.fml.loading.moddiscovery.AbstractJarFileDependencyLocator/]: Failed to load resource META-INF/jarjar/metadata.json from forge-1.20.1-47.3.7-universal.jar, it does not contain dependency information.
[24Jul2025 19:23:23.602] [main/DEBUG] [net.minecraftforge.fml.loading.moddiscovery.AbstractJarFileDependencyLocator/]: Failed to load resource META-INF/jarjar/metadata.json from animated-doors-1.0.jar, it does not contain dependency information.
[24Jul2025 19:23:23.603] [main/DEBUG] [net.minecraftforge.fml.loading.moddiscovery.AbstractJarFileDependencyLocator/]: Failed to load resource META-INF/jarjar/metadata.json from no_moon-1.4.4-forge-1.20.1.jar, it does not contain dependency information.
[24Jul2025 19:23:23.603] [main/DEBUG] [net.minecraftforge.fml.loading.moddiscovery.AbstractJarFileDependencyLocator/]: Failed to load resource META-INF/jarjar/metadata.json from nyfsspiders-forge-1.20.1-2.1.1.jar, it does not contain dependency information.
[24Jul2025 19:23:23.603] [main/DEBUG] [net.minecraftforge.fml.loading.moddiscovery.AbstractJarFileDependencyLocator/]: Failed to load resource META-INF/jarjar/metadata.json from mclanguage-1.20.1-47.3.7.jar, it does not contain dependency information.
[24Jul2025 19:23:23.603] [main/DEBUG] [net.minecraftforge.fml.loading.moddiscovery.AbstractJarFileDependencyLocator/]: Failed to load resource META-INF/jarjar/metadata.json from javafmllanguage-1.20.1-47.3.7.jar, it does not contain dependency information.
[24Jul2025 19:23:23.603] [main/DEBUG] [net.minecraftforge.fml.loading.moddiscovery.AbstractJarFileDependencyLocator/]: Failed to load resource META-INF/jarjar/metadata.json from fmlcore-1.20.1-47.3.7.jar, it does not contain dependency information.
[24Jul2025 19:23:23.603] [main/DEBUG] [net.minecraftforge.fml.loading.moddiscovery.AbstractJarFileDependencyLocator/]: Failed to load resource META-INF/jarjar/metadata.json from lowcodelanguage-1.20.1-47.3.7.jar, it does not contain dependency information.
[24Jul2025 19:23:23.718] [main/DEBUG] [net.minecraftforge.fml.loading.moddiscovery.ModFileParser/LOADING]: Considering mod file candidate 
[24Jul2025 19:23:23.719] [main/DEBUG] [net.minecraftforge.fml.loading.moddiscovery.ModFileInfo/LOADING]: Found valid mod file playeranimator-1.0.2-rc1+1.20-forge.jar with {playeranimator} mods - versions {1.0.2-rc1+1.20}
[24Jul2025 19:23:23.724] [main/DEBUG] [net.minecraftforge.fml.loading.moddiscovery.ModFileParser/LOADING]: Considering mod file candidate 
[24Jul2025 19:23:23.725] [main/DEBUG] [net.minecraftforge.fml.loading.moddiscovery.ModFileInfo/LOADING]: Found valid mod file mixinextras-forge-0.3.2.jar with {mixinextras} mods - versions {0.3.2}
[24Jul2025 19:23:23.743] [main/DEBUG] [net.minecraftforge.fml.loading.moddiscovery.ModFileParser/LOADING]: Considering mod file candidate 
[24Jul2025 19:23:23.744] [main/DEBUG] [net.minecraftforge.fml.loading.moddiscovery.ModFileInfo/LOADING]: Found valid mod file mixinextras-forge-0.3.6.jar with {mixinextras} mods - versions {0.3.6}
[24Jul2025 19:23:23.758] [main/DEBUG] [net.minecraftforge.fml.loading.moddiscovery.ModFileParser/LOADING]: Considering mod file candidate 
[24Jul2025 19:23:23.759] [main/DEBUG] [net.minecraftforge.fml.loading.moddiscovery.ModFileInfo/LOADING]: Found valid mod file mixinextras-forge-0.3.5.jar with {mixinextras} mods - versions {0.3.5}
[24Jul2025 19:23:23.761] [main/DEBUG] [net.minecraftforge.fml.loading.moddiscovery.ModFileParser/LOADING]: Considering mod file candidate 
[24Jul2025 19:23:23.761] [main/DEBUG] [net.minecraftforge.fml.loading.moddiscovery.ModFileInfo/LOADING]: Found valid mod file fabric-api-base-0.4.31+ef105b4977.jar with {fabric_api_base} mods - versions {0.4.31+ef105b4977}
[24Jul2025 19:23:23.763] [main/DEBUG] [net.minecraftforge.fml.loading.moddiscovery.ModFileParser/LOADING]: Considering mod file candidate 
[24Jul2025 19:23:23.764] [main/DEBUG] [net.minecraftforge.fml.loading.moddiscovery.ModFileInfo/LOADING]: Found valid mod file fabric-api-lookup-api-v1-1.6.36+67f9824077.jar with {fabric_api_lookup_api_v1} mods - versions {1.6.36+67f9824077}
[24Jul2025 19:23:23.766] [main/DEBUG] [net.minecraftforge.fml.loading.moddiscovery.ModFileParser/LOADING]: Considering mod file candidate 
[24Jul2025 19:23:23.767] [main/DEBUG] [net.minecraftforge.fml.loading.moddiscovery.ModFileInfo/LOADING]: Found valid mod file fabric-biome-api-v1-13.0.13+dc36698e77.jar with {fabric_biome_api_v1} mods - versions {13.0.13+dc36698e77}
[24Jul2025 19:23:23.768] [main/DEBUG] [net.minecraftforge.fml.loading.moddiscovery.ModFileParser/LOADING]: Considering mod file candidate 
[24Jul2025 19:23:23.768] [main/DEBUG] [net.minecraftforge.fml.loading.moddiscovery.ModFileInfo/LOADING]: Found valid mod file fabric-block-api-v1-1.0.11+0e6cb7f777.jar with {fabric_block_api_v1} mods - versions {1.0.11+0e6cb7f777}
[24Jul2025 19:23:23.770] [main/DEBUG] [net.minecraftforge.fml.loading.moddiscovery.ModFileParser/LOADING]: Considering mod file candidate 
[24Jul2025 19:23:23.770] [main/DEBUG] [net.minecraftforge.fml.loading.moddiscovery.ModFileInfo/LOADING]: Found valid mod file fabric-block-view-api-v2-1.0.1+0767707077.jar with {fabric_block_view_api_v2} mods - versions {1.0.1+0767707077}
[24Jul2025 19:23:23.772] [main/DEBUG] [net.minecraftforge.fml.loading.moddiscovery.ModFileParser/LOADING]: Considering mod file candidate 
[24Jul2025 19:23:23.772] [main/DEBUG] [net.minecraftforge.fml.loading.moddiscovery.ModFileInfo/LOADING]: Found valid mod file fabric-blockrenderlayer-v1-1.1.41+1d0da21e77.jar with {fabric_blockrenderlayer_v1} mods - versions {1.1.41+1d0da21e77}
[24Jul2025 19:23:23.774] [main/DEBUG] [net.minecraftforge.fml.loading.moddiscovery.ModFileParser/LOADING]: Considering mod file candidate 
[24Jul2025 19:23:23.774] [main/DEBUG] [net.minecraftforge.fml.loading.moddiscovery.ModFileInfo/LOADING]: Found valid mod file fabric-client-tags-api-v1-1.1.2+5d6761b877.jar with {fabric_client_tags_api_v1} mods - versions {1.1.2+5d6761b877}
[24Jul2025 19:23:23.776] [main/DEBUG] [net.minecraftforge.fml.loading.moddiscovery.ModFileParser/LOADING]: Considering mod file candidate 
[24Jul2025 19:23:23.776] [main/DEBUG] [net.minecraftforge.fml.loading.moddiscovery.ModFileInfo/LOADING]: Found valid mod file fabric-command-api-v2-2.2.13+561530ec77.jar with {fabric_command_api_v2} mods - versions {2.2.13+561530ec77}
[24Jul2025 19:23:23.778] [main/DEBUG] [net.minecraftforge.fml.loading.moddiscovery.ModFileParser/LOADING]: Considering mod file candidate 
[24Jul2025 19:23:23.778] [main/DEBUG] [net.minecraftforge.fml.loading.moddiscovery.ModFileInfo/LOADING]: Found valid mod file fabric-content-registries-v0-4.0.11+a670df1e77.jar with {fabric_content_registries_v0} mods - versions {4.0.11+a670df1e77}
[24Jul2025 19:23:23.780] [main/DEBUG] [net.minecraftforge.fml.loading.moddiscovery.ModFileParser/LOADING]: Considering mod file candidate 
[24Jul2025 19:23:23.780] [main/DEBUG] [net.minecraftforge.fml.loading.moddiscovery.ModFileInfo/LOADING]: Found valid mod file fabric-convention-tags-v1-1.5.5+fa3d1c0177.jar with {fabric_convention_tags_v1} mods - versions {1.5.5+fa3d1c0177}
[24Jul2025 19:23:23.781] [main/DEBUG] [net.minecraftforge.fml.loading.moddiscovery.ModFileParser/LOADING]: Considering mod file candidate 
[24Jul2025 19:23:23.782] [main/DEBUG] [net.minecraftforge.fml.loading.moddiscovery.ModFileInfo/LOADING]: Found valid mod file fabric-data-attachment-api-v1-1.0.0+30ef839e77.jar with {fabric_data_attachment_api_v1} mods - versions {1.0.0+30ef839e77}
[24Jul2025 19:23:23.784] [main/DEBUG] [net.minecraftforge.fml.loading.moddiscovery.ModFileParser/LOADING]: Considering mod file candidate 
[24Jul2025 19:23:23.784] [main/DEBUG] [net.minecraftforge.fml.loading.moddiscovery.ModFileInfo/LOADING]: Found valid mod file fabric-data-generation-api-v1-12.3.4+369cb3a477.jar with {fabric_data_generation_api_v1} mods - versions {12.3.4+369cb3a477}
[24Jul2025 19:23:23.785] [main/DEBUG] [net.minecraftforge.fml.loading.moddiscovery.ModFileParser/LOADING]: Considering mod file candidate 
[24Jul2025 19:23:23.786] [main/DEBUG] [net.minecraftforge.fml.loading.moddiscovery.ModFileInfo/LOADING]: Found valid mod file fabric-dimensions-v1-2.1.54+8005d10d77.jar with {fabric_dimensions_v1} mods - versions {2.1.54+8005d10d77}
[24Jul2025 19:23:23.787] [main/DEBUG] [net.minecraftforge.fml.loading.moddiscovery.ModFileParser/LOADING]: Considering mod file candidate 
[24Jul2025 19:23:23.788] [main/DEBUG] [net.minecraftforge.fml.loading.moddiscovery.ModFileInfo/LOADING]: Found valid mod file fabric-entity-events-v1-1.6.0+4ca7515277.jar with {fabric_entity_events_v1} mods - versions {1.6.0+4ca7515277}
[24Jul2025 19:23:23.789] [main/DEBUG] [net.minecraftforge.fml.loading.moddiscovery.ModFileParser/LOADING]: Considering mod file candidate 
[24Jul2025 19:23:23.790] [main/DEBUG] [net.minecraftforge.fml.loading.moddiscovery.ModFileInfo/LOADING]: Found valid mod file fabric-events-interaction-v0-0.6.2+0d0bd5a777.jar with {fabric_events_interaction_v0} mods - versions {0.6.2+0d0bd5a777}
[24Jul2025 19:23:23.792] [main/DEBUG] [net.minecraftforge.fml.loading.moddiscovery.ModFileParser/LOADING]: Considering mod file candidate 
[24Jul2025 19:23:23.792] [main/DEBUG] [net.minecraftforge.fml.loading.moddiscovery.ModFileInfo/LOADING]: Found valid mod file fabric-game-rule-api-v1-1.0.40+683d4da877.jar with {fabric_game_rule_api_v1} mods - versions {1.0.40+683d4da877}
[24Jul2025 19:23:23.794] [main/DEBUG] [net.minecraftforge.fml.loading.moddiscovery.ModFileParser/LOADING]: Considering mod file candidate 
[24Jul2025 19:23:23.794] [main/DEBUG] [net.minecraftforge.fml.loading.moddiscovery.ModFileInfo/LOADING]: Found valid mod file fabric-item-api-v1-2.1.28+4d0bbcfa77.jar with {fabric_item_api_v1} mods - versions {2.1.28+4d0bbcfa77}
[24Jul2025 19:23:23.796] [main/DEBUG] [net.minecraftforge.fml.loading.moddiscovery.ModFileParser/LOADING]: Considering mod file candidate 
[24Jul2025 19:23:23.797] [main/DEBUG] [net.minecraftforge.fml.loading.moddiscovery.ModFileInfo/LOADING]: Found valid mod file fabric-item-group-api-v1-4.0.12+c9161c2d77.jar with {fabric_item_group_api_v1} mods - versions {4.0.12+c9161c2d77}
[24Jul2025 19:23:23.798] [main/DEBUG] [net.minecraftforge.fml.loading.moddiscovery.ModFileParser/LOADING]: Considering mod file candidate 
[24Jul2025 19:23:23.798] [main/DEBUG] [net.minecraftforge.fml.loading.moddiscovery.ModFileInfo/LOADING]: Found valid mod file fabric-key-binding-api-v1-1.0.37+561530ec77.jar with {fabric_key_binding_api_v1} mods - versions {1.0.37+561530ec77}
[24Jul2025 19:23:23.800] [main/DEBUG] [net.minecraftforge.fml.loading.moddiscovery.ModFileParser/LOADING]: Considering mod file candidate 
[24Jul2025 19:23:23.801] [main/DEBUG] [net.minecraftforge.fml.loading.moddiscovery.ModFileInfo/LOADING]: Found valid mod file fabric-lifecycle-events-v1-2.2.22+afab492177.jar with {fabric_lifecycle_events_v1} mods - versions {2.2.22+afab492177}
[24Jul2025 19:23:23.802] [main/DEBUG] [net.minecraftforge.fml.loading.moddiscovery.ModFileParser/LOADING]: Considering mod file candidate 
[24Jul2025 19:23:23.803] [main/DEBUG] [net.minecraftforge.fml.loading.moddiscovery.ModFileInfo/LOADING]: Found valid mod file fabric-loot-api-v2-1.2.1+eb28f93e77.jar with {fabric_loot_api_v2} mods - versions {1.2.1+eb28f93e77}
[24Jul2025 19:23:23.805] [main/DEBUG] [net.minecraftforge.fml.loading.moddiscovery.ModFileParser/LOADING]: Considering mod file candidate 
[24Jul2025 19:23:23.805] [main/DEBUG] [net.minecraftforge.fml.loading.moddiscovery.ModFileInfo/LOADING]: Found valid mod file fabric-message-api-v1-5.1.9+52cc178c77.jar with {fabric_message_api_v1} mods - versions {5.1.9+52cc178c77}
[24Jul2025 19:23:23.807] [main/DEBUG] [net.minecraftforge.fml.loading.moddiscovery.ModFileParser/LOADING]: Considering mod file candidate 
[24Jul2025 19:23:23.807] [main/DEBUG] [net.minecraftforge.fml.loading.moddiscovery.ModFileInfo/LOADING]: Found valid mod file fabric-mining-level-api-v1-2.1.50+561530ec77.jar with {fabric_mining_level_api_v1} mods - versions {2.1.50+561530ec77}
[24Jul2025 19:23:23.809] [main/DEBUG] [net.minecraftforge.fml.loading.moddiscovery.ModFileParser/LOADING]: Considering mod file candidate 
[24Jul2025 19:23:23.810] [main/DEBUG] [net.minecraftforge.fml.loading.moddiscovery.ModFileInfo/LOADING]: Found valid mod file fabric-model-loading-api-v1-1.0.3+6274ab9d77.jar with {fabric_model_loading_api_v1} mods - versions {1.0.3+6274ab9d77}
[24Jul2025 19:23:23.813] [main/DEBUG] [net.minecraftforge.fml.loading.moddiscovery.ModFileParser/LOADING]: Considering mod file candidate 
[24Jul2025 19:23:23.813] [main/DEBUG] [net.minecraftforge.fml.loading.moddiscovery.ModFileInfo/LOADING]: Found valid mod file fabric-networking-api-v1-1.3.11+503a202477.jar with {fabric_networking_api_v1} mods - versions {1.3.11+503a202477}
[24Jul2025 19:23:23.816] [main/DEBUG] [net.minecraftforge.fml.loading.moddiscovery.ModFileParser/LOADING]: Considering mod file candidate 
[24Jul2025 19:23:23.816] [main/DEBUG] [net.minecraftforge.fml.loading.moddiscovery.ModFileInfo/LOADING]: Found valid mod file fabric-object-builder-api-v1-11.1.3+4bd998fa77.jar with {fabric_object_builder_api_v1} mods - versions {11.1.3+4bd998fa77}
[24Jul2025 19:23:23.818] [main/DEBUG] [net.minecraftforge.fml.loading.moddiscovery.ModFileParser/LOADING]: Considering mod file candidate 
[24Jul2025 19:23:23.818] [main/DEBUG] [net.minecraftforge.fml.loading.moddiscovery.ModFileInfo/LOADING]: Found valid mod file fabric-particles-v1-1.1.2+78e1ecb877.jar with {fabric_particles_v1} mods - versions {1.1.2+78e1ecb877}
[24Jul2025 19:23:23.820] [main/DEBUG] [net.minecraftforge.fml.loading.moddiscovery.ModFileParser/LOADING]: Considering mod file candidate 
[24Jul2025 19:23:23.821] [main/DEBUG] [net.minecraftforge.fml.loading.moddiscovery.ModFileInfo/LOADING]: Found valid mod file fabric-recipe-api-v1-1.0.21+514a076577.jar with {fabric_recipe_api_v1} mods - versions {1.0.21+514a076577}
[24Jul2025 19:23:23.823] [main/DEBUG] [net.minecraftforge.fml.loading.moddiscovery.ModFileParser/LOADING]: Considering mod file candidate 
[24Jul2025 19:23:23.823] [main/DEBUG] [net.minecraftforge.fml.loading.moddiscovery.ModFileInfo/LOADING]: Found valid mod file fabric-registry-sync-v0-2.3.3+1c0ea72177.jar with {fabric_registry_sync_v0} mods - versions {2.3.3+1c0ea72177}
[24Jul2025 19:23:23.825] [main/DEBUG] [net.minecraftforge.fml.loading.moddiscovery.ModFileParser/LOADING]: Considering mod file candidate 
[24Jul2025 19:23:23.825] [main/DEBUG] [net.minecraftforge.fml.loading.moddiscovery.ModFileInfo/LOADING]: Found valid mod file fabric-renderer-api-v1-3.2.1+cf68abbe77.jar with {fabric_renderer_api_v1} mods - versions {3.2.1+cf68abbe77}
[24Jul2025 19:23:23.827] [main/DEBUG] [net.minecraftforge.fml.loading.moddiscovery.ModFileParser/LOADING]: Considering mod file candidate 
[24Jul2025 19:23:23.828] [main/DEBUG] [net.minecraftforge.fml.loading.moddiscovery.ModFileInfo/LOADING]: Found valid mod file fabric-renderer-indigo-1.5.2+b5b2da4177.jar with {fabric_renderer_indigo} mods - versions {1.5.2+b5b2da4177}
[24Jul2025 19:23:23.829] [main/DEBUG] [net.minecraftforge.fml.loading.moddiscovery.ModFileParser/LOADING]: Considering mod file candidate 
[24Jul2025 19:23:23.829] [main/DEBUG] [net.minecraftforge.fml.loading.moddiscovery.ModFileInfo/LOADING]: Found valid mod file fabric-rendering-fluids-v1-3.0.28+4ac5e37a77.jar with {fabric_rendering_fluids_v1} mods - versions {3.0.28+4ac5e37a77}
[24Jul2025 19:23:23.831] [main/DEBUG] [net.minecraftforge.fml.loading.moddiscovery.ModFileParser/LOADING]: Considering mod file candidate 
[24Jul2025 19:23:23.832] [main/DEBUG] [net.minecraftforge.fml.loading.moddiscovery.ModFileInfo/LOADING]: Found valid mod file fabric-rendering-v1-3.0.8+66e9a48f77.jar with {fabric_rendering_v1} mods - versions {3.0.8+66e9a48f77}
[24Jul2025 19:23:23.833] [main/DEBUG] [net.minecraftforge.fml.loading.moddiscovery.ModFileParser/LOADING]: Considering mod file candidate 
[24Jul2025 19:23:23.833] [main/DEBUG] [net.minecraftforge.fml.loading.moddiscovery.ModFileInfo/LOADING]: Found valid mod file fabric-resource-conditions-api-v1-2.3.8+9e342fc177.jar with {fabric_resource_conditions_api_v1} mods - versions {2.3.8+9e342fc177}
[24Jul2025 19:23:23.835] [main/DEBUG] [net.minecraftforge.fml.loading.moddiscovery.ModFileParser/LOADING]: Considering mod file candidate 
[24Jul2025 19:23:23.835] [main/DEBUG] [net.minecraftforge.fml.loading.moddiscovery.ModFileInfo/LOADING]: Found valid mod file fabric-resource-loader-v0-0.11.10+bcd08ed377.jar with {fabric_resource_loader_v0} mods - versions {0.11.10+bcd08ed377}
[24Jul2025 19:23:23.836] [main/DEBUG] [net.minecraftforge.fml.loading.moddiscovery.ModFileParser/LOADING]: Considering mod file candidate 
[24Jul2025 19:23:23.837] [main/DEBUG] [net.minecraftforge.fml.loading.moddiscovery.ModFileInfo/LOADING]: Found valid mod file fabric-screen-api-v1-2.0.8+45a670a577.jar with {fabric_screen_api_v1} mods - versions {2.0.8+45a670a577}
[24Jul2025 19:23:23.838] [main/DEBUG] [net.minecraftforge.fml.loading.moddiscovery.ModFileParser/LOADING]: Considering mod file candidate 
[24Jul2025 19:23:23.838] [main/DEBUG] [net.minecraftforge.fml.loading.moddiscovery.ModFileInfo/LOADING]: Found valid mod file fabric-screen-handler-api-v1-1.3.30+561530ec77.jar with {fabric_screen_handler_api_v1} mods - versions {1.3.30+561530ec77}
[24Jul2025 19:23:23.839] [main/DEBUG] [net.minecraftforge.fml.loading.moddiscovery.ModFileParser/LOADING]: Considering mod file candidate 
[24Jul2025 19:23:23.839] [main/DEBUG] [net.minecraftforge.fml.loading.moddiscovery.ModFileInfo/LOADING]: Found valid mod file fabric-sound-api-v1-1.0.13+4f23bd8477.jar with {fabric_sound_api_v1} mods - versions {1.0.13+4f23bd8477}
[24Jul2025 19:23:23.842] [main/DEBUG] [net.minecraftforge.fml.loading.moddiscovery.ModFileParser/LOADING]: Considering mod file candidate 
[24Jul2025 19:23:23.843] [main/DEBUG] [net.minecraftforge.fml.loading.moddiscovery.ModFileInfo/LOADING]: Found valid mod file fabric-transfer-api-v1-3.3.5+631c9cd677.jar with {fabric_transfer_api_v1} mods - versions {3.3.5+631c9cd677}
[24Jul2025 19:23:23.843] [main/DEBUG] [net.minecraftforge.fml.loading.moddiscovery.ModFileParser/LOADING]: Considering mod file candidate 
[24Jul2025 19:23:23.844] [main/DEBUG] [net.minecraftforge.fml.loading.moddiscovery.ModFileInfo/LOADING]: Found valid mod file fabric-transitive-access-wideners-v1-4.3.1+1880499877.jar with {fabric_transitive_access_wideners_v1} mods - versions {4.3.1+1880499877}
[24Jul2025 19:23:23.845] [main/DEBUG] [net.minecraftforge.fml.loading.moddiscovery.ModFileParser/LOADING]: Considering mod file candidate 
[24Jul2025 19:23:23.845] [main/DEBUG] [net.minecraftforge.fml.loading.moddiscovery.ModFileInfo/LOADING]: Found valid mod file fabric-command-api-v1-1.2.34+f71b366f77.jar with {fabric_command_api_v1} mods - versions {1.2.34+f71b366f77}
[24Jul2025 19:23:23.846] [main/DEBUG] [net.minecraftforge.fml.loading.moddiscovery.ModFileParser/LOADING]: Considering mod file candidate 
[24Jul2025 19:23:23.846] [main/DEBUG] [net.minecraftforge.fml.loading.moddiscovery.ModFileInfo/LOADING]: Found valid mod file fabric-models-v0-0.4.2+7c3892a477.jar with {fabric_models_v0} mods - versions {0.4.2+7c3892a477}
[24Jul2025 19:23:23.848] [main/DEBUG] [net.minecraftforge.fml.loading.moddiscovery.ModFileParser/LOADING]: Considering mod file candidate 
[24Jul2025 19:23:23.848] [main/DEBUG] [net.minecraftforge.fml.loading.moddiscovery.ModFileInfo/LOADING]: Found valid mod file fabric-rendering-data-attachment-v1-0.3.37+a6081afc77.jar with {fabric_rendering_data_attachment_v1} mods - versions {0.3.37+a6081afc77}
[24Jul2025 19:23:23.849] [main/DEBUG] [net.minecraftforge.fml.loading.moddiscovery.ModFileParser/LOADING]: Considering mod file candidate 
[24Jul2025 19:23:23.850] [main/DEBUG] [net.minecraftforge.fml.loading.moddiscovery.ModFileInfo/LOADING]: Found valid mod file kuma-api-forge-20.1.10+1.20.1.jar with {kuma_api} mods - versions {20.1.10}
[24Jul2025 19:23:23.850] [main/DEBUG] [net.minecraftforge.fml.loading.moddiscovery.AbstractJarFileDependencyLocator/]: Failed to load resource META-INF/jarjar/metadata.json from playeranimator-1.0.2-rc1+1.20-forge.jar, it does not contain dependency information.
[24Jul2025 19:23:23.850] [main/DEBUG] [net.minecraftforge.fml.loading.moddiscovery.AbstractJarFileDependencyLocator/]: Failed to load resource META-INF/jarjar/metadata.json from mclib-20.jar, it does not contain dependency information.
[24Jul2025 19:23:23.854] [main/DEBUG] [net.minecraftforge.fml.loading.moddiscovery.AbstractJarFileDependencyLocator/]: Failed to load resource META-INF/jarjar/metadata.json from runtime-1.0.0+1.20.1.jar, it does not contain dependency information.
[24Jul2025 19:23:23.854] [main/DEBUG] [net.minecraftforge.fml.loading.moddiscovery.AbstractJarFileDependencyLocator/]: Failed to load resource META-INF/jarjar/metadata.json from Connector-1.0.0-beta.46+1.20.1-fabricloader.jar, it does not contain dependency information.
[24Jul2025 19:23:23.854] [main/DEBUG] [net.minecraftforge.fml.loading.moddiscovery.AbstractJarFileDependencyLocator/]: Failed to load resource META-INF/jarjar/metadata.json from java-client-3.0.6-SNAPSHOT.jar, it does not contain dependency information.
[24Jul2025 19:23:23.858] [main/DEBUG] [net.minecraftforge.fml.loading.moddiscovery.AbstractJarFileDependencyLocator/]: Failed to load resource META-INF/jarjar/metadata.json from fabric-loader-2.6.0+0.15.0+1.20.1-full.jar, it does not contain dependency information.
[24Jul2025 19:23:23.862] [main/DEBUG] [net.minecraftforge.fml.loading.moddiscovery.AbstractJarFileDependencyLocator/]: Failed to load resource META-INF/jarjar/metadata.json from fabric-api-base-0.4.31+ef105b4977.jar, it does not contain dependency information.
[24Jul2025 19:23:23.862] [main/DEBUG] [net.minecraftforge.fml.loading.moddiscovery.AbstractJarFileDependencyLocator/]: Failed to load resource META-INF/jarjar/metadata.json from fabric-api-lookup-api-v1-1.6.36+67f9824077.jar, it does not contain dependency information.
[24Jul2025 19:23:23.862] [main/DEBUG] [net.minecraftforge.fml.loading.moddiscovery.AbstractJarFileDependencyLocator/]: Failed to load resource META-INF/jarjar/metadata.json from fabric-biome-api-v1-13.0.13+dc36698e77.jar, it does not contain dependency information.
[24Jul2025 19:23:23.862] [main/DEBUG] [net.minecraftforge.fml.loading.moddiscovery.AbstractJarFileDependencyLocator/]: Failed to load resource META-INF/jarjar/metadata.json from fabric-block-api-v1-1.0.11+0e6cb7f777.jar, it does not contain dependency information.
[24Jul2025 19:23:23.862] [main/DEBUG] [net.minecraftforge.fml.loading.moddiscovery.AbstractJarFileDependencyLocator/]: Failed to load resource META-INF/jarjar/metadata.json from fabric-block-view-api-v2-1.0.1+0767707077.jar, it does not contain dependency information.
[24Jul2025 19:23:23.862] [main/DEBUG] [net.minecraftforge.fml.loading.moddiscovery.AbstractJarFileDependencyLocator/]: Failed to load resource META-INF/jarjar/metadata.json from fabric-blockrenderlayer-v1-1.1.41+1d0da21e77.jar, it does not contain dependency information.
[24Jul2025 19:23:23.862] [main/DEBUG] [net.minecraftforge.fml.loading.moddiscovery.AbstractJarFileDependencyLocator/]: Failed to load resource META-INF/jarjar/metadata.json from fabric-client-tags-api-v1-1.1.2+5d6761b877.jar, it does not contain dependency information.
[24Jul2025 19:23:23.862] [main/DEBUG] [net.minecraftforge.fml.loading.moddiscovery.AbstractJarFileDependencyLocator/]: Failed to load resource META-INF/jarjar/metadata.json from fabric-command-api-v2-2.2.13+561530ec77.jar, it does not contain dependency information.
[24Jul2025 19:23:23.863] [main/DEBUG] [net.minecraftforge.fml.loading.moddiscovery.AbstractJarFileDependencyLocator/]: Failed to load resource META-INF/jarjar/metadata.json from fabric-content-registries-v0-4.0.11+a670df1e77.jar, it does not contain dependency information.
[24Jul2025 19:23:23.863] [main/DEBUG] [net.minecraftforge.fml.loading.moddiscovery.AbstractJarFileDependencyLocator/]: Failed to load resource META-INF/jarjar/metadata.json from fabric-convention-tags-v1-1.5.5+fa3d1c0177.jar, it does not contain dependency information.
[24Jul2025 19:23:23.863] [main/DEBUG] [net.minecraftforge.fml.loading.moddiscovery.AbstractJarFileDependencyLocator/]: Failed to load resource META-INF/jarjar/metadata.json from fabric-data-attachment-api-v1-1.0.0+30ef839e77.jar, it does not contain dependency information.
[24Jul2025 19:23:23.863] [main/DEBUG] [net.minecraftforge.fml.loading.moddiscovery.AbstractJarFileDependencyLocator/]: Failed to load resource META-INF/jarjar/metadata.json from fabric-data-generation-api-v1-12.3.4+369cb3a477.jar, it does not contain dependency information.
[24Jul2025 19:23:23.863] [main/DEBUG] [net.minecraftforge.fml.loading.moddiscovery.AbstractJarFileDependencyLocator/]: Failed to load resource META-INF/jarjar/metadata.json from fabric-dimensions-v1-2.1.54+8005d10d77.jar, it does not contain dependency information.
[24Jul2025 19:23:23.863] [main/DEBUG] [net.minecraftforge.fml.loading.moddiscovery.AbstractJarFileDependencyLocator/]: Failed to load resource META-INF/jarjar/metadata.json from fabric-entity-events-v1-1.6.0+4ca7515277.jar, it does not contain dependency information.
[24Jul2025 19:23:23.863] [main/DEBUG] [net.minecraftforge.fml.loading.moddiscovery.AbstractJarFileDependencyLocator/]: Failed to load resource META-INF/jarjar/metadata.json from fabric-events-interaction-v0-0.6.2+0d0bd5a777.jar, it does not contain dependency information.
[24Jul2025 19:23:23.864] [main/DEBUG] [net.minecraftforge.fml.loading.moddiscovery.AbstractJarFileDependencyLocator/]: Failed to load resource META-INF/jarjar/metadata.json from fabric-game-rule-api-v1-1.0.40+683d4da877.jar, it does not contain dependency information.
[24Jul2025 19:23:23.864] [main/DEBUG] [net.minecraftforge.fml.loading.moddiscovery.AbstractJarFileDependencyLocator/]: Failed to load resource META-INF/jarjar/metadata.json from fabric-item-api-v1-2.1.28+4d0bbcfa77.jar, it does not contain dependency information.
[24Jul2025 19:23:23.864] [main/DEBUG] [net.minecraftforge.fml.loading.moddiscovery.AbstractJarFileDependencyLocator/]: Failed to load resource META-INF/jarjar/metadata.json from fabric-item-group-api-v1-4.0.12+c9161c2d77.jar, it does not contain dependency information.
[24Jul2025 19:23:23.864] [main/DEBUG] [net.minecraftforge.fml.loading.moddiscovery.AbstractJarFileDependencyLocator/]: Failed to load resource META-INF/jarjar/metadata.json from fabric-key-binding-api-v1-1.0.37+561530ec77.jar, it does not contain dependency information.
[24Jul2025 19:23:23.864] [main/DEBUG] [net.minecraftforge.fml.loading.moddiscovery.AbstractJarFileDependencyLocator/]: Failed to load resource META-INF/jarjar/metadata.json from fabric-lifecycle-events-v1-2.2.22+afab492177.jar, it does not contain dependency information.
[24Jul2025 19:23:23.864] [main/DEBUG] [net.minecraftforge.fml.loading.moddiscovery.AbstractJarFileDependencyLocator/]: Failed to load resource META-INF/jarjar/metadata.json from fabric-loot-api-v2-1.2.1+eb28f93e77.jar, it does not contain dependency information.
[24Jul2025 19:23:23.864] [main/DEBUG] [net.minecraftforge.fml.loading.moddiscovery.AbstractJarFileDependencyLocator/]: Failed to load resource META-INF/jarjar/metadata.json from fabric-message-api-v1-5.1.9+52cc178c77.jar, it does not contain dependency information.
[24Jul2025 19:23:23.865] [main/DEBUG] [net.minecraftforge.fml.loading.moddiscovery.AbstractJarFileDependencyLocator/]: Failed to load resource META-INF/jarjar/metadata.json from fabric-mining-level-api-v1-2.1.50+561530ec77.jar, it does not contain dependency information.
[24Jul2025 19:23:23.865] [main/DEBUG] [net.minecraftforge.fml.loading.moddiscovery.AbstractJarFileDependencyLocator/]: Failed to load resource META-INF/jarjar/metadata.json from fabric-model-loading-api-v1-1.0.3+6274ab9d77.jar, it does not contain dependency information.
[24Jul2025 19:23:23.865] [main/DEBUG] [net.minecraftforge.fml.loading.moddiscovery.AbstractJarFileDependencyLocator/]: Failed to load resource META-INF/jarjar/metadata.json from fabric-networking-api-v1-1.3.11+503a202477.jar, it does not contain dependency information.
[24Jul2025 19:23:23.865] [main/DEBUG] [net.minecraftforge.fml.loading.moddiscovery.AbstractJarFileDependencyLocator/]: Failed to load resource META-INF/jarjar/metadata.json from fabric-object-builder-api-v1-11.1.3+4bd998fa77.jar, it does not contain dependency information.
[24Jul2025 19:23:23.865] [main/DEBUG] [net.minecraftforge.fml.loading.moddiscovery.AbstractJarFileDependencyLocator/]: Failed to load resource META-INF/jarjar/metadata.json from fabric-particles-v1-1.1.2+78e1ecb877.jar, it does not contain dependency information.
[24Jul2025 19:23:23.865] [main/DEBUG] [net.minecraftforge.fml.loading.moddiscovery.AbstractJarFileDependencyLocator/]: Failed to load resource META-INF/jarjar/metadata.json from fabric-recipe-api-v1-1.0.21+514a076577.jar, it does not contain dependency information.
[24Jul2025 19:23:23.865] [main/DEBUG] [net.minecraftforge.fml.loading.moddiscovery.AbstractJarFileDependencyLocator/]: Failed to load resource META-INF/jarjar/metadata.json from fabric-registry-sync-v0-2.3.3+1c0ea72177.jar, it does not contain dependency information.
[24Jul2025 19:23:23.865] [main/DEBUG] [net.minecraftforge.fml.loading.moddiscovery.AbstractJarFileDependencyLocator/]: Failed to load resource META-INF/jarjar/metadata.json from fabric-renderer-api-v1-3.2.1+cf68abbe77.jar, it does not contain dependency information.
[24Jul2025 19:23:23.866] [main/DEBUG] [net.minecraftforge.fml.loading.moddiscovery.AbstractJarFileDependencyLocator/]: Failed to load resource META-INF/jarjar/metadata.json from fabric-renderer-indigo-1.5.2+b5b2da4177.jar, it does not contain dependency information.
[24Jul2025 19:23:23.866] [main/DEBUG] [net.minecraftforge.fml.loading.moddiscovery.AbstractJarFileDependencyLocator/]: Failed to load resource META-INF/jarjar/metadata.json from fabric-rendering-fluids-v1-3.0.28+4ac5e37a77.jar, it does not contain dependency information.
[24Jul2025 19:23:23.866] [main/DEBUG] [net.minecraftforge.fml.loading.moddiscovery.AbstractJarFileDependencyLocator/]: Failed to load resource META-INF/jarjar/metadata.json from fabric-rendering-v1-3.0.8+66e9a48f77.jar, it does not contain dependency information.
[24Jul2025 19:23:23.866] [main/DEBUG] [net.minecraftforge.fml.loading.moddiscovery.AbstractJarFileDependencyLocator/]: Failed to load resource META-INF/jarjar/metadata.json from fabric-resource-conditions-api-v1-2.3.8+9e342fc177.jar, it does not contain dependency information.
[24Jul2025 19:23:23.866] [main/DEBUG] [net.minecraftforge.fml.loading.moddiscovery.AbstractJarFileDependencyLocator/]: Failed to load resource META-INF/jarjar/metadata.json from fabric-resource-loader-v0-0.11.10+bcd08ed377.jar, it does not contain dependency information.
[24Jul2025 19:23:23.866] [main/DEBUG] [net.minecraftforge.fml.loading.moddiscovery.AbstractJarFileDependencyLocator/]: Failed to load resource META-INF/jarjar/metadata.json from fabric-screen-api-v1-2.0.8+45a670a577.jar, it does not contain dependency information.
[24Jul2025 19:23:23.866] [main/DEBUG] [net.minecraftforge.fml.loading.moddiscovery.AbstractJarFileDependencyLocator/]: Failed to load resource META-INF/jarjar/metadata.json from fabric-screen-handler-api-v1-1.3.30+561530ec77.jar, it does not contain dependency information.
[24Jul2025 19:23:23.866] [main/DEBUG] [net.minecraftforge.fml.loading.moddiscovery.AbstractJarFileDependencyLocator/]: Failed to load resource META-INF/jarjar/metadata.json from fabric-sound-api-v1-1.0.13+4f23bd8477.jar, it does not contain dependency information.
[24Jul2025 19:23:23.867] [main/DEBUG] [net.minecraftforge.fml.loading.moddiscovery.AbstractJarFileDependencyLocator/]: Failed to load resource META-INF/jarjar/metadata.json from fabric-transfer-api-v1-3.3.5+631c9cd677.jar, it does not contain dependency information.
[24Jul2025 19:23:23.867] [main/DEBUG] [net.minecraftforge.fml.loading.moddiscovery.AbstractJarFileDependencyLocator/]: Failed to load resource META-INF/jarjar/metadata.json from fabric-transitive-access-wideners-v1-4.3.1+1880499877.jar, it does not contain dependency information.
[24Jul2025 19:23:23.867] [main/DEBUG] [net.minecraftforge.fml.loading.moddiscovery.AbstractJarFileDependencyLocator/]: Failed to load resource META-INF/jarjar/metadata.json from fabric-command-api-v1-1.2.34+f71b366f77.jar, it does not contain dependency information.
[24Jul2025 19:23:23.867] [main/DEBUG] [net.minecraftforge.fml.loading.moddiscovery.AbstractJarFileDependencyLocator/]: Failed to load resource META-INF/jarjar/metadata.json from fabric-models-v0-0.4.2+7c3892a477.jar, it does not contain dependency information.
[24Jul2025 19:23:23.867] [main/DEBUG] [net.minecraftforge.fml.loading.moddiscovery.AbstractJarFileDependencyLocator/]: Failed to load resource META-INF/jarjar/metadata.json from fabric-rendering-data-attachment-v1-0.3.37+a6081afc77.jar, it does not contain dependency information.
[24Jul2025 19:23:23.867] [main/DEBUG] [net.minecraftforge.fml.loading.moddiscovery.AbstractJarFileDependencyLocator/]: Failed to load resource META-INF/jarjar/metadata.json from kuma-api-forge-20.1.10+1.20.1.jar, it does not contain dependency information.
[24Jul2025 19:23:23.867] [main/DEBUG] [net.minecraftforge.fml.loading.moddiscovery.AbstractJarFileDependencyLocator/]: Failed to load resource META-INF/jarjar/metadata.json from MixinExtras-0.3.2.jar, it does not contain dependency information.
[24Jul2025 19:23:23.867] [main/DEBUG] [net.minecraftforge.fml.loading.moddiscovery.AbstractJarFileDependencyLocator/]: Failed to load resource META-INF/jarjar/metadata.json from MixinExtras-0.3.6.jar, it does not contain dependency information.
[24Jul2025 19:23:23.868] [main/DEBUG] [net.minecraftforge.fml.loading.moddiscovery.AbstractJarFileDependencyLocator/]: Failed to load resource META-INF/jarjar/metadata.json from MixinExtras-0.3.5.jar, it does not contain dependency information.
[24Jul2025 19:23:23.889] [main/DEBUG] [net.minecraftforge.fml.loading.moddiscovery.ModFileParser/LOADING]: Considering mod file candidate 
[24Jul2025 19:23:23.890] [main/DEBUG] [net.minecraftforge.fml.loading.moddiscovery.ModFileInfo/LOADING]: Found valid mod file fabric-api-lookup-api-v1-1.6.36+67f9824077.jar with {fabric_api_lookup_api_v1} mods - versions {1.6.36+67f9824077}
[24Jul2025 19:23:23.891] [main/DEBUG] [net.minecraftforge.fml.loading.moddiscovery.ModFileParser/LOADING]: Considering mod file candidate 
[24Jul2025 19:23:23.891] [main/DEBUG] [net.minecraftforge.fml.loading.moddiscovery.ModFileInfo/LOADING]: Found valid mod file fabric-command-api-v2-2.2.13+561530ec77.jar with {fabric_command_api_v2} mods - versions {2.2.13+561530ec77}
[24Jul2025 19:23:23.892] [main/DEBUG] [net.minecraftforge.fml.loading.moddiscovery.ModFileParser/LOADING]: Considering mod file candidate 
[24Jul2025 19:23:23.893] [main/DEBUG] [net.minecraftforge.fml.loading.moddiscovery.ModFileInfo/LOADING]: Found valid mod file fabric-rendering-data-attachment-v1-0.3.37+a6081afc77.jar with {fabric_rendering_data_attachment_v1} mods - versions {0.3.37+a6081afc77}
[24Jul2025 19:23:23.893] [main/DEBUG] [net.minecraftforge.fml.loading.moddiscovery.ModFileParser/LOADING]: Considering mod file candidate 
[24Jul2025 19:23:23.894] [main/DEBUG] [net.minecraftforge.fml.loading.moddiscovery.ModFileInfo/LOADING]: Found valid mod file fabric-recipe-api-v1-1.0.21+514a076577.jar with {fabric_recipe_api_v1} mods - versions {1.0.21+514a076577}
[24Jul2025 19:23:23.897] [main/DEBUG] [net.minecraftforge.fml.loading.moddiscovery.ModFileParser/LOADING]: Considering mod file candidate 
[24Jul2025 19:23:23.898] [main/DEBUG] [net.minecraftforge.fml.loading.moddiscovery.ModFileInfo/LOADING]: Found valid mod file fabric-resource-conditions-api-v1-2.3.8+9e342fc177.jar with {fabric_resource_conditions_api_v1} mods - versions {2.3.8+9e342fc177}
[24Jul2025 19:23:23.899] [main/DEBUG] [net.minecraftforge.fml.loading.moddiscovery.ModFileParser/LOADING]: Considering mod file candidate 
[24Jul2025 19:23:23.899] [main/DEBUG] [net.minecraftforge.fml.loading.moddiscovery.ModFileInfo/LOADING]: Found valid mod file fabric-data-generation-api-v1-12.3.4+369cb3a477.jar with {fabric_data_generation_api_v1} mods - versions {12.3.4+369cb3a477}
[24Jul2025 19:23:23.900] [main/DEBUG] [net.minecraftforge.fml.loading.moddiscovery.ModFileParser/LOADING]: Considering mod file candidate 
[24Jul2025 19:23:23.901] [main/DEBUG] [net.minecraftforge.fml.loading.moddiscovery.ModFileInfo/LOADING]: Found valid mod file fabric-content-registries-v0-4.0.11+a670df1e77.jar with {fabric_content_registries_v0} mods - versions {4.0.11+a670df1e77}
[24Jul2025 19:23:23.903] [main/DEBUG] [net.minecraftforge.fml.loading.moddiscovery.ModFileParser/LOADING]: Considering mod file candidate 
[24Jul2025 19:23:23.903] [main/DEBUG] [net.minecraftforge.fml.loading.moddiscovery.ModFileInfo/LOADING]: Found valid mod file kuma-api-forge-20.1.10+1.20.1.jar with {kuma_api} mods - versions {20.1.10}
[24Jul2025 19:23:23.904] [main/DEBUG] [net.minecraftforge.fml.loading.moddiscovery.ModFileParser/LOADING]: Considering mod file candidate 
[24Jul2025 19:23:23.904] [main/DEBUG] [net.minecraftforge.fml.loading.moddiscovery.ModFileInfo/LOADING]: Found valid mod file fabric-model-loading-api-v1-1.0.3+6274ab9d77.jar with {fabric_model_loading_api_v1} mods - versions {1.0.3+6274ab9d77}
[24Jul2025 19:23:23.905] [main/DEBUG] [net.minecraftforge.fml.loading.moddiscovery.ModFileParser/LOADING]: Considering mod file candidate 
[24Jul2025 19:23:23.906] [main/DEBUG] [net.minecraftforge.fml.loading.moddiscovery.ModFileInfo/LOADING]: Found valid mod file fabric-blockrenderlayer-v1-1.1.41+1d0da21e77.jar with {fabric_blockrenderlayer_v1} mods - versions {1.1.41+1d0da21e77}
[24Jul2025 19:23:23.907] [main/DEBUG] [net.minecraftforge.fml.loading.moddiscovery.ModFileParser/LOADING]: Considering mod file candidate 
[24Jul2025 19:23:23.907] [main/DEBUG] [net.minecraftforge.fml.loading.moddiscovery.ModFileInfo/LOADING]: Found valid mod file fabric-command-api-v1-1.2.34+f71b366f77.jar with {fabric_command_api_v1} mods - versions {1.2.34+f71b366f77}
[24Jul2025 19:23:23.909] [main/DEBUG] [net.minecraftforge.fml.loading.moddiscovery.ModFileParser/LOADING]: Considering mod file candidate 
[24Jul2025 19:23:23.910] [main/DEBUG] [net.minecraftforge.fml.loading.moddiscovery.ModFileInfo/LOADING]: Found valid mod file playeranimator-1.0.2-rc1+1.20-forge.jar with {playeranimator} mods - versions {1.0.2-rc1+1.20}
[24Jul2025 19:23:23.912] [main/DEBUG] [net.minecraftforge.fml.loading.moddiscovery.ModFileParser/LOADING]: Considering mod file candidate 
[24Jul2025 19:23:23.913] [main/DEBUG] [net.minecraftforge.fml.loading.moddiscovery.ModFileInfo/LOADING]: Found valid mod file fabric-networking-api-v1-1.3.11+503a202477.jar with {fabric_networking_api_v1} mods - versions {1.3.11+503a202477}
[24Jul2025 19:23:23.914] [main/DEBUG] [net.minecraftforge.fml.loading.moddiscovery.ModFileParser/LOADING]: Considering mod file candidate 
[24Jul2025 19:23:23.914] [main/DEBUG] [net.minecraftforge.fml.loading.moddiscovery.ModFileInfo/LOADING]: Found valid mod file fabric-sound-api-v1-1.0.13+4f23bd8477.jar with {fabric_sound_api_v1} mods - versions {1.0.13+4f23bd8477}
[24Jul2025 19:23:23.915] [main/DEBUG] [net.minecraftforge.fml.loading.moddiscovery.ModFileParser/LOADING]: Considering mod file candidate 
[24Jul2025 19:23:23.915] [main/DEBUG] [net.minecraftforge.fml.loading.moddiscovery.ModFileInfo/LOADING]: Found valid mod file fabric-dimensions-v1-2.1.54+8005d10d77.jar with {fabric_dimensions_v1} mods - versions {2.1.54+8005d10d77}
[24Jul2025 19:23:23.916] [main/DEBUG] [net.minecraftforge.fml.loading.moddiscovery.ModFileParser/LOADING]: Considering mod file candidate 
[24Jul2025 19:23:23.917] [main/DEBUG] [net.minecraftforge.fml.loading.moddiscovery.ModFileInfo/LOADING]: Found valid mod file fabric-screen-handler-api-v1-1.3.30+561530ec77.jar with {fabric_screen_handler_api_v1} mods - versions {1.3.30+561530ec77}
[24Jul2025 19:23:23.918] [main/DEBUG] [net.minecraftforge.fml.loading.moddiscovery.ModFileParser/LOADING]: Considering mod file candidate 
[24Jul2025 19:23:23.918] [main/DEBUG] [net.minecraftforge.fml.loading.moddiscovery.ModFileInfo/LOADING]: Found valid mod file fabric-data-attachment-api-v1-1.0.0+30ef839e77.jar with {fabric_data_attachment_api_v1} mods - versions {1.0.0+30ef839e77}
[24Jul2025 19:23:23.919] [main/DEBUG] [net.minecraftforge.fml.loading.moddiscovery.ModFileParser/LOADING]: Considering mod file candidate 
[24Jul2025 19:23:23.920] [main/DEBUG] [net.minecraftforge.fml.loading.moddiscovery.ModFileInfo/LOADING]: Found valid mod file mixinextras-forge-0.3.6.jar with {mixinextras} mods - versions {0.3.6}
[24Jul2025 19:23:23.920] [main/DEBUG] [net.minecraftforge.fml.loading.moddiscovery.ModFileParser/LOADING]: Considering mod file candidate 
[24Jul2025 19:23:23.921] [main/DEBUG] [net.minecraftforge.fml.loading.moddiscovery.ModFileInfo/LOADING]: Found valid mod file fabric-block-api-v1-1.0.11+0e6cb7f777.jar with {fabric_block_api_v1} mods - versions {1.0.11+0e6cb7f777}
[24Jul2025 19:23:23.922] [main/DEBUG] [net.minecraftforge.fml.loading.moddiscovery.ModFileParser/LOADING]: Considering mod file candidate 
[24Jul2025 19:23:23.922] [main/DEBUG] [net.minecraftforge.fml.loading.moddiscovery.ModFileInfo/LOADING]: Found valid mod file fabric-item-group-api-v1-4.0.12+c9161c2d77.jar with {fabric_item_group_api_v1} mods - versions {4.0.12+c9161c2d77}
[24Jul2025 19:23:23.925] [main/DEBUG] [net.minecraftforge.fml.loading.moddiscovery.ModFileParser/LOADING]: Considering mod file candidate 
[24Jul2025 19:23:23.925] [main/DEBUG] [net.minecraftforge.fml.loading.moddiscovery.ModFileInfo/LOADING]: Found valid mod file fabric-transfer-api-v1-3.3.5+631c9cd677.jar with {fabric_transfer_api_v1} mods - versions {3.3.5+631c9cd677}
[24Jul2025 19:23:23.927] [main/DEBUG] [net.minecraftforge.fml.loading.moddiscovery.ModFileParser/LOADING]: Considering mod file candidate 
[24Jul2025 19:23:23.927] [main/DEBUG] [net.minecraftforge.fml.loading.moddiscovery.ModFileInfo/LOADING]: Found valid mod file fabric-lifecycle-events-v1-2.2.22+afab492177.jar with {fabric_lifecycle_events_v1} mods - versions {2.2.22+afab492177}
[24Jul2025 19:23:23.928] [main/DEBUG] [net.minecraftforge.fml.loading.moddiscovery.ModFileParser/LOADING]: Considering mod file candidate 
[24Jul2025 19:23:23.929] [main/DEBUG] [net.minecraftforge.fml.loading.moddiscovery.ModFileInfo/LOADING]: Found valid mod file fabric-item-api-v1-2.1.28+4d0bbcfa77.jar with {fabric_item_api_v1} mods - versions {2.1.28+4d0bbcfa77}
[24Jul2025 19:23:23.930] [main/DEBUG] [net.minecraftforge.fml.loading.moddiscovery.ModFileParser/LOADING]: Considering mod file candidate 
[24Jul2025 19:23:23.930] [main/DEBUG] [net.minecraftforge.fml.loading.moddiscovery.ModFileInfo/LOADING]: Found valid mod file fabric-resource-loader-v0-0.11.10+bcd08ed377.jar with {fabric_resource_loader_v0} mods - versions {0.11.10+bcd08ed377}
[24Jul2025 19:23:23.931] [main/DEBUG] [net.minecraftforge.fml.loading.moddiscovery.ModFileParser/LOADING]: Considering mod file candidate 
[24Jul2025 19:23:23.932] [main/DEBUG] [net.minecraftforge.fml.loading.moddiscovery.ModFileInfo/LOADING]: Found valid mod file fabric-rendering-fluids-v1-3.0.28+4ac5e37a77.jar with {fabric_rendering_fluids_v1} mods - versions {3.0.28+4ac5e37a77}
[24Jul2025 19:23:23.933] [main/DEBUG] [net.minecraftforge.fml.loading.moddiscovery.ModFileParser/LOADING]: Considering mod file candidate 
[24Jul2025 19:23:23.934] [main/DEBUG] [net.minecraftforge.fml.loading.moddiscovery.ModFileInfo/LOADING]: Found valid mod file fabric-rendering-v1-3.0.8+66e9a48f77.jar with {fabric_rendering_v1} mods - versions {3.0.8+66e9a48f77}
[24Jul2025 19:23:23.936] [main/DEBUG] [net.minecraftforge.fml.loading.moddiscovery.ModFileParser/LOADING]: Considering mod file candidate 
[24Jul2025 19:23:23.937] [main/DEBUG] [net.minecraftforge.fml.loading.moddiscovery.ModFileInfo/LOADING]: Found valid mod file fabric-registry-sync-v0-2.3.3+1c0ea72177.jar with {fabric_registry_sync_v0} mods - versions {2.3.3+1c0ea72177}
[24Jul2025 19:23:23.937] [main/DEBUG] [net.minecraftforge.fml.loading.moddiscovery.ModFileParser/LOADING]: Considering mod file candidate 
[24Jul2025 19:23:23.938] [main/DEBUG] [net.minecraftforge.fml.loading.moddiscovery.ModFileInfo/LOADING]: Found valid mod file fabric-client-tags-api-v1-1.1.2+5d6761b877.jar with {fabric_client_tags_api_v1} mods - versions {1.1.2+5d6761b877}
[24Jul2025 19:23:23.939] [main/DEBUG] [net.minecraftforge.fml.loading.moddiscovery.ModFileParser/LOADING]: Considering mod file candidate 
[24Jul2025 19:23:23.939] [main/DEBUG] [net.minecraftforge.fml.loading.moddiscovery.ModFileInfo/LOADING]: Found valid mod file fabric-screen-api-v1-2.0.8+45a670a577.jar with {fabric_screen_api_v1} mods - versions {2.0.8+45a670a577}
[24Jul2025 19:23:23.940] [main/DEBUG] [net.minecraftforge.fml.loading.moddiscovery.ModFileParser/LOADING]: Considering mod file candidate 
[24Jul2025 19:23:23.940] [main/DEBUG] [net.minecraftforge.fml.loading.moddiscovery.ModFileInfo/LOADING]: Found valid mod file fabric-transitive-access-wideners-v1-4.3.1+1880499877.jar with {fabric_transitive_access_wideners_v1} mods - versions {4.3.1+1880499877}
[24Jul2025 19:23:23.941] [main/DEBUG] [net.minecraftforge.fml.loading.moddiscovery.ModFileParser/LOADING]: Considering mod file candidate 
[24Jul2025 19:23:23.941] [main/DEBUG] [net.minecraftforge.fml.loading.moddiscovery.ModFileInfo/LOADING]: Found valid mod file fabric-renderer-api-v1-3.2.1+cf68abbe77.jar with {fabric_renderer_api_v1} mods - versions {3.2.1+cf68abbe77}
[24Jul2025 19:23:23.942] [main/DEBUG] [net.minecraftforge.fml.loading.moddiscovery.ModFileParser/LOADING]: Considering mod file candidate 
[24Jul2025 19:23:23.942] [main/DEBUG] [net.minecraftforge.fml.loading.moddiscovery.ModFileInfo/LOADING]: Found valid mod file fabric-block-view-api-v2-1.0.1+0767707077.jar with {fabric_block_view_api_v2} mods - versions {1.0.1+0767707077}
[24Jul2025 19:23:23.944] [main/DEBUG] [net.minecraftforge.fml.loading.moddiscovery.ModFileParser/LOADING]: Considering mod file candidate 
[24Jul2025 19:23:23.944] [main/DEBUG] [net.minecraftforge.fml.loading.moddiscovery.ModFileInfo/LOADING]: Found valid mod file fabric-renderer-indigo-1.5.2+b5b2da4177.jar with {fabric_renderer_indigo} mods - versions {1.5.2+b5b2da4177}
[24Jul2025 19:23:23.946] [main/DEBUG] [net.minecraftforge.fml.loading.moddiscovery.ModFileParser/LOADING]: Considering mod file candidate 
[24Jul2025 19:23:23.946] [main/DEBUG] [net.minecraftforge.fml.loading.moddiscovery.ModFileInfo/LOADING]: Found valid mod file fabric-game-rule-api-v1-1.0.40+683d4da877.jar with {fabric_game_rule_api_v1} mods - versions {1.0.40+683d4da877}
[24Jul2025 19:23:23.947] [main/DEBUG] [net.minecraftforge.fml.loading.moddiscovery.ModFileParser/LOADING]: Considering mod file candidate 
[24Jul2025 19:23:23.947] [main/DEBUG] [net.minecraftforge.fml.loading.moddiscovery.ModFileInfo/LOADING]: Found valid mod file fabric-convention-tags-v1-1.5.5+fa3d1c0177.jar with {fabric_convention_tags_v1} mods - versions {1.5.5+fa3d1c0177}
[24Jul2025 19:23:23.948] [main/DEBUG] [net.minecraftforge.fml.loading.moddiscovery.ModFileParser/LOADING]: Considering mod file candidate 
[24Jul2025 19:23:23.949] [main/DEBUG] [net.minecraftforge.fml.loading.moddiscovery.ModFileInfo/LOADING]: Found valid mod file fabric-mining-level-api-v1-2.1.50+561530ec77.jar with {fabric_mining_level_api_v1} mods - versions {2.1.50+561530ec77}
[24Jul2025 19:23:23.950] [main/DEBUG] [net.minecraftforge.fml.loading.moddiscovery.ModFileParser/LOADING]: Considering mod file candidate 
[24Jul2025 19:23:23.950] [main/DEBUG] [net.minecraftforge.fml.loading.moddiscovery.ModFileInfo/LOADING]: Found valid mod file fabric-object-builder-api-v1-11.1.3+4bd998fa77.jar with {fabric_object_builder_api_v1} mods - versions {11.1.3+4bd998fa77}
[24Jul2025 19:23:23.951] [main/DEBUG] [net.minecraftforge.fml.loading.moddiscovery.ModFileParser/LOADING]: Considering mod file candidate 
[24Jul2025 19:23:23.951] [main/DEBUG] [net.minecraftforge.fml.loading.moddiscovery.ModFileInfo/LOADING]: Found valid mod file fabric-particles-v1-1.1.2+78e1ecb877.jar with {fabric_particles_v1} mods - versions {1.1.2+78e1ecb877}
[24Jul2025 19:23:23.953] [main/DEBUG] [net.minecraftforge.fml.loading.moddiscovery.ModFileParser/LOADING]: Considering mod file candidate 
[24Jul2025 19:23:23.954] [main/DEBUG] [net.minecraftforge.fml.loading.moddiscovery.ModFileInfo/LOADING]: Found valid mod file fabric-message-api-v1-5.1.9+52cc178c77.jar with {fabric_message_api_v1} mods - versions {5.1.9+52cc178c77}
[24Jul2025 19:23:23.955] [main/DEBUG] [net.minecraftforge.fml.loading.moddiscovery.ModFileParser/LOADING]: Considering mod file candidate 
[24Jul2025 19:23:23.955] [main/DEBUG] [net.minecraftforge.fml.loading.moddiscovery.ModFileInfo/LOADING]: Found valid mod file fabric-entity-events-v1-1.6.0+4ca7515277.jar with {fabric_entity_events_v1} mods - versions {1.6.0+4ca7515277}
[24Jul2025 19:23:23.956] [main/DEBUG] [net.minecraftforge.fml.loading.moddiscovery.ModFileParser/LOADING]: Considering mod file candidate 
[24Jul2025 19:23:23.956] [main/DEBUG] [net.minecraftforge.fml.loading.moddiscovery.ModFileInfo/LOADING]: Found valid mod file fabric-events-interaction-v0-0.6.2+0d0bd5a777.jar with {fabric_events_interaction_v0} mods - versions {0.6.2+0d0bd5a777}
[24Jul2025 19:23:23.957] [main/DEBUG] [net.minecraftforge.fml.loading.moddiscovery.ModFileParser/LOADING]: Considering mod file candidate 
[24Jul2025 19:23:23.958] [main/DEBUG] [net.minecraftforge.fml.loading.moddiscovery.ModFileInfo/LOADING]: Found valid mod file fabric-api-base-0.4.31+ef105b4977.jar with {fabric_api_base} mods - versions {0.4.31+ef105b4977}
[24Jul2025 19:23:23.959] [main/DEBUG] [net.minecraftforge.fml.loading.moddiscovery.ModFileParser/LOADING]: Considering mod file candidate 
[24Jul2025 19:23:23.959] [main/DEBUG] [net.minecraftforge.fml.loading.moddiscovery.ModFileInfo/LOADING]: Found valid mod file fabric-biome-api-v1-13.0.13+dc36698e77.jar with {fabric_biome_api_v1} mods - versions {13.0.13+dc36698e77}
[24Jul2025 19:23:23.960] [main/DEBUG] [net.minecraftforge.fml.loading.moddiscovery.ModFileParser/LOADING]: Considering mod file candidate 
[24Jul2025 19:23:23.960] [main/DEBUG] [net.minecraftforge.fml.loading.moddiscovery.ModFileInfo/LOADING]: Found valid mod file fabric-key-binding-api-v1-1.0.37+561530ec77.jar with {fabric_key_binding_api_v1} mods - versions {1.0.37+561530ec77}
[24Jul2025 19:23:23.961] [main/DEBUG] [net.minecraftforge.fml.loading.moddiscovery.ModFileParser/LOADING]: Considering mod file candidate 
[24Jul2025 19:23:23.961] [main/DEBUG] [net.minecraftforge.fml.loading.moddiscovery.ModFileInfo/LOADING]: Found valid mod file fabric-models-v0-0.4.2+7c3892a477.jar with {fabric_models_v0} mods - versions {0.4.2+7c3892a477}
[24Jul2025 19:23:23.962] [main/DEBUG] [net.minecraftforge.fml.loading.moddiscovery.ModFileParser/LOADING]: Considering mod file candidate 
[24Jul2025 19:23:23.962] [main/DEBUG] [net.minecraftforge.fml.loading.moddiscovery.ModFileInfo/LOADING]: Found valid mod file fabric-loot-api-v2-1.2.1+eb28f93e77.jar with {fabric_loot_api_v2} mods - versions {1.2.1+eb28f93e77}
[24Jul2025 19:23:23.964] [main/INFO] [net.minecraftforge.fml.loading.moddiscovery.JarInJarDependencyLocator/]: Found 51 dependencies adding them to mods collection
[24Jul2025 19:23:24.562] [main/INFO] [org.sinytra.connector.locator.DependencyResolver/]: Dependency resolution found 3 candidates to load
[24Jul2025 19:23:24.694] [main/DEBUG] [org.sinytra.connector.locator.SplitPackageMerger/]: Found 0 split packages across 0 jars
[24Jul2025 19:23:25.471] [main/DEBUG] [org.sinytra.connector.locator.SplitPackageMerger/]: Excluding existing package com.electronwill.nightconfig.toml from jar antique.atlas._1._20.surveyor._1._20.kaleido.config._1._3._1.mapped.srg._1._20._1
[24Jul2025 19:23:25.471] [main/DEBUG] [org.sinytra.connector.locator.SplitPackageMerger/]: Excluding existing package com.electronwill.nightconfig.core.io from jar antique.atlas._1._20.surveyor._1._20.kaleido.config._1._3._1.mapped.srg._1._20._1
[24Jul2025 19:23:25.471] [main/DEBUG] [org.sinytra.connector.locator.SplitPackageMerger/]: Excluding existing package com.electronwill.nightconfig.core.utils from jar antique.atlas._1._20.surveyor._1._20.kaleido.config._1._3._1.mapped.srg._1._20._1
[24Jul2025 19:23:25.471] [main/DEBUG] [org.sinytra.connector.locator.SplitPackageMerger/]: Excluding existing package com.electronwill.nightconfig.core.file from jar antique.atlas._1._20.surveyor._1._20.kaleido.config._1._3._1.mapped.srg._1._20._1
[24Jul2025 19:23:25.471] [main/DEBUG] [org.sinytra.connector.locator.SplitPackageMerger/]: Excluding existing package com.electronwill.nightconfig.core from jar antique.atlas._1._20.surveyor._1._20.kaleido.config._1._3._1.mapped.srg._1._20._1
[24Jul2025 19:23:25.476] [main/DEBUG] [net.minecraftforge.fml.loading.moddiscovery.ModFileInfo/LOADING]: Found valid mod file antique-atlas-2.9.10+1.20$surveyor-0.6.5+1.20$kaleido-config-0.3.1+1.3.1_mapped_srg_1.20.1.jar with {folk_sisby_kaleido_config} mods - versions {0.3.11.3.1}
[24Jul2025 19:23:25.478] [main/DEBUG] [net.minecraftforge.fml.loading.moddiscovery.ModFileInfo/LOADING]: Found valid mod file antique-atlas-2.9.10+1.20_mapped_srg_1.20.1.jar with {antique_atlas} mods - versions {2.9.101.20}
[24Jul2025 19:23:25.478] [main/DEBUG] [net.minecraftforge.fml.loading.moddiscovery.ModFileInfo/LOADING]: Found valid mod file antique-atlas-2.9.10+1.20$surveyor-0.6.5+1.20_mapped_srg_1.20.1.jar with {surveyor} mods - versions {0.6.51.20}
[24Jul2025 19:23:25.485] [main/DEBUG] [net.minecraftforge.fml.loading.UniqueModListBuilder/]: Found 2 mods for first modid antique_atlas, selecting most recent based on version data
[24Jul2025 19:23:25.485] [main/DEBUG] [net.minecraftforge.fml.loading.UniqueModListBuilder/]: Selected file antique-atlas-2.9.10+1.20_mapped_srg_1.20.1.jar for modid antique_atlas with version 2.9.101.20
[24Jul2025 19:23:25.487] [main/DEBUG] [net.minecraftforge.fml.loading.moddiscovery.ModFileParser/LOADING]: Considering mod file candidate 
[24Jul2025 19:23:25.487] [main/DEBUG] [net.minecraftforge.fml.loading.moddiscovery.ModFileInfo/LOADING]: Found valid mod file fabric-dimensions-v1-2.1.54+8005d10d77.jar with {fabric_dimensions_v1} mods - versions {2.1.54+8005d10d77}
[24Jul2025 19:23:25.489] [main/DEBUG] [net.minecraftforge.fml.loading.moddiscovery.ModFile/LOADING]: Loading mod file  with languages [LanguageSpec[languageName=javafml, acceptedVersions=[47,)]]
[24Jul2025 19:23:25.489] [main/DEBUG] [net.minecraftforge.fml.loading.moddiscovery.ModFileParser/LOADING]: Considering mod file candidate 
[24Jul2025 19:23:25.492] [main/DEBUG] [net.minecraftforge.fml.loading.moddiscovery.ModFileInfo/LOADING]: Found valid mod file fabric-transfer-api-v1-3.3.5+631c9cd677.jar with {fabric_transfer_api_v1} mods - versions {3.3.5+631c9cd677}
[24Jul2025 19:23:25.493] [main/DEBUG] [net.minecraftforge.fml.loading.moddiscovery.ModFile/LOADING]: Loading mod file  with languages [LanguageSpec[languageName=javafml, acceptedVersions=[47,)]]
[24Jul2025 19:23:25.493] [main/DEBUG] [net.minecraftforge.fml.loading.moddiscovery.ModFileParser/LOADING]: Considering mod file candidate 
[24Jul2025 19:23:25.493] [main/DEBUG] [net.minecraftforge.fml.loading.moddiscovery.ModFileInfo/LOADING]: Found valid mod file kuma-api-forge-20.1.10+1.20.1.jar with {kuma_api} mods - versions {20.1.10}
[24Jul2025 19:23:25.493] [main/DEBUG] [net.minecraftforge.fml.loading.moddiscovery.ModFile/LOADING]: Loading mod file  with languages [LanguageSpec[languageName=javafml, acceptedVersions=[47,)]]
[24Jul2025 19:23:25.493] [main/DEBUG] [net.minecraftforge.fml.loading.moddiscovery.ModFileParser/LOADING]: Considering mod file candidate 
[24Jul2025 19:23:25.494] [main/DEBUG] [net.minecraftforge.fml.loading.moddiscovery.ModFileInfo/LOADING]: Found valid mod file fabric-renderer-api-v1-3.2.1+cf68abbe77.jar with {fabric_renderer_api_v1} mods - versions {3.2.1+cf68abbe77}
[24Jul2025 19:23:25.494] [main/DEBUG] [net.minecraftforge.fml.loading.moddiscovery.ModFile/LOADING]: Loading mod file  with languages [LanguageSpec[languageName=javafml, acceptedVersions=[47,)]]
[24Jul2025 19:23:25.494] [main/DEBUG] [net.minecraftforge.fml.loading.moddiscovery.ModFileParser/LOADING]: Considering mod file candidate /workspaces/TPM/servidor_minecraft/mods/Animation_Overhaul-forge-1.20.x-1.3.1.jar
[24Jul2025 19:23:25.494] [main/DEBUG] [net.minecraftforge.fml.loading.moddiscovery.ModFileInfo/LOADING]: Found valid mod file Animation_Overhaul-forge-1.20.x-1.3.1.jar with {animation_overhaul} mods - versions {1.3.1}
[24Jul2025 19:23:25.494] [main/DEBUG] [net.minecraftforge.fml.loading.moddiscovery.ModFile/LOADING]: Loading mod file /workspaces/TPM/servidor_minecraft/mods/Animation_Overhaul-forge-1.20.x-1.3.1.jar with languages [LanguageSpec[languageName=javafml, acceptedVersions=[37,)]]
[24Jul2025 19:23:25.495] [main/DEBUG] [net.minecraftforge.fml.loading.moddiscovery.ModFileParser/LOADING]: Considering mod file candidate /workspaces/TPM/servidor_minecraft/mods/geckolib-forge-1.20.1-4.7.1.2.jar
[24Jul2025 19:23:25.497] [main/DEBUG] [net.minecraftforge.fml.loading.moddiscovery.ModFileInfo/LOADING]: Found valid mod file geckolib-forge-1.20.1-4.7.1.2.jar with {geckolib} mods - versions {4.7.1.2}
[24Jul2025 19:23:25.497] [main/DEBUG] [net.minecraftforge.fml.loading.moddiscovery.ModFile/LOADING]: Loading mod file /workspaces/TPM/servidor_minecraft/mods/geckolib-forge-1.20.1-4.7.1.2.jar with languages [LanguageSpec[languageName=javafml, acceptedVersions=[47,)]]
[24Jul2025 19:23:25.498] [main/DEBUG] [net.minecraftforge.fml.loading.moddiscovery.ModFileInfo/LOADING]: Found valid mod file antique-atlas-2.9.10+1.20$surveyor-0.6.5+1.20$kaleido-config-0.3.1+1.3.1_mapped_srg_1.20.1.jar with {folk_sisby_kaleido_config} mods - versions {0.3.11.3.1}
[24Jul2025 19:23:25.498] [main/DEBUG] [net.minecraftforge.fml.loading.moddiscovery.ModFile/LOADING]: Loading mod file /workspaces/TPM/servidor_minecraft/mods/.connector/antique-atlas-2.9.10+1.20$surveyor-0.6.5+1.20$kaleido-config-0.3.1+1.3.1_mapped_srg_1.20.1.jar with languages [LanguageSpec[languageName=lowcodefml, acceptedVersions=[0,)]]
[24Jul2025 19:23:25.498] [main/DEBUG] [net.minecraftforge.fml.loading.moddiscovery.ModFileParser/LOADING]: Considering mod file candidate 
[24Jul2025 19:23:25.498] [main/DEBUG] [net.minecraftforge.fml.loading.moddiscovery.ModFileInfo/LOADING]: Found valid mod file playeranimator-1.0.2-rc1+1.20-forge.jar with {playeranimator} mods - versions {1.0.2-rc1+1.20}
[24Jul2025 19:23:25.498] [main/DEBUG] [net.minecraftforge.fml.loading.moddiscovery.ModFile/LOADING]: Loading mod file  with languages [LanguageSpec[languageName=javafml, acceptedVersions=[46.0.0,)]]
[24Jul2025 19:23:25.498] [main/DEBUG] [net.minecraftforge.fml.loading.moddiscovery.ModFileParser/LOADING]: Considering mod file candidate 
[24Jul2025 19:23:25.499] [main/DEBUG] [net.minecraftforge.fml.loading.moddiscovery.ModFileInfo/LOADING]: Found valid mod file fabric-model-loading-api-v1-1.0.3+6274ab9d77.jar with {fabric_model_loading_api_v1} mods - versions {1.0.3+6274ab9d77}
[24Jul2025 19:23:25.499] [main/DEBUG] [net.minecraftforge.fml.loading.moddiscovery.ModFile/LOADING]: Loading mod file  with languages [LanguageSpec[languageName=javafml, acceptedVersions=[47,)]]
[24Jul2025 19:23:25.499] [main/DEBUG] [net.minecraftforge.fml.loading.moddiscovery.ModFileParser/LOADING]: Considering mod file candidate 
[24Jul2025 19:23:25.499] [main/DEBUG] [net.minecraftforge.fml.loading.moddiscovery.ModFileInfo/LOADING]: Found valid mod file fabric-item-api-v1-2.1.28+4d0bbcfa77.jar with {fabric_item_api_v1} mods - versions {2.1.28+4d0bbcfa77}
[24Jul2025 19:23:25.499] [main/DEBUG] [net.minecraftforge.fml.loading.moddiscovery.ModFile/LOADING]: Loading mod file  with languages [LanguageSpec[languageName=javafml, acceptedVersions=[47,)]]
[24Jul2025 19:23:25.501] [main/DEBUG] [net.minecraftforge.fml.loading.moddiscovery.ModFileParser/LOADING]: Found coremod implementFabricItem with Javascript path META-INF/asm/implementFabricItem.js
[24Jul2025 19:23:25.501] [main/DEBUG] [net.minecraftforge.fml.loading.moddiscovery.ModFile/LOADING]: Found coremod META-INF/asm/implementFabricItem.js
[24Jul2025 19:23:25.501] [main/DEBUG] [net.minecraftforge.fml.loading.moddiscovery.ModFileParser/LOADING]: Considering mod file candidate 
[24Jul2025 19:23:25.501] [main/DEBUG] [net.minecraftforge.fml.loading.moddiscovery.ModFileInfo/LOADING]: Found valid mod file fabric-rendering-fluids-v1-3.0.28+4ac5e37a77.jar with {fabric_rendering_fluids_v1} mods - versions {3.0.28+4ac5e37a77}
[24Jul2025 19:23:25.502] [main/DEBUG] [net.minecraftforge.fml.loading.moddiscovery.ModFile/LOADING]: Loading mod file  with languages [LanguageSpec[languageName=javafml, acceptedVersions=[47,)]]
[24Jul2025 19:23:25.502] [main/DEBUG] [net.minecraftforge.fml.loading.moddiscovery.ModFileParser/LOADING]: Considering mod file candidate 
[24Jul2025 19:23:25.502] [main/DEBUG] [net.minecraftforge.fml.loading.moddiscovery.ModFileInfo/LOADING]: Found valid mod file fabric-screen-handler-api-v1-1.3.30+561530ec77.jar with {fabric_screen_handler_api_v1} mods - versions {1.3.30+561530ec77}
[24Jul2025 19:23:25.502] [main/DEBUG] [net.minecraftforge.fml.loading.moddiscovery.ModFile/LOADING]: Loading mod file  with languages [LanguageSpec[languageName=javafml, acceptedVersions=[47,)]]
[24Jul2025 19:23:25.502] [main/DEBUG] [net.minecraftforge.fml.loading.moddiscovery.ModFileParser/LOADING]: Considering mod file candidate 
[24Jul2025 19:23:25.503] [main/DEBUG] [net.minecraftforge.fml.loading.moddiscovery.ModFileInfo/LOADING]: Found valid mod file fabric-resource-loader-v0-0.11.10+bcd08ed377.jar with {fabric_resource_loader_v0} mods - versions {0.11.10+bcd08ed377}
[24Jul2025 19:23:25.503] [main/DEBUG] [net.minecraftforge.fml.loading.moddiscovery.ModFile/LOADING]: Loading mod file  with languages [LanguageSpec[languageName=javafml, acceptedVersions=[47,)]]
[24Jul2025 19:23:25.503] [main/DEBUG] [net.minecraftforge.fml.loading.moddiscovery.ModFileParser/LOADING]: Considering mod file candidate 
[24Jul2025 19:23:25.503] [main/DEBUG] [net.minecraftforge.fml.loading.moddiscovery.ModFileInfo/LOADING]: Found valid mod file fabric-models-v0-0.4.2+7c3892a477.jar with {fabric_models_v0} mods - versions {0.4.2+7c3892a477}
[24Jul2025 19:23:25.503] [main/DEBUG] [net.minecraftforge.fml.loading.moddiscovery.ModFile/LOADING]: Loading mod file  with languages [LanguageSpec[languageName=javafml, acceptedVersions=[47,)]]
[24Jul2025 19:23:25.503] [main/DEBUG] [net.minecraftforge.fml.loading.moddiscovery.ModFileParser/LOADING]: Considering mod file candidate 
[24Jul2025 19:23:25.504] [main/DEBUG] [net.minecraftforge.fml.loading.moddiscovery.ModFileInfo/LOADING]: Found valid mod file fabric-rendering-v1-3.0.8+66e9a48f77.jar with {fabric_rendering_v1} mods - versions {3.0.8+66e9a48f77}
[24Jul2025 19:23:25.504] [main/DEBUG] [net.minecraftforge.fml.loading.moddiscovery.ModFile/LOADING]: Loading mod file  with languages [LanguageSpec[languageName=javafml, acceptedVersions=[47,)]]
[24Jul2025 19:23:25.504] [main/DEBUG] [net.minecraftforge.fml.loading.moddiscovery.ModFileParser/LOADING]: Considering mod file candidate /workspaces/TPM/servidor_minecraft/mods/death_angels-1.3.0-forge-1.20.1.jar
[24Jul2025 19:23:25.505] [main/DEBUG] [net.minecraftforge.fml.loading.moddiscovery.ModFileInfo/LOADING]: Found valid mod file death_angels-1.3.0-forge-1.20.1.jar with {death_angels} mods - versions {1.3.0}
[24Jul2025 19:23:25.505] [main/DEBUG] [net.minecraftforge.fml.loading.moddiscovery.ModFile/LOADING]: Loading mod file /workspaces/TPM/servidor_minecraft/mods/death_angels-1.3.0-forge-1.20.1.jar with languages [LanguageSpec[languageName=javafml, acceptedVersions=[47,)]]
[24Jul2025 19:23:25.505] [main/DEBUG] [net.minecraftforge.fml.loading.moddiscovery.ModFileParser/LOADING]: Considering mod file candidate 
[24Jul2025 19:23:25.505] [main/DEBUG] [net.minecraftforge.fml.loading.moddiscovery.ModFileInfo/LOADING]: Found valid mod file fabric-renderer-indigo-1.5.2+b5b2da4177.jar with {fabric_renderer_indigo} mods - versions {1.5.2+b5b2da4177}
[24Jul2025 19:23:25.505] [main/DEBUG] [net.minecraftforge.fml.loading.moddiscovery.ModFile/LOADING]: Loading mod file  with languages [LanguageSpec[languageName=javafml, acceptedVersions=[47,)]]
[24Jul2025 19:23:25.505] [main/DEBUG] [net.minecraftforge.fml.loading.moddiscovery.ModFileParser/LOADING]: Considering mod file candidate /workspaces/TPM/servidor_minecraft/mods/waystones-forge-1.20.1-14.1.13.jar
[24Jul2025 19:23:25.506] [main/DEBUG] [net.minecraftforge.fml.loading.moddiscovery.ModFileInfo/LOADING]: Found valid mod file waystones-forge-1.20.1-14.1.13.jar with {waystones} mods - versions {14.1.13}
[24Jul2025 19:23:25.506] [main/DEBUG] [net.minecraftforge.fml.loading.moddiscovery.ModFile/LOADING]: Loading mod file /workspaces/TPM/servidor_minecraft/mods/waystones-forge-1.20.1-14.1.13.jar with languages [LanguageSpec[languageName=javafml, acceptedVersions=[46,)]]
[24Jul2025 19:23:25.506] [main/DEBUG] [net.minecraftforge.fml.loading.moddiscovery.ModFileParser/LOADING]: Considering mod file candidate 
[24Jul2025 19:23:25.506] [main/DEBUG] [net.minecraftforge.fml.loading.moddiscovery.ModFileInfo/LOADING]: Found valid mod file fabric-convention-tags-v1-1.5.5+fa3d1c0177.jar with {fabric_convention_tags_v1} mods - versions {1.5.5+fa3d1c0177}
[24Jul2025 19:23:25.506] [main/DEBUG] [net.minecraftforge.fml.loading.moddiscovery.ModFile/LOADING]: Loading mod file  with languages [LanguageSpec[languageName=javafml, acceptedVersions=[47,)]]
[24Jul2025 19:23:25.507] [main/DEBUG] [net.minecraftforge.fml.loading.moddiscovery.ModFileParser/LOADING]: Considering mod file candidate 
[24Jul2025 19:23:25.507] [main/DEBUG] [net.minecraftforge.fml.loading.moddiscovery.ModFileInfo/LOADING]: Found valid mod file fabric-command-api-v1-1.2.34+f71b366f77.jar with {fabric_command_api_v1} mods - versions {1.2.34+f71b366f77}
[24Jul2025 19:23:25.507] [main/DEBUG] [net.minecraftforge.fml.loading.moddiscovery.ModFile/LOADING]: Loading mod file  with languages [LanguageSpec[languageName=javafml, acceptedVersions=[47,)]]
[24Jul2025 19:23:25.507] [main/DEBUG] [net.minecraftforge.fml.loading.moddiscovery.ModFileParser/LOADING]: Considering mod file candidate 
[24Jul2025 19:23:25.508] [main/DEBUG] [net.minecraftforge.fml.loading.moddiscovery.ModFileInfo/LOADING]: Found valid mod file fabric-mining-level-api-v1-2.1.50+561530ec77.jar with {fabric_mining_level_api_v1} mods - versions {2.1.50+561530ec77}
[24Jul2025 19:23:25.508] [main/DEBUG] [net.minecraftforge.fml.loading.moddiscovery.ModFile/LOADING]: Loading mod file  with languages [LanguageSpec[languageName=javafml, acceptedVersions=[47,)]]
[24Jul2025 19:23:25.508] [main/DEBUG] [net.minecraftforge.fml.loading.moddiscovery.ModFileParser/LOADING]: Considering mod file candidate 
[24Jul2025 19:23:25.508] [main/DEBUG] [net.minecraftforge.fml.loading.moddiscovery.ModFileInfo/LOADING]: Found valid mod file fabric-command-api-v2-2.2.13+561530ec77.jar with {fabric_command_api_v2} mods - versions {2.2.13+561530ec77}
[24Jul2025 19:23:25.508] [main/DEBUG] [net.minecraftforge.fml.loading.moddiscovery.ModFile/LOADING]: Loading mod file  with languages [LanguageSpec[languageName=javafml, acceptedVersions=[47,)]]
[24Jul2025 19:23:25.508] [main/DEBUG] [net.minecraftforge.fml.loading.moddiscovery.ModFileParser/LOADING]: Considering mod file candidate 
[24Jul2025 19:23:25.509] [main/DEBUG] [net.minecraftforge.fml.loading.moddiscovery.ModFileInfo/LOADING]: Found valid mod file fabric-block-view-api-v2-1.0.1+0767707077.jar with {fabric_block_view_api_v2} mods - versions {1.0.1+0767707077}
[24Jul2025 19:23:25.509] [main/DEBUG] [net.minecraftforge.fml.loading.moddiscovery.ModFile/LOADING]: Loading mod file  with languages [LanguageSpec[languageName=javafml, acceptedVersions=[47,)]]
[24Jul2025 19:23:25.509] [main/DEBUG] [net.minecraftforge.fml.loading.moddiscovery.ModFileParser/LOADING]: Considering mod file candidate /workspaces/TPM/servidor_minecraft/mods/fromtheshadowsreborn-2.8.jar
[24Jul2025 19:23:25.509] [main/DEBUG] [net.minecraftforge.fml.loading.moddiscovery.ModFileInfo/LOADING]: Found valid mod file fromtheshadowsreborn-2.8.jar with {fromtheshadows} mods - versions {2.8}
[24Jul2025 19:23:25.509] [main/DEBUG] [net.minecraftforge.fml.loading.moddiscovery.ModFile/LOADING]: Loading mod file /workspaces/TPM/servidor_minecraft/mods/fromtheshadowsreborn-2.8.jar with languages [LanguageSpec[languageName=javafml, acceptedVersions=[47,)]]
[24Jul2025 19:23:25.510] [main/DEBUG] [net.minecraftforge.fml.loading.moddiscovery.ModFileParser/LOADING]: Considering mod file candidate /workspaces/TPM/servidor_minecraft/mods/configured-forge-1.20.1-2.2.3.jar
[24Jul2025 19:23:25.510] [main/DEBUG] [net.minecraftforge.fml.loading.moddiscovery.ModFileInfo/LOADING]: Found valid mod file configured-forge-1.20.1-2.2.3.jar with {configured} mods - versions {2.2.3}
[24Jul2025 19:23:25.510] [main/DEBUG] [net.minecraftforge.fml.loading.moddiscovery.ModFile/LOADING]: Loading mod file /workspaces/TPM/servidor_minecraft/mods/configured-forge-1.20.1-2.2.3.jar with languages [LanguageSpec[languageName=javafml, acceptedVersions=[39,)]]
[24Jul2025 19:23:25.510] [main/DEBUG] [net.minecraftforge.fml.loading.moddiscovery.ModFileParser/LOADING]: Considering mod file candidate 
[24Jul2025 19:23:25.511] [main/DEBUG] [net.minecraftforge.fml.loading.moddiscovery.ModFileInfo/LOADING]: Found valid mod file fabric-data-attachment-api-v1-1.0.0+30ef839e77.jar with {fabric_data_attachment_api_v1} mods - versions {1.0.0+30ef839e77}
[24Jul2025 19:23:25.511] [main/DEBUG] [net.minecraftforge.fml.loading.moddiscovery.ModFile/LOADING]: Loading mod file  with languages [LanguageSpec[languageName=javafml, acceptedVersions=[47,)]]
[24Jul2025 19:23:25.511] [main/DEBUG] [net.minecraftforge.fml.loading.moddiscovery.ModFileParser/LOADING]: Considering mod file candidate /workspaces/TPM/servidor_minecraft/mods/befall-1.6.0-forge-1.20.1.jar
[24Jul2025 19:23:25.511] [main/DEBUG] [net.minecraftforge.fml.loading.moddiscovery.ModFileInfo/LOADING]: Found valid mod file befall-1.6.0-forge-1.20.1.jar with {befalltwo} mods - versions {1.0.0}
[24Jul2025 19:23:25.511] [main/DEBUG] [net.minecraftforge.fml.loading.moddiscovery.ModFile/LOADING]: Loading mod file /workspaces/TPM/servidor_minecraft/mods/befall-1.6.0-forge-1.20.1.jar with languages [LanguageSpec[languageName=javafml, acceptedVersions=[47,)]]
[24Jul2025 19:23:25.512] [main/DEBUG] [net.minecraftforge.fml.loading.moddiscovery.ModFileInfo/LOADING]: Found valid mod file antique-atlas-2.9.10+1.20$surveyor-0.6.5+1.20_mapped_srg_1.20.1.jar with {surveyor} mods - versions {0.6.51.20}
[24Jul2025 19:23:25.512] [main/DEBUG] [net.minecraftforge.fml.loading.moddiscovery.ModFile/LOADING]: Loading mod file /workspaces/TPM/servidor_minecraft/mods/.connector/antique-atlas-2.9.10+1.20$surveyor-0.6.5+1.20_mapped_srg_1.20.1.jar with languages [LanguageSpec[languageName=javafml, acceptedVersions=[0,)]]
[24Jul2025 19:23:25.512] [main/DEBUG] [net.minecraftforge.fml.loading.moddiscovery.ModFileParser/LOADING]: Considering mod file candidate /workspaces/TPM/servidor_minecraft/mods/balm-forge-1.20.1-7.3.31-all (1).jar
[24Jul2025 19:23:25.512] [main/DEBUG] [net.minecraftforge.fml.loading.moddiscovery.ModFileInfo/LOADING]: Found valid mod file balm-forge-1.20.1-7.3.31-all (1).jar with {balm} mods - versions {7.3.31}
[24Jul2025 19:23:25.512] [main/DEBUG] [net.minecraftforge.fml.loading.moddiscovery.ModFile/LOADING]: Loading mod file /workspaces/TPM/servidor_minecraft/mods/balm-forge-1.20.1-7.3.31-all (1).jar with languages [LanguageSpec[languageName=javafml, acceptedVersions=[46,)]]
[24Jul2025 19:23:25.513] [main/DEBUG] [net.minecraftforge.fml.loading.moddiscovery.ModFileParser/LOADING]: Considering mod file candidate 
[24Jul2025 19:23:25.513] [main/DEBUG] [net.minecraftforge.fml.loading.moddiscovery.ModFileInfo/LOADING]: Found valid mod file fabric-screen-api-v1-2.0.8+45a670a577.jar with {fabric_screen_api_v1} mods - versions {2.0.8+45a670a577}
[24Jul2025 19:23:25.513] [main/DEBUG] [net.minecraftforge.fml.loading.moddiscovery.ModFile/LOADING]: Loading mod file  with languages [LanguageSpec[languageName=javafml, acceptedVersions=[47,)]]
[24Jul2025 19:23:25.513] [main/DEBUG] [net.minecraftforge.fml.loading.moddiscovery.ModFileInfo/LOADING]: Found valid mod file antique-atlas-2.9.10+1.20_mapped_srg_1.20.1.jar with {antique_atlas} mods - versions {2.9.101.20}
[24Jul2025 19:23:25.513] [main/DEBUG] [net.minecraftforge.fml.loading.moddiscovery.ModFile/LOADING]: Loading mod file /workspaces/TPM/servidor_minecraft/mods/.connector/antique-atlas-2.9.10+1.20_mapped_srg_1.20.1.jar with languages [LanguageSpec[languageName=javafml, acceptedVersions=[0,)]]
[24Jul2025 19:23:25.513] [main/DEBUG] [net.minecraftforge.fml.loading.moddiscovery.ModFileParser/LOADING]: Considering mod file candidate 
[24Jul2025 19:23:25.514] [main/DEBUG] [net.minecraftforge.fml.loading.moddiscovery.ModFileInfo/LOADING]: Found valid mod file fabric-particles-v1-1.1.2+78e1ecb877.jar with {fabric_particles_v1} mods - versions {1.1.2+78e1ecb877}
[24Jul2025 19:23:25.514] [main/DEBUG] [net.minecraftforge.fml.loading.moddiscovery.ModFile/LOADING]: Loading mod file  with languages [LanguageSpec[languageName=javafml, acceptedVersions=[47,)]]
[24Jul2025 19:23:25.514] [main/DEBUG] [net.minecraftforge.fml.loading.moddiscovery.ModFileParser/LOADING]: Considering mod file candidate /workspaces/TPM/servidor_minecraft/mods/cameraoverhaul-1.1-1.20.4.jar
[24Jul2025 19:23:25.514] [main/DEBUG] [net.minecraftforge.fml.loading.moddiscovery.ModFileInfo/LOADING]: Found valid mod file cameraoverhaul-1.1-1.20.4.jar with {cameraoverhaul} mods - versions {1.0.0}
[24Jul2025 19:23:25.514] [main/DEBUG] [net.minecraftforge.fml.loading.moddiscovery.ModFile/LOADING]: Loading mod file /workspaces/TPM/servidor_minecraft/mods/cameraoverhaul-1.1-1.20.4.jar with languages [LanguageSpec[languageName=javafml, acceptedVersions=[44,)]]
[24Jul2025 19:23:25.515] [main/DEBUG] [net.minecraftforge.fml.loading.moddiscovery.ModFileParser/LOADING]: Considering mod file candidate /workspaces/TPM/servidor_minecraft/libraries/net/minecraftforge/forge/1.20.1-47.3.7/forge-1.20.1-47.3.7-universal.jar
[24Jul2025 19:23:25.515] [main/DEBUG] [net.minecraftforge.fml.loading.moddiscovery.ModFileInfo/LOADING]: Found valid mod file forge-1.20.1-47.3.7-universal.jar with {forge} mods - versions {47.3.7}
[24Jul2025 19:23:25.515] [main/DEBUG] [net.minecraftforge.fml.loading.moddiscovery.ModFile/LOADING]: Loading mod file /workspaces/TPM/servidor_minecraft/libraries/net/minecraftforge/forge/1.20.1-47.3.7/forge-1.20.1-47.3.7-universal.jar with languages [LanguageSpec[languageName=javafml, acceptedVersions=[24,]]]
[24Jul2025 19:23:25.515] [main/DEBUG] [net.minecraftforge.fml.loading.moddiscovery.ModFileParser/LOADING]: Found coremod field_to_method with Javascript path coremods/field_to_method.js
[24Jul2025 19:23:25.515] [main/DEBUG] [net.minecraftforge.fml.loading.moddiscovery.ModFileParser/LOADING]: Found coremod field_to_instanceof with Javascript path coremods/field_to_instanceof.js
[24Jul2025 19:23:25.515] [main/DEBUG] [net.minecraftforge.fml.loading.moddiscovery.ModFileParser/LOADING]: Found coremod add_bouncer_method with Javascript path coremods/add_bouncer_method.js
[24Jul2025 19:23:25.515] [main/DEBUG] [net.minecraftforge.fml.loading.moddiscovery.ModFileParser/LOADING]: Found coremod method_redirector with Javascript path coremods/method_redirector.js
[24Jul2025 19:23:25.515] [main/DEBUG] [net.minecraftforge.fml.loading.moddiscovery.ModFile/LOADING]: Found coremod coremods/field_to_method.js
[24Jul2025 19:23:25.516] [main/DEBUG] [net.minecraftforge.fml.loading.moddiscovery.ModFile/LOADING]: Found coremod coremods/field_to_instanceof.js
[24Jul2025 19:23:25.516] [main/DEBUG] [net.minecraftforge.fml.loading.moddiscovery.ModFile/LOADING]: Found coremod coremods/add_bouncer_method.js
[24Jul2025 19:23:25.516] [main/DEBUG] [net.minecraftforge.fml.loading.moddiscovery.ModFile/LOADING]: Found coremod coremods/method_redirector.js
[24Jul2025 19:23:25.516] [main/DEBUG] [net.minecraftforge.fml.loading.moddiscovery.ModFileParser/LOADING]: Considering mod file candidate /workspaces/TPM/servidor_minecraft/mods/fabric-api-0.92.2+1.11.12+1.20.1.jar
[24Jul2025 19:23:25.516] [main/DEBUG] [net.minecraftforge.fml.loading.moddiscovery.ModFileInfo/LOADING]: Found valid mod file fabric-api-0.92.2+1.11.12+1.20.1.jar with {fabric_api} mods - versions {0.92.2+1.11.12+1.20.1}
[24Jul2025 19:23:25.516] [main/DEBUG] [net.minecraftforge.fml.loading.moddiscovery.ModFile/LOADING]: Loading mod file /workspaces/TPM/servidor_minecraft/mods/fabric-api-0.92.2+1.11.12+1.20.1.jar with languages [LanguageSpec[languageName=javafml, acceptedVersions=[47,)]]
[24Jul2025 19:23:25.516] [main/DEBUG] [net.minecraftforge.fml.loading.moddiscovery.ModFileParser/LOADING]: Considering mod file candidate 
[24Jul2025 19:23:25.517] [main/DEBUG] [net.minecraftforge.fml.loading.moddiscovery.ModFileInfo/LOADING]: Found valid mod file fabric-content-registries-v0-4.0.11+a670df1e77.jar with {fabric_content_registries_v0} mods - versions {4.0.11+a670df1e77}
[24Jul2025 19:23:25.517] [main/DEBUG] [net.minecraftforge.fml.loading.moddiscovery.ModFile/LOADING]: Loading mod file  with languages [LanguageSpec[languageName=javafml, acceptedVersions=[47,)]]
[24Jul2025 19:23:25.517] [main/DEBUG] [net.minecraftforge.fml.loading.moddiscovery.ModFileParser/LOADING]: Found coremod mutableWeatherableBlocks with Javascript path META-INF/asm/mutableOxidizableBlocks.js
[24Jul2025 19:23:25.517] [main/DEBUG] [net.minecraftforge.fml.loading.moddiscovery.ModFile/LOADING]: Found coremod META-INF/asm/mutableOxidizableBlocks.js
[24Jul2025 19:23:25.517] [main/DEBUG] [net.minecraftforge.fml.loading.moddiscovery.ModFileParser/LOADING]: Considering mod file candidate 
[24Jul2025 19:23:25.517] [main/DEBUG] [net.minecraftforge.fml.loading.moddiscovery.ModFileInfo/LOADING]: Found valid mod file fabric-transitive-access-wideners-v1-4.3.1+1880499877.jar with {fabric_transitive_access_wideners_v1} mods - versions {4.3.1+1880499877}
[24Jul2025 19:23:25.517] [main/DEBUG] [net.minecraftforge.fml.loading.moddiscovery.ModFile/LOADING]: Loading mod file  with languages [LanguageSpec[languageName=lowcodefml, acceptedVersions=[47,)]]
[24Jul2025 19:23:25.517] [main/DEBUG] [net.minecraftforge.fml.loading.moddiscovery.ModFileParser/LOADING]: Considering mod file candidate /workspaces/TPM/servidor_minecraft/mods/nyfsspiders-forge-1.20.1-2.1.1.jar
[24Jul2025 19:23:25.518] [main/DEBUG] [net.minecraftforge.fml.loading.moddiscovery.ModFileInfo/LOADING]: Found valid mod file nyfsspiders-forge-1.20.1-2.1.1.jar with {nyfsspiders} mods - versions {2.1.1}
[24Jul2025 19:23:25.518] [main/DEBUG] [net.minecraftforge.fml.loading.moddiscovery.ModFile/LOADING]: Loading mod file /workspaces/TPM/servidor_minecraft/mods/nyfsspiders-forge-1.20.1-2.1.1.jar with languages [LanguageSpec[languageName=javafml, acceptedVersions=[47,)]]
[24Jul2025 19:23:25.518] [main/DEBUG] [net.minecraftforge.fml.loading.moddiscovery.ModFileInfo/LOADING]: Found valid mod file server-1.20.1-20230612.114412-srg.jar with {minecraft} mods - versions {1.20.1}
[24Jul2025 19:23:25.518] [main/DEBUG] [net.minecraftforge.fml.loading.moddiscovery.ModFile/LOADING]: Loading mod file /workspaces/TPM/servidor_minecraft/libraries/net/minecraft/server/1.20.1-20230612.114412/server-1.20.1-20230612.114412-srg.jar with languages [LanguageSpec[languageName=minecraft, acceptedVersions=1]]
[24Jul2025 19:23:25.518] [main/DEBUG] [net.minecraftforge.fml.loading.moddiscovery.ModFileParser/LOADING]: Considering mod file candidate 
[24Jul2025 19:23:25.519] [main/DEBUG] [net.minecraftforge.fml.loading.moddiscovery.ModFileInfo/LOADING]: Found valid mod file fabric-game-rule-api-v1-1.0.40+683d4da877.jar with {fabric_game_rule_api_v1} mods - versions {1.0.40+683d4da877}
[24Jul2025 19:23:25.519] [main/DEBUG] [net.minecraftforge.fml.loading.moddiscovery.ModFile/LOADING]: Loading mod file  with languages [LanguageSpec[languageName=javafml, acceptedVersions=[47,)]]
[24Jul2025 19:23:25.519] [main/DEBUG] [net.minecraftforge.fml.loading.moddiscovery.ModFileParser/LOADING]: Considering mod file candidate /workspaces/TPM/servidor_minecraft/mods/the_midnight_lurker_3.3.7.jar
[24Jul2025 19:23:25.519] [main/DEBUG] [net.minecraftforge.fml.loading.moddiscovery.ModFileInfo/LOADING]: Found valid mod file the_midnight_lurker_3.3.7.jar with {midnightlurker} mods - versions {3.3.7}
[24Jul2025 19:23:25.519] [main/DEBUG] [net.minecraftforge.fml.loading.moddiscovery.ModFile/LOADING]: Loading mod file /workspaces/TPM/servidor_minecraft/mods/the_midnight_lurker_3.3.7.jar with languages [LanguageSpec[languageName=javafml, acceptedVersions=[47,)]]
[24Jul2025 19:23:25.519] [main/DEBUG] [net.minecraftforge.fml.loading.moddiscovery.ModFileParser/LOADING]: Considering mod file candidate 
[24Jul2025 19:23:25.520] [main/DEBUG] [net.minecraftforge.fml.loading.moddiscovery.ModFileInfo/LOADING]: Found valid mod file fabric-api-base-0.4.31+ef105b4977.jar with {fabric_api_base} mods - versions {0.4.31+ef105b4977}
[24Jul2025 19:23:25.520] [main/DEBUG] [net.minecraftforge.fml.loading.moddiscovery.ModFile/LOADING]: Loading mod file  with languages [LanguageSpec[languageName=javafml, acceptedVersions=[47,)]]
[24Jul2025 19:23:25.520] [main/DEBUG] [net.minecraftforge.fml.loading.moddiscovery.ModFileParser/LOADING]: Considering mod file candidate 
[24Jul2025 19:23:25.521] [main/DEBUG] [net.minecraftforge.fml.loading.moddiscovery.ModFileInfo/LOADING]: Found valid mod file fabric-api-lookup-api-v1-1.6.36+67f9824077.jar with {fabric_api_lookup_api_v1} mods - versions {1.6.36+67f9824077}
[24Jul2025 19:23:25.521] [main/DEBUG] [net.minecraftforge.fml.loading.moddiscovery.ModFile/LOADING]: Loading mod file  with languages [LanguageSpec[languageName=javafml, acceptedVersions=[47,)]]
[24Jul2025 19:23:25.521] [main/DEBUG] [net.minecraftforge.fml.loading.moddiscovery.ModFileParser/LOADING]: Considering mod file candidate /workspaces/TPM/servidor_minecraft/mods/Necronomicon-Forge-1.6.0+1.20.1.jar
[24Jul2025 19:23:25.521] [main/DEBUG] [net.minecraftforge.fml.loading.moddiscovery.ModFileInfo/LOADING]: Found valid mod file Necronomicon-Forge-1.6.0+1.20.1.jar with {necronomicon} mods - versions {1.6.0}
[24Jul2025 19:23:25.521] [main/DEBUG] [net.minecraftforge.fml.loading.moddiscovery.ModFile/LOADING]: Loading mod file /workspaces/TPM/servidor_minecraft/mods/Necronomicon-Forge-1.6.0+1.20.1.jar with languages [LanguageSpec[languageName=javafml, acceptedVersions=*]]
[24Jul2025 19:23:25.521] [main/DEBUG] [net.minecraftforge.fml.loading.moddiscovery.ModFileParser/LOADING]: Considering mod file candidate 
[24Jul2025 19:23:25.522] [main/DEBUG] [net.minecraftforge.fml.loading.moddiscovery.ModFileInfo/LOADING]: Found valid mod file fabric-blockrenderlayer-v1-1.1.41+1d0da21e77.jar with {fabric_blockrenderlayer_v1} mods - versions {1.1.41+1d0da21e77}
[24Jul2025 19:23:25.522] [main/DEBUG] [net.minecraftforge.fml.loading.moddiscovery.ModFile/LOADING]: Loading mod file  with languages [LanguageSpec[languageName=javafml, acceptedVersions=[47,)]]
[24Jul2025 19:23:25.522] [main/DEBUG] [net.minecraftforge.fml.loading.moddiscovery.ModFileParser/LOADING]: Considering mod file candidate /workspaces/TPM/servidor_minecraft/mods/Jade-1.20.1-Forge-11.13.1.jar
[24Jul2025 19:23:25.522] [main/DEBUG] [net.minecraftforge.fml.loading.moddiscovery.ModFileInfo/LOADING]: Found valid mod file Jade-1.20.1-Forge-11.13.1.jar with {jade} mods - versions {11.13.1+forge}
[24Jul2025 19:23:25.522] [main/DEBUG] [net.minecraftforge.fml.loading.moddiscovery.ModFile/LOADING]: Loading mod file /workspaces/TPM/servidor_minecraft/mods/Jade-1.20.1-Forge-11.13.1.jar with languages [LanguageSpec[languageName=javafml, acceptedVersions=[46,)]]
[24Jul2025 19:23:25.522] [main/DEBUG] [net.minecraftforge.fml.loading.moddiscovery.ModFileParser/LOADING]: Considering mod file candidate /workspaces/TPM/servidor_minecraft/mods/Obscure-Tooltips-2.2.jar
[24Jul2025 19:23:25.523] [main/DEBUG] [net.minecraftforge.fml.loading.moddiscovery.ModFileInfo/LOADING]: Found valid mod file Obscure-Tooltips-2.2.jar with {obscure_tooltips} mods - versions {2.2}
[24Jul2025 19:23:25.523] [main/DEBUG] [net.minecraftforge.fml.loading.moddiscovery.ModFile/LOADING]: Loading mod file /workspaces/TPM/servidor_minecraft/mods/Obscure-Tooltips-2.2.jar with languages [LanguageSpec[languageName=javafml, acceptedVersions=[47,)]]
[24Jul2025 19:23:25.523] [main/DEBUG] [net.minecraftforge.fml.loading.moddiscovery.ModFileParser/LOADING]: Considering mod file candidate /workspaces/TPM/servidor_minecraft/mods/Chunky-1.3.146 (1).jar
[24Jul2025 19:23:25.523] [main/DEBUG] [net.minecraftforge.fml.loading.moddiscovery.ModFileInfo/LOADING]: Found valid mod file Chunky-1.3.146 (1).jar with {chunky} mods - versions {1.3.146}
[24Jul2025 19:23:25.523] [main/DEBUG] [net.minecraftforge.fml.loading.moddiscovery.ModFile/LOADING]: Loading mod file /workspaces/TPM/servidor_minecraft/mods/Chunky-1.3.146 (1).jar with languages [LanguageSpec[languageName=javafml, acceptedVersions=[38,)]]
[24Jul2025 19:23:25.524] [main/DEBUG] [net.minecraftforge.fml.loading.moddiscovery.ModFileParser/LOADING]: Considering mod file candidate /workspaces/TPM/servidor_minecraft/mods/CreativeCore_FORGE_v2.12.32_mc1.20.1.jar
[24Jul2025 19:23:25.524] [main/DEBUG] [net.minecraftforge.fml.loading.moddiscovery.ModFileInfo/LOADING]: Found valid mod file CreativeCore_FORGE_v2.12.32_mc1.20.1.jar with {creativecore} mods - versions {2.12.32}
[24Jul2025 19:23:25.524] [main/DEBUG] [net.minecraftforge.fml.loading.moddiscovery.ModFile/LOADING]: Loading mod file /workspaces/TPM/servidor_minecraft/mods/CreativeCore_FORGE_v2.12.32_mc1.20.1.jar with languages [LanguageSpec[languageName=javafml, acceptedVersions=[46,)]]
[24Jul2025 19:23:25.524] [main/DEBUG] [net.minecraftforge.fml.loading.moddiscovery.ModFileParser/LOADING]: Considering mod file candidate 
[24Jul2025 19:23:25.524] [main/DEBUG] [net.minecraftforge.fml.loading.moddiscovery.ModFileInfo/LOADING]: Found valid mod file fabric-block-api-v1-1.0.11+0e6cb7f777.jar with {fabric_block_api_v1} mods - versions {1.0.11+0e6cb7f777}
[24Jul2025 19:23:25.524] [main/DEBUG] [net.minecraftforge.fml.loading.moddiscovery.ModFile/LOADING]: Loading mod file  with languages [LanguageSpec[languageName=javafml, acceptedVersions=[47,)]]
[24Jul2025 19:23:25.525] [main/DEBUG] [net.minecraftforge.fml.loading.moddiscovery.ModFileParser/LOADING]: Found coremod implementFabricBlock with Javascript path META-INF/asm/implementFabricBlock.js
[24Jul2025 19:23:25.525] [main/DEBUG] [net.minecraftforge.fml.loading.moddiscovery.ModFileParser/LOADING]: Found coremod implementFabricBlockState with Javascript path META-INF/asm/implementFabricBlockState.js
[24Jul2025 19:23:25.525] [main/DEBUG] [net.minecraftforge.fml.loading.moddiscovery.ModFile/LOADING]: Found coremod META-INF/asm/implementFabricBlock.js
[24Jul2025 19:23:25.525] [main/DEBUG] [net.minecraftforge.fml.loading.moddiscovery.ModFile/LOADING]: Found coremod META-INF/asm/implementFabricBlockState.js
[24Jul2025 19:23:25.525] [main/DEBUG] [net.minecraftforge.fml.loading.moddiscovery.ModFileParser/LOADING]: Considering mod file candidate 
[24Jul2025 19:23:25.525] [main/DEBUG] [net.minecraftforge.fml.loading.moddiscovery.ModFileInfo/LOADING]: Found valid mod file fabric-resource-conditions-api-v1-2.3.8+9e342fc177.jar with {fabric_resource_conditions_api_v1} mods - versions {2.3.8+9e342fc177}
[24Jul2025 19:23:25.525] [main/DEBUG] [net.minecraftforge.fml.loading.moddiscovery.ModFile/LOADING]: Loading mod file  with languages [LanguageSpec[languageName=javafml, acceptedVersions=[47,)]]
[24Jul2025 19:23:25.526] [main/DEBUG] [net.minecraftforge.fml.loading.moddiscovery.ModFileParser/LOADING]: Found coremod injectDataProvider with Javascript path META-INF/asm/injectDataProvider.js
[24Jul2025 19:23:25.526] [main/DEBUG] [net.minecraftforge.fml.loading.moddiscovery.ModFile/LOADING]: Found coremod META-INF/asm/injectDataProvider.js
[24Jul2025 19:23:25.526] [main/DEBUG] [net.minecraftforge.fml.loading.moddiscovery.ModFileParser/LOADING]: Considering mod file candidate /workspaces/TPM/servidor_minecraft/mods/a_good_place-1.20-1.2.7.jar
[24Jul2025 19:23:25.526] [main/DEBUG] [net.minecraftforge.fml.loading.moddiscovery.ModFileInfo/LOADING]: Found valid mod file a_good_place-1.20-1.2.7.jar with {a_good_place} mods - versions {1.20-1.2.7}
[24Jul2025 19:23:25.526] [main/DEBUG] [net.minecraftforge.fml.loading.moddiscovery.ModFile/LOADING]: Loading mod file /workspaces/TPM/servidor_minecraft/mods/a_good_place-1.20-1.2.7.jar with languages [LanguageSpec[languageName=javafml, acceptedVersions=[47,)]]
[24Jul2025 19:23:25.526] [main/DEBUG] [net.minecraftforge.fml.loading.moddiscovery.ModFileParser/LOADING]: Considering mod file candidate 
[24Jul2025 19:23:25.527] [main/DEBUG] [net.minecraftforge.fml.loading.moddiscovery.ModFileInfo/LOADING]: Found valid mod file fabric-item-group-api-v1-4.0.12+c9161c2d77.jar with {fabric_item_group_api_v1} mods - versions {4.0.12+c9161c2d77}
[24Jul2025 19:23:25.527] [main/DEBUG] [net.minecraftforge.fml.loading.moddiscovery.ModFile/LOADING]: Loading mod file  with languages [LanguageSpec[languageName=javafml, acceptedVersions=[47,)]]
[24Jul2025 19:23:25.527] [main/DEBUG] [net.minecraftforge.fml.loading.moddiscovery.ModFileParser/LOADING]: Considering mod file candidate /workspaces/TPM/servidor_minecraft/mods/The-Man-From-The-Fog-1.4-1.20.1.jar
[24Jul2025 19:23:25.527] [main/DEBUG] [net.minecraftforge.fml.loading.moddiscovery.ModFileInfo/LOADING]: Found valid mod file The-Man-From-The-Fog-1.4-1.20.1.jar with {man} mods - versions {1.4}
[24Jul2025 19:23:25.527] [main/DEBUG] [net.minecraftforge.fml.loading.moddiscovery.ModFile/LOADING]: Loading mod file /workspaces/TPM/servidor_minecraft/mods/The-Man-From-The-Fog-1.4-1.20.1.jar with languages [LanguageSpec[languageName=javafml, acceptedVersions=[47,)]]
[24Jul2025 19:23:25.527] [main/DEBUG] [net.minecraftforge.fml.loading.moddiscovery.ModFileParser/LOADING]: Considering mod file candidate 
[24Jul2025 19:23:25.528] [main/DEBUG] [net.minecraftforge.fml.loading.moddiscovery.ModFileInfo/LOADING]: Found valid mod file fabric-biome-api-v1-13.0.13+dc36698e77.jar with {fabric_biome_api_v1} mods - versions {13.0.13+dc36698e77}
[24Jul2025 19:23:25.528] [main/DEBUG] [net.minecraftforge.fml.loading.moddiscovery.ModFile/LOADING]: Loading mod file  with languages [LanguageSpec[languageName=javafml, acceptedVersions=[47,)]]
[24Jul2025 19:23:25.528] [main/DEBUG] [net.minecraftforge.fml.loading.moddiscovery.ModFileParser/LOADING]: Considering mod file candidate 
[24Jul2025 19:23:25.528] [main/DEBUG] [net.minecraftforge.fml.loading.moddiscovery.ModFileInfo/LOADING]: Found valid mod file Connector-1.0.0-beta.46+1.20.1-mod.jar with {connectormod} mods - versions {1.0.0-beta.46+1.20.1}
[24Jul2025 19:23:25.528] [main/DEBUG] [net.minecraftforge.fml.loading.moddiscovery.ModFile/LOADING]: Loading mod file  with languages [LanguageSpec[languageName=javafml, acceptedVersions=[47,)]]
[24Jul2025 19:23:25.529] [main/DEBUG] [net.minecraftforge.fml.loading.moddiscovery.ModFileParser/LOADING]: Found coremod injectCreativeModeTabCtr with Javascript path META-INF/asm/injectCreativeModeTabCtr.js
[24Jul2025 19:23:25.529] [main/DEBUG] [net.minecraftforge.fml.loading.moddiscovery.ModFileParser/LOADING]: Found coremod injectFabricASM with Javascript path META-INF/asm/injectFabricASM.js
[24Jul2025 19:23:25.529] [main/DEBUG] [net.minecraftforge.fml.loading.moddiscovery.ModFileParser/LOADING]: Found coremod updateItemUseStartTreshold with Javascript path META-INF/asm/updateItemUseStartTreshold.js
[24Jul2025 19:23:25.529] [main/DEBUG] [net.minecraftforge.fml.loading.moddiscovery.ModFileParser/LOADING]: Found coremod expandLocalVarScope with Javascript path META-INF/asm/expandLocalVarScope.js
[24Jul2025 19:23:25.529] [main/DEBUG] [net.minecraftforge.fml.loading.moddiscovery.ModFileParser/LOADING]: Found coremod fixFieldSignatureChanges with Javascript path META-INF/asm/fixFieldSignatureChanges.js
[24Jul2025 19:23:25.529] [main/DEBUG] [net.minecraftforge.fml.loading.moddiscovery.ModFile/LOADING]: Found coremod META-INF/asm/injectCreativeModeTabCtr.js
[24Jul2025 19:23:25.529] [main/DEBUG] [net.minecraftforge.fml.loading.moddiscovery.ModFile/LOADING]: Found coremod META-INF/asm/injectFabricASM.js
[24Jul2025 19:23:25.529] [main/DEBUG] [net.minecraftforge.fml.loading.moddiscovery.ModFile/LOADING]: Found coremod META-INF/asm/updateItemUseStartTreshold.js
[24Jul2025 19:23:25.529] [main/DEBUG] [net.minecraftforge.fml.loading.moddiscovery.ModFile/LOADING]: Found coremod META-INF/asm/expandLocalVarScope.js
[24Jul2025 19:23:25.529] [main/DEBUG] [net.minecraftforge.fml.loading.moddiscovery.ModFile/LOADING]: Found coremod META-INF/asm/fixFieldSignatureChanges.js
[24Jul2025 19:23:25.529] [main/DEBUG] [net.minecraftforge.fml.loading.moddiscovery.ModFileParser/LOADING]: Considering mod file candidate 
[24Jul2025 19:23:25.530] [main/DEBUG] [net.minecraftforge.fml.loading.moddiscovery.ModFileInfo/LOADING]: Found valid mod file fabric-entity-events-v1-1.6.0+4ca7515277.jar with {fabric_entity_events_v1} mods - versions {1.6.0+4ca7515277}
[24Jul2025 19:23:25.530] [main/DEBUG] [net.minecraftforge.fml.loading.moddiscovery.ModFile/LOADING]: Loading mod file  with languages [LanguageSpec[languageName=javafml, acceptedVersions=[47,)]]
[24Jul2025 19:23:25.530] [main/DEBUG] [net.minecraftforge.fml.loading.moddiscovery.ModFileParser/LOADING]: Considering mod file candidate 
[24Jul2025 19:23:25.530] [main/DEBUG] [net.minecraftforge.fml.loading.moddiscovery.ModFileInfo/LOADING]: Found valid mod file fabric-registry-sync-v0-2.3.3+1c0ea72177.jar with {fabric_registry_sync_v0} mods - versions {2.3.3+1c0ea72177}
[24Jul2025 19:23:25.531] [main/DEBUG] [net.minecraftforge.fml.loading.moddiscovery.ModFile/LOADING]: Loading mod file  with languages [LanguageSpec[languageName=javafml, acceptedVersions=[47,)]]
[24Jul2025 19:23:25.531] [main/DEBUG] [net.minecraftforge.fml.loading.moddiscovery.ModFileParser/LOADING]: Considering mod file candidate /workspaces/TPM/servidor_minecraft/mods/antlers-1.0.0.jar
[24Jul2025 19:23:25.531] [main/DEBUG] [net.minecraftforge.fml.loading.moddiscovery.ModFileInfo/LOADING]: Found valid mod file antlers-1.0.0.jar with {antlers} mods - versions {1.0.0}
[24Jul2025 19:23:25.531] [main/DEBUG] [net.minecraftforge.fml.loading.moddiscovery.ModFile/LOADING]: Loading mod file /workspaces/TPM/servidor_minecraft/mods/antlers-1.0.0.jar with languages [LanguageSpec[languageName=javafml, acceptedVersions=[47,)]]
[24Jul2025 19:23:25.532] [main/DEBUG] [net.minecraftforge.fml.loading.moddiscovery.ModFileParser/LOADING]: Considering mod file candidate /workspaces/TPM/servidor_minecraft/mods/Beware-1.20.1-2.3.4.jar
[24Jul2025 19:23:25.532] [main/DEBUG] [net.minecraftforge.fml.loading.moddiscovery.ModFileInfo/LOADING]: Found valid mod file Beware-1.20.1-2.3.4.jar with {bwrtherain} mods - versions {2.3.4}
[24Jul2025 19:23:25.532] [main/DEBUG] [net.minecraftforge.fml.loading.moddiscovery.ModFile/LOADING]: Loading mod file /workspaces/TPM/servidor_minecraft/mods/Beware-1.20.1-2.3.4.jar with languages [LanguageSpec[languageName=javafml, acceptedVersions=[47,)]]
[24Jul2025 19:23:25.532] [main/DEBUG] [net.minecraftforge.fml.loading.moddiscovery.ModFileParser/LOADING]: Considering mod file candidate 
[24Jul2025 19:23:25.533] [main/DEBUG] [net.minecraftforge.fml.loading.moddiscovery.ModFileInfo/LOADING]: Found valid mod file fabric-recipe-api-v1-1.0.21+514a076577.jar with {fabric_recipe_api_v1} mods - versions {1.0.21+514a076577}
[24Jul2025 19:23:25.533] [main/DEBUG] [net.minecraftforge.fml.loading.moddiscovery.ModFile/LOADING]: Loading mod file  with languages [LanguageSpec[languageName=javafml, acceptedVersions=[47,)]]
[24Jul2025 19:23:25.533] [main/DEBUG] [net.minecraftforge.fml.loading.moddiscovery.ModFileParser/LOADING]: Considering mod file candidate 
[24Jul2025 19:23:25.533] [main/DEBUG] [net.minecraftforge.fml.loading.moddiscovery.ModFileInfo/LOADING]: Found valid mod file fabric-object-builder-api-v1-11.1.3+4bd998fa77.jar with {fabric_object_builder_api_v1} mods - versions {11.1.3+4bd998fa77}
[24Jul2025 19:23:25.534] [main/DEBUG] [net.minecraftforge.fml.loading.moddiscovery.ModFile/LOADING]: Loading mod file  with languages [LanguageSpec[languageName=javafml, acceptedVersions=[47,)]]
[24Jul2025 19:23:25.534] [main/DEBUG] [net.minecraftforge.fml.loading.moddiscovery.ModFileParser/LOADING]: Considering mod file candidate 
[24Jul2025 19:23:25.534] [main/DEBUG] [net.minecraftforge.fml.loading.moddiscovery.ModFileInfo/LOADING]: Found valid mod file fabric-loot-api-v2-1.2.1+eb28f93e77.jar with {fabric_loot_api_v2} mods - versions {1.2.1+eb28f93e77}
[24Jul2025 19:23:25.534] [main/DEBUG] [net.minecraftforge.fml.loading.moddiscovery.ModFile/LOADING]: Loading mod file  with languages [LanguageSpec[languageName=javafml, acceptedVersions=[47,)]]
[24Jul2025 19:23:25.534] [main/DEBUG] [net.minecraftforge.fml.loading.moddiscovery.ModFileParser/LOADING]: Considering mod file candidate 
[24Jul2025 19:23:25.535] [main/DEBUG] [net.minecraftforge.fml.loading.moddiscovery.ModFileInfo/LOADING]: Found valid mod file fabric-rendering-data-attachment-v1-0.3.37+a6081afc77.jar with {fabric_rendering_data_attachment_v1} mods - versions {0.3.37+a6081afc77}
[24Jul2025 19:23:25.535] [main/DEBUG] [net.minecraftforge.fml.loading.moddiscovery.ModFile/LOADING]: Loading mod file  with languages [LanguageSpec[languageName=javafml, acceptedVersions=[47,)]]
[24Jul2025 19:23:25.535] [main/DEBUG] [net.minecraftforge.fml.loading.moddiscovery.ModFileParser/LOADING]: Considering mod file candidate /workspaces/TPM/servidor_minecraft/mods/itsnotreal-0.0.0.0.0.0.0.0.jar
[24Jul2025 19:23:25.535] [main/DEBUG] [net.minecraftforge.fml.loading.moddiscovery.ModFileInfo/LOADING]: Found valid mod file itsnotreal-0.0.0.0.0.0.0.0.jar with {itsnotreal} mods - versions {0.0.0.0.0.0.0.0}
[24Jul2025 19:23:25.535] [main/DEBUG] [net.minecraftforge.fml.loading.moddiscovery.ModFile/LOADING]: Loading mod file /workspaces/TPM/servidor_minecraft/mods/itsnotreal-0.0.0.0.0.0.0.0.jar with languages [LanguageSpec[languageName=javafml, acceptedVersions=[47,)]]
[24Jul2025 19:23:25.536] [main/DEBUG] [net.minecraftforge.fml.loading.moddiscovery.ModFileParser/LOADING]: Considering mod file candidate 
[24Jul2025 19:23:25.536] [main/DEBUG] [net.minecraftforge.fml.loading.moddiscovery.ModFileInfo/LOADING]: Found valid mod file fabric-networking-api-v1-1.3.11+503a202477.jar with {fabric_networking_api_v1} mods - versions {1.3.11+503a202477}
[24Jul2025 19:23:25.536] [main/DEBUG] [net.minecraftforge.fml.loading.moddiscovery.ModFile/LOADING]: Loading mod file  with languages [LanguageSpec[languageName=javafml, acceptedVersions=[47,)]]
[24Jul2025 19:23:25.536] [main/DEBUG] [net.minecraftforge.fml.loading.moddiscovery.ModFileParser/LOADING]: Considering mod file candidate /workspaces/TPM/servidor_minecraft/mods/Anomaly-1.1.5-FullShaderSupport.jar
[24Jul2025 19:23:25.537] [main/DEBUG] [net.minecraftforge.fml.loading.moddiscovery.ModFileInfo/LOADING]: Found valid mod file Anomaly-1.1.5-FullShaderSupport.jar with {the_anomaly} mods - versions {1.1.5}
[24Jul2025 19:23:25.537] [main/DEBUG] [net.minecraftforge.fml.loading.moddiscovery.ModFile/LOADING]: Loading mod file /workspaces/TPM/servidor_minecraft/mods/Anomaly-1.1.5-FullShaderSupport.jar with languages [LanguageSpec[languageName=javafml, acceptedVersions=[47,)]]
[24Jul2025 19:23:25.537] [main/DEBUG] [net.minecraftforge.fml.loading.moddiscovery.ModFileParser/LOADING]: Considering mod file candidate 
[24Jul2025 19:23:25.537] [main/DEBUG] [net.minecraftforge.fml.loading.moddiscovery.ModFileInfo/LOADING]: Found valid mod file fabric-sound-api-v1-1.0.13+4f23bd8477.jar with {fabric_sound_api_v1} mods - versions {1.0.13+4f23bd8477}
[24Jul2025 19:23:25.537] [main/DEBUG] [net.minecraftforge.fml.loading.moddiscovery.ModFile/LOADING]: Loading mod file  with languages [LanguageSpec[languageName=javafml, acceptedVersions=[47,)]]
[24Jul2025 19:23:25.537] [main/DEBUG] [net.minecraftforge.fml.loading.moddiscovery.ModFileParser/LOADING]: Considering mod file candidate 
[24Jul2025 19:23:25.538] [main/DEBUG] [net.minecraftforge.fml.loading.moddiscovery.ModFileInfo/LOADING]: Found valid mod file fabric-message-api-v1-5.1.9+52cc178c77.jar with {fabric_message_api_v1} mods - versions {5.1.9+52cc178c77}
[24Jul2025 19:23:25.538] [main/DEBUG] [net.minecraftforge.fml.loading.moddiscovery.ModFile/LOADING]: Loading mod file  with languages [LanguageSpec[languageName=javafml, acceptedVersions=[47,)]]
[24Jul2025 19:23:25.538] [main/DEBUG] [net.minecraftforge.fml.loading.moddiscovery.ModFileParser/LOADING]: Considering mod file candidate /workspaces/TPM/servidor_minecraft/mods/animated-doors-1.0.jar
[24Jul2025 19:23:25.538] [main/DEBUG] [net.minecraftforge.fml.loading.moddiscovery.ModFileInfo/LOADING]: Found valid mod file animated-doors-1.0.jar with {mr_animated_doors} mods - versions {1.0}
[24Jul2025 19:23:25.539] [main/DEBUG] [net.minecraftforge.fml.loading.moddiscovery.ModFile/LOADING]: Loading mod file /workspaces/TPM/servidor_minecraft/mods/animated-doors-1.0.jar with languages [LanguageSpec[languageName=javafml, acceptedVersions=[25,)]]
[24Jul2025 19:23:25.539] [main/DEBUG] [net.minecraftforge.fml.loading.moddiscovery.ModFileParser/LOADING]: Considering mod file candidate 
[24Jul2025 19:23:25.539] [main/DEBUG] [net.minecraftforge.fml.loading.moddiscovery.ModFileInfo/LOADING]: Found valid mod file fabric-lifecycle-events-v1-2.2.22+afab492177.jar with {fabric_lifecycle_events_v1} mods - versions {2.2.22+afab492177}
[24Jul2025 19:23:25.539] [main/DEBUG] [net.minecraftforge.fml.loading.moddiscovery.ModFile/LOADING]: Loading mod file  with languages [LanguageSpec[languageName=javafml, acceptedVersions=[47,)]]
[24Jul2025 19:23:25.539] [main/DEBUG] [net.minecraftforge.fml.loading.moddiscovery.ModFileParser/LOADING]: Considering mod file candidate /workspaces/TPM/servidor_minecraft/mods/no_moon-1.4.4-forge-1.20.1.jar
[24Jul2025 19:23:25.540] [main/DEBUG] [net.minecraftforge.fml.loading.moddiscovery.ModFileInfo/LOADING]: Found valid mod file no_moon-1.4.4-forge-1.20.1.jar with {no_moon} mods - versions {1.4.4}
[24Jul2025 19:23:25.540] [main/DEBUG] [net.minecraftforge.fml.loading.moddiscovery.ModFile/LOADING]: Loading mod file /workspaces/TPM/servidor_minecraft/mods/no_moon-1.4.4-forge-1.20.1.jar with languages [LanguageSpec[languageName=javafml, acceptedVersions=[47,)]]
[24Jul2025 19:23:25.540] [main/DEBUG] [net.minecraftforge.fml.loading.moddiscovery.ModFileParser/LOADING]: Considering mod file candidate 
[24Jul2025 19:23:25.540] [main/DEBUG] [net.minecraftforge.fml.loading.moddiscovery.ModFileInfo/LOADING]: Found valid mod file fabric-data-generation-api-v1-12.3.4+369cb3a477.jar with {fabric_data_generation_api_v1} mods - versions {12.3.4+369cb3a477}
[24Jul2025 19:23:25.540] [main/DEBUG] [net.minecraftforge.fml.loading.moddiscovery.ModFile/LOADING]: Loading mod file  with languages [LanguageSpec[languageName=javafml, acceptedVersions=[47,)]]
[24Jul2025 19:23:25.541] [main/DEBUG] [net.minecraftforge.fml.loading.moddiscovery.ModFileParser/LOADING]: Found coremod addFabricKeySortOrders with Javascript path META-INF/asm/addFabricKeySortOrders.js
[24Jul2025 19:23:25.541] [main/DEBUG] [net.minecraftforge.fml.loading.moddiscovery.ModFile/LOADING]: Found coremod META-INF/asm/addFabricKeySortOrders.js
[24Jul2025 19:23:25.541] [main/DEBUG] [net.minecraftforge.fml.loading.moddiscovery.ModFileParser/LOADING]: Considering mod file candidate /workspaces/TPM/servidor_minecraft/mods/skinrestorer-2.3.5+1.20-forge.jar
[24Jul2025 19:23:25.541] [main/DEBUG] [net.minecraftforge.fml.loading.moddiscovery.ModFileInfo/LOADING]: Found valid mod file skinrestorer-2.3.5+1.20-forge.jar with {skinrestorer} mods - versions {2.3.5+1.20-forge}
[24Jul2025 19:23:25.541] [main/DEBUG] [net.minecraftforge.fml.loading.moddiscovery.ModFile/LOADING]: Loading mod file /workspaces/TPM/servidor_minecraft/mods/skinrestorer-2.3.5+1.20-forge.jar with languages [LanguageSpec[languageName=javafml, acceptedVersions=[46,)]]
[24Jul2025 19:23:25.541] [main/DEBUG] [net.minecraftforge.fml.loading.moddiscovery.ModFileParser/LOADING]: Considering mod file candidate 
[24Jul2025 19:23:25.542] [main/DEBUG] [net.minecraftforge.fml.loading.moddiscovery.ModFileInfo/LOADING]: Found valid mod file fabric-events-interaction-v0-0.6.2+0d0bd5a777.jar with {fabric_events_interaction_v0} mods - versions {0.6.2+0d0bd5a777}
[24Jul2025 19:23:25.542] [main/DEBUG] [net.minecraftforge.fml.loading.moddiscovery.ModFile/LOADING]: Loading mod file  with languages [LanguageSpec[languageName=javafml, acceptedVersions=[47,)]]
[24Jul2025 19:23:25.542] [main/DEBUG] [net.minecraftforge.fml.loading.moddiscovery.ModFileParser/LOADING]: Considering mod file candidate 
[24Jul2025 19:23:25.542] [main/DEBUG] [net.minecraftforge.fml.loading.moddiscovery.ModFileInfo/LOADING]: Found valid mod file fabric-key-binding-api-v1-1.0.37+561530ec77.jar with {fabric_key_binding_api_v1} mods - versions {1.0.37+561530ec77}
[24Jul2025 19:23:25.542] [main/DEBUG] [net.minecraftforge.fml.loading.moddiscovery.ModFile/LOADING]: Loading mod file  with languages [LanguageSpec[languageName=javafml, acceptedVersions=[47,)]]
[24Jul2025 19:23:25.543] [main/DEBUG] [net.minecraftforge.fml.loading.moddiscovery.ModFileParser/LOADING]: Considering mod file candidate 
[24Jul2025 19:23:25.543] [main/DEBUG] [net.minecraftforge.fml.loading.moddiscovery.ModFileInfo/LOADING]: Found valid mod file fabric-client-tags-api-v1-1.1.2+5d6761b877.jar with {fabric_client_tags_api_v1} mods - versions {1.1.2+5d6761b877}
[24Jul2025 19:23:25.543] [main/DEBUG] [net.minecraftforge.fml.loading.moddiscovery.ModFile/LOADING]: Loading mod file  with languages [LanguageSpec[languageName=javafml, acceptedVersions=[47,)]]
[24Jul2025 19:23:25.543] [main/DEBUG] [net.minecraftforge.fml.loading.moddiscovery.ModFile/LOADING]: Loading mod file  with languages []
[24Jul2025 19:23:25.543] [main/DEBUG] [net.minecraftforge.fml.loading.moddiscovery.ModFile/LOADING]: Loading mod file  with languages []
[24Jul2025 19:23:25.543] [main/DEBUG] [net.minecraftforge.fml.loading.moddiscovery.ModFileParser/LOADING]: Considering mod file candidate 
[24Jul2025 19:23:25.544] [main/DEBUG] [net.minecraftforge.fml.loading.moddiscovery.ModFileInfo/LOADING]: Found valid mod file mixinextras-forge-0.3.6.jar with {mixinextras} mods - versions {0.3.6}
[24Jul2025 19:23:25.544] [main/DEBUG] [net.minecraftforge.fml.loading.moddiscovery.ModFile/LOADING]: Loading mod file  with languages [LanguageSpec[languageName=javafml, acceptedVersions=*]]
[24Jul2025 19:23:25.544] [main/DEBUG] [net.minecraftforge.fml.loading.moddiscovery.ModFile/LOADING]: Loading mod file  with languages []
[24Jul2025 19:23:25.544] [main/DEBUG] [net.minecraftforge.fml.loading.moddiscovery.ModFile/LOADING]: Loading mod file  with languages []
[24Jul2025 19:23:25.544] [main/DEBUG] [net.minecraftforge.fml.loading.moddiscovery.ModFile/LOADING]: Loading mod file  with languages []
[24Jul2025 19:23:25.544] [main/DEBUG] [net.minecraftforge.fml.loading.moddiscovery.ModFile/LOADING]: Loading mod file  with languages []
[24Jul2025 19:23:25.544] [main/DEBUG] [net.minecraftforge.fml.loading.moddiscovery.ModFileParser/LOADING]: Considering mod file candidate 
[24Jul2025 19:23:25.545] [main/DEBUG] [net.minecraftforge.fml.loading.moddiscovery.ModFileInfo/LOADING]: Found valid mod file mixinextras-forge-0.3.6.jar with {mixinextras} mods - versions {0.3.6}
[24Jul2025 19:23:25.545] [main/DEBUG] [net.minecraftforge.fml.loading.moddiscovery.ModFile/LOADING]: Loading mod file  with languages [LanguageSpec[languageName=javafml, acceptedVersions=*]]
[24Jul2025 19:23:25.545] [main/DEBUG] [net.minecraftforge.fml.loading.moddiscovery.ModFile/LOADING]: Loading mod file  with languages []
[24Jul2025 19:23:25.545] [main/DEBUG] [net.minecraftforge.fml.loading.moddiscovery.ModFile/LOADING]: Loading mod file  with languages []
[24Jul2025 19:23:25.546] [main/DEBUG] [cpw.mods.modlauncher.TransformationServiceDecorator/MODLAUNCHER]: End scan trigger - transformation service fml
[24Jul2025 19:23:25.546] [main/DEBUG] [cpw.mods.modlauncher.TransformationServiceDecorator/MODLAUNCHER]: Beginning scan trigger - transformation service mixin-transmogrifier
[24Jul2025 19:23:25.547] [main/DEBUG] [cpw.mods.modlauncher.TransformationServiceDecorator/MODLAUNCHER]: End scan trigger - transformation service mixin-transmogrifier
[24Jul2025 19:23:25.547] [main/DEBUG] [cpw.mods.modlauncher.TransformationServiceDecorator/MODLAUNCHER]: Beginning scan trigger - transformation service connector_loader
[24Jul2025 19:23:25.547] [main/DEBUG] [cpw.mods.modlauncher.TransformationServiceDecorator/MODLAUNCHER]: End scan trigger - transformation service connector_loader
[24Jul2025 19:23:25.558] [main/DEBUG] [net.minecraftforge.fml.loading.LanguageLoadingProvider/CORE]: Found 3 language providers
[24Jul2025 19:23:25.559] [main/DEBUG] [net.minecraftforge.fml.loading.LanguageLoadingProvider/CORE]: Found language provider minecraft, version 1.0
[24Jul2025 19:23:25.559] [main/DEBUG] [net.minecraftforge.fml.loading.LanguageLoadingProvider/CORE]: Found language provider lowcodefml, version 47
[24Jul2025 19:23:25.559] [main/DEBUG] [net.minecraftforge.fml.loading.LanguageLoadingProvider/CORE]: Found language provider javafml, version 47
[24Jul2025 19:23:25.563] [main/DEBUG] [net.minecraftforge.fml.loading.UniqueModListBuilder/]: Found 2 mods for first modid mclib, selecting most recent based on version data
[24Jul2025 19:23:25.563] [main/DEBUG] [net.minecraftforge.fml.loading.UniqueModListBuilder/]: Selected file mclib-20.jar for modid mclib with version 0.0NONE
[24Jul2025 19:23:25.563] [main/DEBUG] [net.minecraftforge.fml.loading.UniqueModListBuilder/]: Found 2 mods for first modid java.client.SNAPSHOT, selecting most recent based on version data
[24Jul2025 19:23:25.563] [main/DEBUG] [net.minecraftforge.fml.loading.UniqueModListBuilder/]: Selected file java-client-3.0.6-SNAPSHOT.jar for modid java.client.SNAPSHOT with version 0.0NONE
[24Jul2025 19:23:25.563] [main/DEBUG] [net.minecraftforge.fml.loading.UniqueModListBuilder/]: Found 2 mods for first modid mixinextras, selecting most recent based on version data
[24Jul2025 19:23:25.564] [main/DEBUG] [net.minecraftforge.fml.loading.UniqueModListBuilder/]: Selected file mixinextras-forge-0.3.6.jar for modid mixinextras with version 0.3.6
[24Jul2025 19:23:25.564] [main/DEBUG] [net.minecraftforge.fml.loading.UniqueModListBuilder/]: Found 2 mods for first modid runtime._1._20._1, selecting most recent based on version data
[24Jul2025 19:23:25.564] [main/DEBUG] [net.minecraftforge.fml.loading.UniqueModListBuilder/]: Selected file runtime-1.0.0+1.20.1.jar for modid runtime._1._20._1 with version 1.0.0+1.20.1
[24Jul2025 19:23:25.564] [main/DEBUG] [net.minecraftforge.fml.loading.UniqueModListBuilder/]: Found 2 mods for first modid MixinExtras, selecting most recent based on version data
[24Jul2025 19:23:25.564] [main/DEBUG] [net.minecraftforge.fml.loading.UniqueModListBuilder/]: Selected file MixinExtras-0.3.6.jar for modid MixinExtras with version 0.0NONE
[24Jul2025 19:23:25.565] [main/DEBUG] [net.minecraftforge.fml.loading.ModSorter/]: Configured system mods: [minecraft, forge]
[24Jul2025 19:23:25.565] [main/DEBUG] [net.minecraftforge.fml.loading.ModSorter/]: Found system mod: minecraft
[24Jul2025 19:23:25.565] [main/DEBUG] [net.minecraftforge.fml.loading.ModSorter/]: Found system mod: forge
[24Jul2025 19:23:25.568] [main/DEBUG] [net.minecraftforge.fml.loading.ModSorter/LOADING]: Found 184 mod requirements (163 mandatory, 21 optional)
[24Jul2025 19:23:25.569] [main/DEBUG] [net.minecraftforge.fml.loading.ModSorter/LOADING]: Found 0 mod requirements missing (0 mandatory, 0 optional)
[24Jul2025 19:23:26.160] [main/DEBUG] [org.sinytra.connector.service.hacks.ModuleLayerMigrator/]: Attempting to make module authlib transformable
[24Jul2025 19:23:26.161] [main/INFO] [org.sinytra.connector.service.hacks.ModuleLayerMigrator/]: Successfully made module authlib transformable
[24Jul2025 19:23:26.163] [main/DEBUG] [cpw.mods.modlauncher.TransformationServicesHandler/MODLAUNCHER]: Transformation services loading transformers
[24Jul2025 19:23:26.163] [main/DEBUG] [cpw.mods.modlauncher.TransformationServiceDecorator/MODLAUNCHER]: Initializing transformers for transformation service mixin
[24Jul2025 19:23:26.164] [main/DEBUG] [cpw.mods.modlauncher.TransformationServiceDecorator/MODLAUNCHER]: Initialized transformers for transformation service mixin
[24Jul2025 19:23:26.164] [main/DEBUG] [cpw.mods.modlauncher.TransformationServiceDecorator/MODLAUNCHER]: Initializing transformers for transformation service fml
[24Jul2025 19:23:26.164] [main/DEBUG] [net.minecraftforge.fml.loading.FMLServiceProvider/CORE]: Loading coremod transformers
[24Jul2025 19:23:26.164] [main/DEBUG] [net.minecraftforge.coremod.CoreModEngine/COREMOD]: Loading CoreMod from META-INF/asm/implementFabricItem.js
[24Jul2025 19:23:26.382] [main/DEBUG] [net.minecraftforge.coremod.CoreModEngine/COREMOD]: CoreMod loaded successfully
[24Jul2025 19:23:26.383] [main/DEBUG] [net.minecraftforge.coremod.CoreModEngine/COREMOD]: Loading CoreMod from coremods/field_to_method.js
[24Jul2025 19:23:26.416] [main/DEBUG] [net.minecraftforge.coremod.CoreModEngine/COREMOD]: CoreMod loaded successfully
[24Jul2025 19:23:26.416] [main/DEBUG] [net.minecraftforge.coremod.CoreModEngine/COREMOD]: Loading CoreMod from coremods/field_to_instanceof.js
[24Jul2025 19:23:26.463] [main/DEBUG] [net.minecraftforge.coremod.CoreModEngine/COREMOD]: CoreMod loaded successfully
[24Jul2025 19:23:26.464] [main/DEBUG] [net.minecraftforge.coremod.CoreModEngine/COREMOD]: Loading CoreMod from coremods/add_bouncer_method.js
[24Jul2025 19:23:26.493] [main/DEBUG] [net.minecraftforge.coremod.CoreModEngine/COREMOD]: CoreMod loaded successfully
[24Jul2025 19:23:26.494] [main/DEBUG] [net.minecraftforge.coremod.CoreModEngine/COREMOD]: Loading CoreMod from coremods/method_redirector.js
[24Jul2025 19:23:26.550] [main/DEBUG] [net.minecraftforge.coremod.CoreModEngine/COREMOD]: CoreMod loaded successfully
[24Jul2025 19:23:26.550] [main/DEBUG] [net.minecraftforge.coremod.CoreModEngine/COREMOD]: Loading CoreMod from META-INF/asm/mutableOxidizableBlocks.js
[24Jul2025 19:23:26.562] [main/DEBUG] [net.minecraftforge.coremod.CoreModEngine/COREMOD]: CoreMod loaded successfully
[24Jul2025 19:23:26.562] [main/DEBUG] [net.minecraftforge.coremod.CoreModEngine/COREMOD]: Loading CoreMod from META-INF/asm/implementFabricBlock.js
[24Jul2025 19:23:26.578] [main/DEBUG] [net.minecraftforge.coremod.CoreModEngine/COREMOD]: CoreMod loaded successfully
[24Jul2025 19:23:26.579] [main/DEBUG] [net.minecraftforge.coremod.CoreModEngine/COREMOD]: Loading CoreMod from META-INF/asm/implementFabricBlockState.js
[24Jul2025 19:23:26.593] [main/DEBUG] [net.minecraftforge.coremod.CoreModEngine/COREMOD]: CoreMod loaded successfully
[24Jul2025 19:23:26.593] [main/DEBUG] [net.minecraftforge.coremod.CoreModEngine/COREMOD]: Loading CoreMod from META-INF/asm/injectDataProvider.js
[24Jul2025 19:23:26.607] [main/DEBUG] [net.minecraftforge.coremod.CoreModEngine/COREMOD]: CoreMod loaded successfully
[24Jul2025 19:23:26.607] [main/DEBUG] [net.minecraftforge.coremod.CoreModEngine/COREMOD]: Loading CoreMod from META-INF/asm/injectCreativeModeTabCtr.js
[24Jul2025 19:23:26.618] [main/DEBUG] [net.minecraftforge.coremod.CoreModEngine/COREMOD]: CoreMod loaded successfully
[24Jul2025 19:23:26.618] [main/DEBUG] [net.minecraftforge.coremod.CoreModEngine/COREMOD]: Loading CoreMod from META-INF/asm/injectFabricASM.js
[24Jul2025 19:23:26.641] [main/DEBUG] [net.minecraftforge.coremod.CoreModEngine/COREMOD]: CoreMod loaded successfully
[24Jul2025 19:23:26.641] [main/DEBUG] [net.minecraftforge.coremod.CoreModEngine/COREMOD]: Loading CoreMod from META-INF/asm/updateItemUseStartTreshold.js
[24Jul2025 19:23:26.650] [main/DEBUG] [net.minecraftforge.coremod.CoreModEngine/COREMOD]: CoreMod loaded successfully
[24Jul2025 19:23:26.650] [main/DEBUG] [net.minecraftforge.coremod.CoreModEngine/COREMOD]: Loading CoreMod from META-INF/asm/expandLocalVarScope.js
[24Jul2025 19:23:26.664] [main/DEBUG] [net.minecraftforge.coremod.CoreModEngine/COREMOD]: CoreMod loaded successfully
[24Jul2025 19:23:26.664] [main/DEBUG] [net.minecraftforge.coremod.CoreModEngine/COREMOD]: Loading CoreMod from META-INF/asm/fixFieldSignatureChanges.js
[24Jul2025 19:23:26.673] [main/DEBUG] [net.minecraftforge.coremod.CoreModEngine/COREMOD]: CoreMod loaded successfully
[24Jul2025 19:23:26.673] [main/DEBUG] [net.minecraftforge.coremod.CoreModEngine/COREMOD]: Loading CoreMod from META-INF/asm/addFabricKeySortOrders.js
[24Jul2025 19:23:26.683] [main/DEBUG] [net.minecraftforge.coremod.CoreModEngine/COREMOD]: CoreMod loaded successfully
[24Jul2025 19:23:26.696] [main/DEBUG] [cpw.mods.modlauncher.TransformStore/MODLAUNCHER]: Adding transformer net.minecraftforge.coremod.transformer.CoreModClassTransformer@4c7d7430 to Target : CLASS {Lnet/minecraftforge/common/extensions/IForgeItem;} {} {V}
[24Jul2025 19:23:26.696] [main/DEBUG] [cpw.mods.modlauncher.TransformStore/MODLAUNCHER]: Adding transformer net.minecraftforge.coremod.transformer.CoreModClassTransformer@5fe46d52 to Target : CLASS {Lnet/minecraft/world/level/biome/Biome;} {} {V}
[24Jul2025 19:23:26.697] [main/DEBUG] [cpw.mods.modlauncher.TransformStore/MODLAUNCHER]: Adding transformer net.minecraftforge.coremod.transformer.CoreModClassTransformer@448ade1 to Target : CLASS {Lnet/minecraft/world/level/levelgen/structure/Structure;} {} {V}
[24Jul2025 19:23:26.697] [main/DEBUG] [cpw.mods.modlauncher.TransformStore/MODLAUNCHER]: Adding transformer net.minecraftforge.coremod.transformer.CoreModClassTransformer@21f9c6ea to Target : CLASS {Lnet/minecraft/world/effect/MobEffectInstance;} {} {V}
[24Jul2025 19:23:26.697] [main/DEBUG] [cpw.mods.modlauncher.TransformStore/MODLAUNCHER]: Adding transformer net.minecraftforge.coremod.transformer.CoreModClassTransformer@418f0534 to Target : CLASS {Lnet/minecraft/world/level/block/LiquidBlock;} {} {V}
[24Jul2025 19:23:26.697] [main/DEBUG] [cpw.mods.modlauncher.TransformStore/MODLAUNCHER]: Adding transformer net.minecraftforge.coremod.transformer.CoreModClassTransformer@3dfd7eaa to Target : CLASS {Lnet/minecraft/world/item/BucketItem;} {} {V}
[24Jul2025 19:23:26.697] [main/DEBUG] [cpw.mods.modlauncher.TransformStore/MODLAUNCHER]: Adding transformer net.minecraftforge.coremod.transformer.CoreModClassTransformer@7c9beb51 to Target : CLASS {Lnet/minecraft/world/level/block/StairBlock;} {} {V}
[24Jul2025 19:23:26.697] [main/DEBUG] [cpw.mods.modlauncher.TransformStore/MODLAUNCHER]: Adding transformer net.minecraftforge.coremod.transformer.CoreModClassTransformer@133aacbe to Target : CLASS {Lnet/minecraft/world/level/block/FlowerPotBlock;} {} {V}
[24Jul2025 19:23:26.697] [main/DEBUG] [cpw.mods.modlauncher.TransformStore/MODLAUNCHER]: Adding transformer net.minecraftforge.coremod.transformer.CoreModClassTransformer@2aa5bd48 to Target : CLASS {Lnet/minecraft/world/item/ItemStack;} {} {V}
[24Jul2025 19:23:26.697] [main/DEBUG] [cpw.mods.modlauncher.TransformStore/MODLAUNCHER]: Adding transformer net.minecraftforge.coremod.transformer.CoreModClassTransformer@7cfb8e98 to Target : CLASS {Lnet/minecraft/network/play/client/CClientSettingsPacket;} {} {V}
[24Jul2025 19:23:26.697] [main/DEBUG] [cpw.mods.modlauncher.TransformStore/MODLAUNCHER]: Adding transformer net.minecraftforge.coremod.transformer.CoreModClassTransformer@5f193335 to Target : CLASS {Lnet/minecraft/world/entity/ai/village/VillageSiege;} {} {V}
[24Jul2025 19:23:26.697] [main/DEBUG] [cpw.mods.modlauncher.TransformStore/MODLAUNCHER]: Adding transformer net.minecraftforge.coremod.transformer.CoreModClassTransformer@5f193335 to Target : CLASS {Lnet/minecraft/world/entity/monster/Evoker$EvokerSummonSpellGoal;} {} {V}
[24Jul2025 19:23:26.697] [main/DEBUG] [cpw.mods.modlauncher.TransformStore/MODLAUNCHER]: Adding transformer net.minecraftforge.coremod.transformer.CoreModClassTransformer@5f193335 to Target : CLASS {Lnet/minecraft/world/level/levelgen/structure/structures/SwampHutPiece;} {} {V}
[24Jul2025 19:23:26.697] [main/DEBUG] [cpw.mods.modlauncher.TransformStore/MODLAUNCHER]: Adding transformer net.minecraftforge.coremod.transformer.CoreModClassTransformer@5f193335 to Target : CLASS {Lnet/minecraft/world/level/levelgen/structure/structures/WoodlandMansionPieces$WoodlandMansionPiece;} {} {V}
[24Jul2025 19:23:26.697] [main/DEBUG] [cpw.mods.modlauncher.TransformStore/MODLAUNCHER]: Adding transformer net.minecraftforge.coremod.transformer.CoreModClassTransformer@5f193335 to Target : CLASS {Lnet/minecraft/world/entity/EntityType;} {} {V}
[24Jul2025 19:23:26.697] [main/DEBUG] [cpw.mods.modlauncher.TransformStore/MODLAUNCHER]: Adding transformer net.minecraftforge.coremod.transformer.CoreModClassTransformer@5f193335 to Target : CLASS {Lnet/minecraft/world/level/levelgen/PhantomSpawner;} {} {V}
[24Jul2025 19:23:26.697] [main/DEBUG] [cpw.mods.modlauncher.TransformStore/MODLAUNCHER]: Adding transformer net.minecraftforge.coremod.transformer.CoreModClassTransformer@5f193335 to Target : CLASS {Lnet/minecraft/world/entity/npc/CatSpawner;} {} {V}
[24Jul2025 19:23:26.697] [main/DEBUG] [cpw.mods.modlauncher.TransformStore/MODLAUNCHER]: Adding transformer net.minecraftforge.coremod.transformer.CoreModClassTransformer@5f193335 to Target : CLASS {Lnet/minecraft/world/level/levelgen/structure/structures/OceanRuinPieces$OceanRuinPiece;} {} {V}
[24Jul2025 19:23:26.698] [main/DEBUG] [cpw.mods.modlauncher.TransformStore/MODLAUNCHER]: Adding transformer net.minecraftforge.coremod.transformer.CoreModClassTransformer@5f193335 to Target : CLASS {Lnet/minecraft/world/level/NaturalSpawner;} {} {V}
[24Jul2025 19:23:26.698] [main/DEBUG] [cpw.mods.modlauncher.TransformStore/MODLAUNCHER]: Adding transformer net.minecraftforge.coremod.transformer.CoreModClassTransformer@5f193335 to Target : CLASS {Lnet/minecraft/world/level/levelgen/structure/templatesystem/StructureTemplate;} {} {V}
[24Jul2025 19:23:26.698] [main/DEBUG] [cpw.mods.modlauncher.TransformStore/MODLAUNCHER]: Adding transformer net.minecraftforge.coremod.transformer.CoreModClassTransformer@5f193335 to Target : CLASS {Lnet/minecraft/world/entity/animal/frog/Tadpole;} {} {V}
[24Jul2025 19:23:26.698] [main/DEBUG] [cpw.mods.modlauncher.TransformStore/MODLAUNCHER]: Adding transformer net.minecraftforge.coremod.transformer.CoreModClassTransformer@5f193335 to Target : CLASS {Lnet/minecraft/world/entity/monster/Zombie;} {} {V}
[24Jul2025 19:23:26.698] [main/DEBUG] [cpw.mods.modlauncher.TransformStore/MODLAUNCHER]: Adding transformer net.minecraftforge.coremod.transformer.CoreModClassTransformer@5f193335 to Target : CLASS {Lnet/minecraft/world/entity/monster/Strider;} {} {V}
[24Jul2025 19:23:26.698] [main/DEBUG] [cpw.mods.modlauncher.TransformStore/MODLAUNCHER]: Adding transformer net.minecraftforge.coremod.transformer.CoreModClassTransformer@5f193335 to Target : CLASS {Lnet/minecraft/world/entity/raid/Raid;} {} {V}
[24Jul2025 19:23:26.698] [main/DEBUG] [cpw.mods.modlauncher.TransformStore/MODLAUNCHER]: Adding transformer net.minecraftforge.coremod.transformer.CoreModClassTransformer@5f193335 to Target : CLASS {Lnet/minecraft/world/entity/animal/horse/SkeletonTrapGoal;} {} {V}
[24Jul2025 19:23:26.698] [main/DEBUG] [cpw.mods.modlauncher.TransformStore/MODLAUNCHER]: Adding transformer net.minecraftforge.coremod.transformer.CoreModClassTransformer@5f193335 to Target : CLASS {Lnet/minecraft/world/level/levelgen/structure/structures/OceanMonumentPieces$OceanMonumentPiece;} {} {V}
[24Jul2025 19:23:26.698] [main/DEBUG] [cpw.mods.modlauncher.TransformStore/MODLAUNCHER]: Adding transformer net.minecraftforge.coremod.transformer.CoreModClassTransformer@5f193335 to Target : CLASS {Lnet/minecraft/server/commands/RaidCommand;} {} {V}
[24Jul2025 19:23:26.698] [main/DEBUG] [cpw.mods.modlauncher.TransformStore/MODLAUNCHER]: Adding transformer net.minecraftforge.coremod.transformer.CoreModClassTransformer@5f193335 to Target : CLASS {Lnet/minecraft/world/entity/npc/Villager;} {} {V}
[24Jul2025 19:23:26.698] [main/DEBUG] [cpw.mods.modlauncher.TransformStore/MODLAUNCHER]: Adding transformer net.minecraftforge.coremod.transformer.CoreModClassTransformer@5f193335 to Target : CLASS {Lnet/minecraft/server/commands/SummonCommand;} {} {V}
[24Jul2025 19:23:26.698] [main/DEBUG] [cpw.mods.modlauncher.TransformStore/MODLAUNCHER]: Adding transformer net.minecraftforge.coremod.transformer.CoreModClassTransformer@5f193335 to Target : CLASS {Lnet/minecraft/world/entity/monster/Spider;} {} {V}
[24Jul2025 19:23:26.698] [main/DEBUG] [cpw.mods.modlauncher.TransformStore/MODLAUNCHER]: Adding transformer net.minecraftforge.coremod.transformer.CoreModClassTransformer@5f193335 to Target : CLASS {Lnet/minecraft/world/level/levelgen/PatrolSpawner;} {} {V}
[24Jul2025 19:23:26.698] [main/DEBUG] [cpw.mods.modlauncher.TransformStore/MODLAUNCHER]: Adding transformer net.minecraftforge.coremod.transformer.CoreModClassTransformer@5f193335 to Target : CLASS {Lnet/minecraft/world/entity/monster/ZombieVillager;} {} {V}
[24Jul2025 19:23:26.698] [main/DEBUG] [cpw.mods.modlauncher.TransformStore/MODLAUNCHER]: Adding transformer net.minecraftforge.coremod.transformer.CoreModClassTransformer@19002b34 to Target : CLASS {Lnet/minecraftforge/common/extensions/IForgeBlock;} {} {V}
[24Jul2025 19:23:26.698] [main/DEBUG] [cpw.mods.modlauncher.TransformStore/MODLAUNCHER]: Adding transformer net.minecraftforge.coremod.transformer.CoreModClassTransformer@1ec88aa1 to Target : CLASS {Lnet/minecraftforge/common/extensions/IForgeBlockState;} {} {V}
[24Jul2025 19:23:26.698] [main/DEBUG] [cpw.mods.modlauncher.TransformStore/MODLAUNCHER]: Adding transformer net.minecraftforge.coremod.transformer.CoreModClassTransformer@3e6748ae to Target : CLASS {Lnet/minecraft/world/item/CreativeModeTab;} {} {V}
[24Jul2025 19:23:26.699] [main/DEBUG] [cpw.mods.modlauncher.TransformStore/MODLAUNCHER]: Adding transformer net.minecraftforge.coremod.transformer.CoreModClassTransformer@28f154cc to Target : CLASS {Lnet/minecraft/client/KeyMapping;} {} {V}
[24Jul2025 19:23:26.699] [main/DEBUG] [cpw.mods.modlauncher.TransformStore/MODLAUNCHER]: Adding transformer net.minecraftforge.coremod.transformer.CoreModMethodTransformer@6af78a48 to Target : METHOD {Lnet/minecraftforge/common/extensions/IForgeItem;} {getCraftingRemainingItem} {(Lnet/minecraft/world/item/ItemStack;)Lnet/minecraft/world/item/ItemStack;}
[24Jul2025 19:23:26.699] [main/DEBUG] [cpw.mods.modlauncher.TransformStore/MODLAUNCHER]: Adding transformer net.minecraftforge.coremod.transformer.CoreModMethodTransformer@6ed18d80 to Target : METHOD {Lnet/minecraftforge/common/extensions/IForgeItem;} {hasCraftingRemainingItem} {(Lnet/minecraft/world/item/ItemStack;)Z}
[24Jul2025 19:23:26.699] [main/DEBUG] [cpw.mods.modlauncher.TransformStore/MODLAUNCHER]: Adding transformer net.minecraftforge.coremod.transformer.CoreModMethodTransformer@4c24f3a2 to Target : METHOD {Lnet/minecraftforge/common/extensions/IForgeItem;} {getAttributeModifiers} {(Lnet/minecraft/world/entity/EquipmentSlot;Lnet/minecraft/world/item/ItemStack;)Lcom/google/common/collect/Multimap;}
[24Jul2025 19:23:26.699] [main/DEBUG] [cpw.mods.modlauncher.TransformStore/MODLAUNCHER]: Adding transformer net.minecraftforge.coremod.transformer.CoreModMethodTransformer@783b3aa0 to Target : METHOD {Lnet/minecraftforge/common/extensions/IForgeItem;} {isCorrectToolForDrops} {(Lnet/minecraft/world/item/ItemStack;Lnet/minecraft/world/level/block/state/BlockState;)Z}
[24Jul2025 19:23:26.699] [main/DEBUG] [cpw.mods.modlauncher.TransformStore/MODLAUNCHER]: Adding transformer net.minecraftforge.coremod.transformer.CoreModMethodTransformer@2ec85a25 to Target : METHOD {Lnet/minecraftforge/common/extensions/IForgeItem;} {shouldCauseReequipAnimation} {(Lnet/minecraft/world/item/ItemStack;Lnet/minecraft/world/item/ItemStack;Z)Z}
[24Jul2025 19:23:26.699] [main/DEBUG] [cpw.mods.modlauncher.TransformStore/MODLAUNCHER]: Adding transformer net.minecraftforge.coremod.transformer.CoreModMethodTransformer@4c176ff1 to Target : METHOD {Lnet/minecraftforge/common/extensions/IForgeItem;} {getEquipmentSlot} {(Lnet/minecraft/world/item/ItemStack;)Lnet/minecraft/world/entity/EquipmentSlot;}
[24Jul2025 19:23:26.699] [main/DEBUG] [cpw.mods.modlauncher.TransformStore/MODLAUNCHER]: Adding transformer net.minecraftforge.coremod.transformer.CoreModMethodTransformer@27c53c32 to Target : METHOD {Lnet/minecraftforge/common/extensions/IForgeItem;} {damageItem} {(Lnet/minecraft/world/item/ItemStack;ILnet/minecraft/world/entity/LivingEntity;Ljava/util/function/Consumer;)I}
[24Jul2025 19:23:26.699] [main/DEBUG] [cpw.mods.modlauncher.TransformStore/MODLAUNCHER]: Adding transformer net.minecraftforge.coremod.transformer.CoreModMethodTransformer@68aec50 to Target : METHOD {Lnet/minecraft/world/level/block/WeatheringCopper;} {m_154909_} {()Lcom/google/common/collect/BiMap;}
[24Jul2025 19:23:26.699] [main/DEBUG] [cpw.mods.modlauncher.TransformStore/MODLAUNCHER]: Adding transformer net.minecraftforge.coremod.transformer.CoreModMethodTransformer@6aff97d6 to Target : METHOD {Lnet/minecraftforge/common/extensions/IForgeBlock;} {getAppearance} {(Lnet/minecraft/world/level/block/state/BlockState;Lnet/minecraft/world/level/BlockAndTintGetter;Lnet/minecraft/core/BlockPos;Lnet/minecraft/core/Direction;Lnet/minecraft/world/level/block/state/BlockState;Lnet/minecraft/core/BlockPos;)Lnet/minecraft/world/level/block/state/BlockState;}
[24Jul2025 19:23:26.699] [main/DEBUG] [cpw.mods.modlauncher.TransformStore/MODLAUNCHER]: Adding transformer net.minecraftforge.coremod.transformer.CoreModMethodTransformer@1d60059f to Target : METHOD {Lnet/minecraftforge/common/extensions/IForgeBlockState;} {getAppearance} {(Lnet/minecraft/world/level/BlockAndTintGetter;Lnet/minecraft/core/BlockPos;Lnet/minecraft/core/Direction;Lnet/minecraft/world/level/block/state/BlockState;Lnet/minecraft/core/BlockPos;)Lnet/minecraft/world/level/block/state/BlockState;}
[24Jul2025 19:23:26.699] [main/DEBUG] [cpw.mods.modlauncher.TransformStore/MODLAUNCHER]: Adding transformer net.minecraftforge.coremod.transformer.CoreModMethodTransformer@134a8ead to Target : METHOD {Lnet/minecraft/data/DataProvider;} {m_236069_} {(Lit/unimi/dsi/fastutil/objects/Object2IntOpenHashMap;)V}
[24Jul2025 19:23:26.699] [main/DEBUG] [cpw.mods.modlauncher.TransformStore/MODLAUNCHER]: Adding transformer net.minecraftforge.coremod.transformer.CoreModMethodTransformer@427308f8 to Target : METHOD {Lcom/chocohead/mm/Plugin;} {fishAddURL} {()Ljava/util/function/Consumer;}
[24Jul2025 19:23:26.699] [main/DEBUG] [cpw.mods.modlauncher.TransformStore/MODLAUNCHER]: Adding transformer net.minecraftforge.coremod.transformer.CoreModMethodTransformer@54247647 to Target : METHOD {Lcom/chocohead/mm/Plugin$1;} {generate} {(Ljava/lang/String;Ljava/util/Collection;)V}
[24Jul2025 19:23:26.699] [main/DEBUG] [cpw.mods.modlauncher.TransformStore/MODLAUNCHER]: Adding transformer net.minecraftforge.coremod.transformer.CoreModMethodTransformer@4975dda1 to Target : METHOD {Lcom/chocohead/mm/EnumSubclasser;} {defineAnonymousSubclass} {(Lorg/objectweb/asm/tree/ClassNode;Lcom/chocohead/mm/api/EnumAdder$EnumAddition;Ljava/lang/String;Ljava/lang/String;)[B}
[24Jul2025 19:23:26.700] [main/DEBUG] [cpw.mods.modlauncher.TransformStore/MODLAUNCHER]: Adding transformer net.minecraftforge.coremod.transformer.CoreModMethodTransformer@e0d1dc4 to Target : METHOD {Lme/shedaniel/mm/Plugin;} {fishAddURL} {()Ljava/util/function/Consumer;}
[24Jul2025 19:23:26.700] [main/DEBUG] [cpw.mods.modlauncher.TransformStore/MODLAUNCHER]: Adding transformer net.minecraftforge.coremod.transformer.CoreModMethodTransformer@5463f035 to Target : METHOD {Lme/shedaniel/mm/Plugin$1;} {generate} {(Ljava/lang/String;Ljava/util/Collection;)V}
[24Jul2025 19:23:26.700] [main/DEBUG] [cpw.mods.modlauncher.TransformStore/MODLAUNCHER]: Adding transformer net.minecraftforge.coremod.transformer.CoreModMethodTransformer@230232b0 to Target : METHOD {Lme/shedaniel/mm/EnumSubclasser;} {defineAnonymousSubclass} {(Lorg/objectweb/asm/tree/ClassNode;Lcom/chocohead/mm/api/EnumAdder$EnumAddition;Ljava/lang/String;Ljava/lang/String;)[B}
[24Jul2025 19:23:26.700] [main/DEBUG] [cpw.mods.modlauncher.TransformStore/MODLAUNCHER]: Adding transformer net.minecraftforge.coremod.transformer.CoreModMethodTransformer@44fd7ba4 to Target : METHOD {Lnet/minecraft/world/entity/LivingEntity;} {m_6672_} {(Lnet/minecraft/world/InteractionHand;)V}
[24Jul2025 19:23:26.700] [main/DEBUG] [cpw.mods.modlauncher.TransformStore/MODLAUNCHER]: Adding transformer net.minecraftforge.coremod.transformer.CoreModMethodTransformer@22f8adc2 to Target : METHOD {Lnet/minecraft/world/entity/LivingEntity;} {m_147215_} {(Lnet/minecraft/world/effect/MobEffectInstance;Lnet/minecraft/world/entity/Entity;)V}
[24Jul2025 19:23:26.700] [main/DEBUG] [cpw.mods.modlauncher.TransformStore/MODLAUNCHER]: Adding transformer net.minecraftforge.coremod.transformer.CoreModMethodTransformer@69d103f0 to Target : METHOD {Lnet/minecraft/world/level/BaseSpawner;} {m_151311_} {(Lnet/minecraft/server/level/ServerLevel;Lnet/minecraft/core/BlockPos;)V}
[24Jul2025 19:23:26.700] [main/DEBUG] [cpw.mods.modlauncher.TransformStore/MODLAUNCHER]: Adding transformer net.minecraftforge.coremod.transformer.CoreModMethodTransformer@5b742bc8 to Target : METHOD {Lnet/minecraft/data/DataProvider;} {m_236069_} {(Lit/unimi/dsi/fastutil/objects/Object2IntOpenHashMap;)V}
[24Jul2025 19:23:26.700] [main/DEBUG] [cpw.mods.modlauncher.TransformationServiceDecorator/MODLAUNCHER]: Initialized transformers for transformation service fml
[24Jul2025 19:23:26.700] [main/DEBUG] [cpw.mods.modlauncher.TransformationServiceDecorator/MODLAUNCHER]: Initializing transformers for transformation service mixin-transmogrifier
[24Jul2025 19:23:26.700] [main/DEBUG] [cpw.mods.modlauncher.TransformationServiceDecorator/MODLAUNCHER]: Initialized transformers for transformation service mixin-transmogrifier
[24Jul2025 19:23:26.700] [main/DEBUG] [cpw.mods.modlauncher.TransformationServiceDecorator/MODLAUNCHER]: Initializing transformers for transformation service connector_loader
[24Jul2025 19:23:26.700] [main/DEBUG] [cpw.mods.modlauncher.TransformationServiceDecorator/MODLAUNCHER]: Initialized transformers for transformation service connector_loader
[24Jul2025 19:23:27.257] [main/DEBUG] [mixin/]: Processing prepare() for PlatformAgent[MixinPlatformAgentDefault:ModLauncher Root Container(ModLauncher:4f56a0a2)]
[24Jul2025 19:23:27.257] [main/DEBUG] [mixin/]: Processing launch tasks for PlatformAgent[MixinPlatformAgentDefault:ModLauncher Root Container(ModLauncher:4f56a0a2)]
[24Jul2025 19:23:27.257] [main/DEBUG] [mixin/]: Adding mixin platform agents for container SecureJarResource(mixin_generated_classes)
[24Jul2025 19:23:27.257] [main/DEBUG] [mixin/]: Instancing new MixinPlatformAgentMinecraftForge for SecureJarResource(mixin_generated_classes)
[24Jul2025 19:23:27.257] [main/DEBUG] [mixin/]: MixinPlatformAgentMinecraftForge rejected container SecureJarResource(mixin_generated_classes)
[24Jul2025 19:23:27.257] [main/DEBUG] [mixin/]: Instancing new MixinPlatformAgentDefault for SecureJarResource(mixin_generated_classes)
[24Jul2025 19:23:27.257] [main/DEBUG] [mixin/]: MixinPlatformAgentDefault accepted container SecureJarResource(mixin_generated_classes)
[24Jul2025 19:23:27.257] [main/DEBUG] [mixin/]: Processing prepare() for PlatformAgent[MixinPlatformAgentDefault:SecureJarResource(mixin_generated_classes)]
[24Jul2025 19:23:27.257] [main/DEBUG] [mixin/]: Adding mixin platform agents for container SecureJarResource(fabric_transfer_api_v1)
[24Jul2025 19:23:27.257] [main/DEBUG] [mixin/]: Instancing new MixinPlatformAgentMinecraftForge for SecureJarResource(fabric_transfer_api_v1)
[24Jul2025 19:23:27.257] [main/DEBUG] [mixin/]: MixinPlatformAgentMinecraftForge rejected container SecureJarResource(fabric_transfer_api_v1)
[24Jul2025 19:23:27.257] [main/DEBUG] [mixin/]: Instancing new MixinPlatformAgentDefault for SecureJarResource(fabric_transfer_api_v1)
[24Jul2025 19:23:27.257] [main/DEBUG] [mixin/]: MixinPlatformAgentDefault accepted container SecureJarResource(fabric_transfer_api_v1)
[24Jul2025 19:23:27.258] [main/DEBUG] [mixin/]: Processing prepare() for PlatformAgent[MixinPlatformAgentDefault:SecureJarResource(fabric_transfer_api_v1)]
[24Jul2025 19:23:27.258] [main/DEBUG] [mixin/]: Registering mixin config: fabric-transfer-api-v1.mixins.json
[24Jul2025 19:23:27.299] [main/DEBUG] [mixin/]: Adding mixin platform agents for container SecureJarResource(fabric_dimensions_v1)
[24Jul2025 19:23:27.299] [main/DEBUG] [mixin/]: Instancing new MixinPlatformAgentMinecraftForge for SecureJarResource(fabric_dimensions_v1)
[24Jul2025 19:23:27.299] [main/DEBUG] [mixin/]: MixinPlatformAgentMinecraftForge rejected container SecureJarResource(fabric_dimensions_v1)
[24Jul2025 19:23:27.299] [main/DEBUG] [mixin/]: Instancing new MixinPlatformAgentDefault for SecureJarResource(fabric_dimensions_v1)
[24Jul2025 19:23:27.299] [main/DEBUG] [mixin/]: MixinPlatformAgentDefault accepted container SecureJarResource(fabric_dimensions_v1)
[24Jul2025 19:23:27.299] [main/DEBUG] [mixin/]: Processing prepare() for PlatformAgent[MixinPlatformAgentDefault:SecureJarResource(fabric_dimensions_v1)]
[24Jul2025 19:23:27.299] [main/DEBUG] [mixin/]: Adding mixin platform agents for container SecureJarResource(kuma_api)
[24Jul2025 19:23:27.299] [main/DEBUG] [mixin/]: Instancing new MixinPlatformAgentMinecraftForge for SecureJarResource(kuma_api)
[24Jul2025 19:23:27.299] [main/DEBUG] [mixin/]: MixinPlatformAgentMinecraftForge rejected container SecureJarResource(kuma_api)
[24Jul2025 19:23:27.299] [main/DEBUG] [mixin/]: Instancing new MixinPlatformAgentDefault for SecureJarResource(kuma_api)
[24Jul2025 19:23:27.299] [main/DEBUG] [mixin/]: MixinPlatformAgentDefault accepted container SecureJarResource(kuma_api)
[24Jul2025 19:23:27.299] [main/DEBUG] [mixin/]: Processing prepare() for PlatformAgent[MixinPlatformAgentDefault:SecureJarResource(kuma_api)]
[24Jul2025 19:23:27.300] [main/DEBUG] [mixin/]: Registering mixin config: kuma_api.mixins.json
[24Jul2025 19:23:27.302] [main/DEBUG] [mixin/]: Compatibility level JAVA_17 specified by kuma_api.mixins.json is higher than the maximum level supported by this version of mixin (JAVA_13).
[24Jul2025 19:23:27.305] [main/INFO] [mixin/]: Compatibility level set to JAVA_17
[24Jul2025 19:23:27.305] [main/DEBUG] [mixin/]: Registering mixin config: kuma_api.forge.mixins.json
[24Jul2025 19:23:27.307] [main/DEBUG] [mixin/]: Adding mixin platform agents for container SecureJarResource(fabric_renderer_api_v1)
[24Jul2025 19:23:27.307] [main/DEBUG] [mixin/]: Instancing new MixinPlatformAgentMinecraftForge for SecureJarResource(fabric_renderer_api_v1)
[24Jul2025 19:23:27.308] [main/DEBUG] [mixin/]: MixinPlatformAgentMinecraftForge rejected container SecureJarResource(fabric_renderer_api_v1)
[24Jul2025 19:23:27.308] [main/DEBUG] [mixin/]: Instancing new MixinPlatformAgentDefault for SecureJarResource(fabric_renderer_api_v1)
[24Jul2025 19:23:27.308] [main/DEBUG] [mixin/]: MixinPlatformAgentDefault accepted container SecureJarResource(fabric_renderer_api_v1)
[24Jul2025 19:23:27.308] [main/DEBUG] [mixin/]: Processing prepare() for PlatformAgent[MixinPlatformAgentDefault:SecureJarResource(fabric_renderer_api_v1)]
[24Jul2025 19:23:27.308] [main/DEBUG] [mixin/]: Registering mixin config: fabric-renderer-api-v1.mixins.json
[24Jul2025 19:23:27.310] [main/DEBUG] [mixin/]: Compatibility level JAVA_16 specified by fabric-renderer-api-v1.mixins.json is higher than the maximum level supported by this version of mixin (JAVA_13).
[24Jul2025 19:23:27.310] [main/DEBUG] [mixin/]: Registering mixin config: fabric-renderer-api-v1.debughud.mixins.json
[24Jul2025 19:23:27.313] [main/DEBUG] [mixin/]: Compatibility level JAVA_16 specified by fabric-renderer-api-v1.debughud.mixins.json is higher than the maximum level supported by this version of mixin (JAVA_13).
[24Jul2025 19:23:27.313] [main/DEBUG] [mixin/]: Adding mixin platform agents for container SecureJarResource(animation_overhaul)
[24Jul2025 19:23:27.313] [main/DEBUG] [mixin/]: Instancing new MixinPlatformAgentMinecraftForge for SecureJarResource(animation_overhaul)
[24Jul2025 19:23:27.313] [main/DEBUG] [mixin/]: MixinPlatformAgentMinecraftForge rejected container SecureJarResource(animation_overhaul)
[24Jul2025 19:23:27.313] [main/DEBUG] [mixin/]: Instancing new MixinPlatformAgentDefault for SecureJarResource(animation_overhaul)
[24Jul2025 19:23:27.313] [main/DEBUG] [mixin/]: MixinPlatformAgentDefault accepted container SecureJarResource(animation_overhaul)
[24Jul2025 19:23:27.313] [main/DEBUG] [mixin/]: Processing prepare() for PlatformAgent[MixinPlatformAgentDefault:SecureJarResource(animation_overhaul)]
[24Jul2025 19:23:27.313] [main/DEBUG] [mixin/]: Registering mixin config: animation_overhaul.mixins.json
[24Jul2025 19:23:27.316] [main/DEBUG] [mixin/]: Adding mixin platform agents for container SecureJarResource(geckolib)
[24Jul2025 19:23:27.316] [main/DEBUG] [mixin/]: Instancing new MixinPlatformAgentMinecraftForge for SecureJarResource(geckolib)
[24Jul2025 19:23:27.316] [main/DEBUG] [mixin/]: MixinPlatformAgentMinecraftForge rejected container SecureJarResource(geckolib)
[24Jul2025 19:23:27.316] [main/DEBUG] [mixin/]: Instancing new MixinPlatformAgentDefault for SecureJarResource(geckolib)
[24Jul2025 19:23:27.316] [main/DEBUG] [mixin/]: MixinPlatformAgentDefault accepted container SecureJarResource(geckolib)
[24Jul2025 19:23:27.316] [main/DEBUG] [mixin/]: Processing prepare() for PlatformAgent[MixinPlatformAgentDefault:SecureJarResource(geckolib)]
[24Jul2025 19:23:27.316] [main/DEBUG] [mixin/]: Registering mixin config: geckolib.mixins.json
[24Jul2025 19:23:27.319] [main/DEBUG] [mixin/]: Adding mixin platform agents for container SecureJarResource(folk_sisby_kaleido_config)
[24Jul2025 19:23:27.319] [main/DEBUG] [mixin/]: Instancing new MixinPlatformAgentMinecraftForge for SecureJarResource(folk_sisby_kaleido_config)
[24Jul2025 19:23:27.319] [main/DEBUG] [mixin/]: MixinPlatformAgentMinecraftForge rejected container SecureJarResource(folk_sisby_kaleido_config)
[24Jul2025 19:23:27.319] [main/DEBUG] [mixin/]: Instancing new MixinPlatformAgentDefault for SecureJarResource(folk_sisby_kaleido_config)
[24Jul2025 19:23:27.319] [main/DEBUG] [mixin/]: MixinPlatformAgentDefault accepted container SecureJarResource(folk_sisby_kaleido_config)
[24Jul2025 19:23:27.319] [main/DEBUG] [mixin/]: Processing prepare() for PlatformAgent[MixinPlatformAgentDefault:SecureJarResource(folk_sisby_kaleido_config)]
[24Jul2025 19:23:27.319] [main/DEBUG] [mixin/]: Adding mixin platform agents for container SecureJarResource(playeranimator)
[24Jul2025 19:23:27.319] [main/DEBUG] [mixin/]: Instancing new MixinPlatformAgentMinecraftForge for SecureJarResource(playeranimator)
[24Jul2025 19:23:27.319] [main/DEBUG] [mixin/]: MixinPlatformAgentMinecraftForge rejected container SecureJarResource(playeranimator)
[24Jul2025 19:23:27.319] [main/DEBUG] [mixin/]: Instancing new MixinPlatformAgentDefault for SecureJarResource(playeranimator)
[24Jul2025 19:23:27.319] [main/DEBUG] [mixin/]: MixinPlatformAgentDefault accepted container SecureJarResource(playeranimator)
[24Jul2025 19:23:27.319] [main/DEBUG] [mixin/]: Processing prepare() for PlatformAgent[MixinPlatformAgentDefault:SecureJarResource(playeranimator)]
[24Jul2025 19:23:27.319] [main/DEBUG] [mixin/]: Registering mixin config: playerAnimator-common.mixins.json
[24Jul2025 19:23:27.322] [main/DEBUG] [mixin/]: Compatibility level JAVA_16 specified by playerAnimator-common.mixins.json is higher than the maximum level supported by this version of mixin (JAVA_13).
[24Jul2025 19:23:27.322] [main/DEBUG] [mixin/]: Adding mixin platform agents for container SecureJarResource(fabric_item_api_v1)
[24Jul2025 19:23:27.322] [main/DEBUG] [mixin/]: Instancing new MixinPlatformAgentMinecraftForge for SecureJarResource(fabric_item_api_v1)
[24Jul2025 19:23:27.323] [main/DEBUG] [mixin/]: MixinPlatformAgentMinecraftForge rejected container SecureJarResource(fabric_item_api_v1)
[24Jul2025 19:23:27.323] [main/DEBUG] [mixin/]: Instancing new MixinPlatformAgentDefault for SecureJarResource(fabric_item_api_v1)
[24Jul2025 19:23:27.323] [main/DEBUG] [mixin/]: MixinPlatformAgentDefault accepted container SecureJarResource(fabric_item_api_v1)
[24Jul2025 19:23:27.323] [main/DEBUG] [mixin/]: Processing prepare() for PlatformAgent[MixinPlatformAgentDefault:SecureJarResource(fabric_item_api_v1)]
[24Jul2025 19:23:27.323] [main/DEBUG] [mixin/]: Registering mixin config: fabric-item-api-v1.mixins.json
[24Jul2025 19:23:27.326] [main/DEBUG] [mixin/]: Compatibility level JAVA_16 specified by fabric-item-api-v1.mixins.json is higher than the maximum level supported by this version of mixin (JAVA_13).
[24Jul2025 19:23:27.326] [main/DEBUG] [mixin/]: Registering mixin config: fabric-item-api-v1.client.mixins.json
[24Jul2025 19:23:27.328] [main/DEBUG] [mixin/]: Compatibility level JAVA_16 specified by fabric-item-api-v1.client.mixins.json is higher than the maximum level supported by this version of mixin (JAVA_13).
[24Jul2025 19:23:27.328] [main/DEBUG] [mixin/]: Mixin config fabric-item-api-v1.client.mixins.json does not specify "minVersion" property
[24Jul2025 19:23:27.329] [main/DEBUG] [mixin/]: Adding mixin platform agents for container SecureJarResource(fabric_model_loading_api_v1)
[24Jul2025 19:23:27.329] [main/DEBUG] [mixin/]: Instancing new MixinPlatformAgentMinecraftForge for SecureJarResource(fabric_model_loading_api_v1)
[24Jul2025 19:23:27.329] [main/DEBUG] [mixin/]: MixinPlatformAgentMinecraftForge rejected container SecureJarResource(fabric_model_loading_api_v1)
[24Jul2025 19:23:27.329] [main/DEBUG] [mixin/]: Instancing new MixinPlatformAgentDefault for SecureJarResource(fabric_model_loading_api_v1)
[24Jul2025 19:23:27.329] [main/DEBUG] [mixin/]: MixinPlatformAgentDefault accepted container SecureJarResource(fabric_model_loading_api_v1)
[24Jul2025 19:23:27.329] [main/DEBUG] [mixin/]: Processing prepare() for PlatformAgent[MixinPlatformAgentDefault:SecureJarResource(fabric_model_loading_api_v1)]
[24Jul2025 19:23:27.329] [main/DEBUG] [mixin/]: Registering mixin config: fabric-model-loading-api-v1.mixins.json
[24Jul2025 19:23:27.331] [main/DEBUG] [mixin/]: Adding mixin platform agents for container SecureJarResource(fabric_rendering_fluids_v1)
[24Jul2025 19:23:27.332] [main/DEBUG] [mixin/]: Instancing new MixinPlatformAgentMinecraftForge for SecureJarResource(fabric_rendering_fluids_v1)
[24Jul2025 19:23:27.332] [main/DEBUG] [mixin/]: MixinPlatformAgentMinecraftForge rejected container SecureJarResource(fabric_rendering_fluids_v1)
[24Jul2025 19:23:27.332] [main/DEBUG] [mixin/]: Instancing new MixinPlatformAgentDefault for SecureJarResource(fabric_rendering_fluids_v1)
[24Jul2025 19:23:27.332] [main/DEBUG] [mixin/]: MixinPlatformAgentDefault accepted container SecureJarResource(fabric_rendering_fluids_v1)
[24Jul2025 19:23:27.332] [main/DEBUG] [mixin/]: Processing prepare() for PlatformAgent[MixinPlatformAgentDefault:SecureJarResource(fabric_rendering_fluids_v1)]
[24Jul2025 19:23:27.332] [main/DEBUG] [mixin/]: Registering mixin config: fabric-rendering-fluids-v1.mixins.json
[24Jul2025 19:23:27.334] [main/DEBUG] [mixin/]: Compatibility level JAVA_16 specified by fabric-rendering-fluids-v1.mixins.json is higher than the maximum level supported by this version of mixin (JAVA_13).
[24Jul2025 19:23:27.334] [main/DEBUG] [mixin/]: Adding mixin platform agents for container SecureJarResource(fabric_screen_handler_api_v1)
[24Jul2025 19:23:27.335] [main/DEBUG] [mixin/]: Instancing new MixinPlatformAgentMinecraftForge for SecureJarResource(fabric_screen_handler_api_v1)
[24Jul2025 19:23:27.335] [main/DEBUG] [mixin/]: MixinPlatformAgentMinecraftForge rejected container SecureJarResource(fabric_screen_handler_api_v1)
[24Jul2025 19:23:27.335] [main/DEBUG] [mixin/]: Instancing new MixinPlatformAgentDefault for SecureJarResource(fabric_screen_handler_api_v1)
[24Jul2025 19:23:27.335] [main/DEBUG] [mixin/]: MixinPlatformAgentDefault accepted container SecureJarResource(fabric_screen_handler_api_v1)
[24Jul2025 19:23:27.336] [main/DEBUG] [mixin/]: Processing prepare() for PlatformAgent[MixinPlatformAgentDefault:SecureJarResource(fabric_screen_handler_api_v1)]
[24Jul2025 19:23:27.336] [main/DEBUG] [mixin/]: Registering mixin config: fabric-screen-handler-api-v1.mixins.json
[24Jul2025 19:23:27.339] [main/DEBUG] [mixin/]: Compatibility level JAVA_16 specified by fabric-screen-handler-api-v1.mixins.json is higher than the maximum level supported by this version of mixin (JAVA_13).
[24Jul2025 19:23:27.339] [main/DEBUG] [mixin/]: Adding mixin platform agents for container SecureJarResource(fabric_models_v0)
[24Jul2025 19:23:27.339] [main/DEBUG] [mixin/]: Instancing new MixinPlatformAgentMinecraftForge for SecureJarResource(fabric_models_v0)
[24Jul2025 19:23:27.339] [main/DEBUG] [mixin/]: MixinPlatformAgentMinecraftForge rejected container SecureJarResource(fabric_models_v0)
[24Jul2025 19:23:27.339] [main/DEBUG] [mixin/]: Instancing new MixinPlatformAgentDefault for SecureJarResource(fabric_models_v0)
[24Jul2025 19:23:27.339] [main/DEBUG] [mixin/]: MixinPlatformAgentDefault accepted container SecureJarResource(fabric_models_v0)
[24Jul2025 19:23:27.339] [main/DEBUG] [mixin/]: Processing prepare() for PlatformAgent[MixinPlatformAgentDefault:SecureJarResource(fabric_models_v0)]
[24Jul2025 19:23:27.340] [main/DEBUG] [mixin/]: Adding mixin platform agents for container SecureJarResource(fabric_resource_loader_v0)
[24Jul2025 19:23:27.340] [main/DEBUG] [mixin/]: Instancing new MixinPlatformAgentMinecraftForge for SecureJarResource(fabric_resource_loader_v0)
[24Jul2025 19:23:27.340] [main/DEBUG] [mixin/]: MixinPlatformAgentMinecraftForge rejected container SecureJarResource(fabric_resource_loader_v0)
[24Jul2025 19:23:27.340] [main/DEBUG] [mixin/]: Instancing new MixinPlatformAgentDefault for SecureJarResource(fabric_resource_loader_v0)
[24Jul2025 19:23:27.340] [main/DEBUG] [mixin/]: MixinPlatformAgentDefault accepted container SecureJarResource(fabric_resource_loader_v0)
[24Jul2025 19:23:27.340] [main/DEBUG] [mixin/]: Processing prepare() for PlatformAgent[MixinPlatformAgentDefault:SecureJarResource(fabric_resource_loader_v0)]
[24Jul2025 19:23:27.340] [main/DEBUG] [mixin/]: Registering mixin config: fabric-resource-loader-v0.mixins.json
[24Jul2025 19:23:27.342] [main/DEBUG] [mixin/]: Compatibility level JAVA_16 specified by fabric-resource-loader-v0.mixins.json is higher than the maximum level supported by this version of mixin (JAVA_13).
[24Jul2025 19:23:27.342] [main/DEBUG] [mixin/]: Registering mixin config: fabric-resource-loader-v0.client.mixins.json
[24Jul2025 19:23:27.344] [main/DEBUG] [mixin/]: Compatibility level JAVA_16 specified by fabric-resource-loader-v0.client.mixins.json is higher than the maximum level supported by this version of mixin (JAVA_13).
[24Jul2025 19:23:27.345] [main/DEBUG] [mixin/]: Adding mixin platform agents for container SecureJarResource(fabric_rendering_v1)
[24Jul2025 19:23:27.345] [main/DEBUG] [mixin/]: Instancing new MixinPlatformAgentMinecraftForge for SecureJarResource(fabric_rendering_v1)
[24Jul2025 19:23:27.346] [main/DEBUG] [mixin/]: MixinPlatformAgentMinecraftForge rejected container SecureJarResource(fabric_rendering_v1)
[24Jul2025 19:23:27.346] [main/DEBUG] [mixin/]: Instancing new MixinPlatformAgentDefault for SecureJarResource(fabric_rendering_v1)
[24Jul2025 19:23:27.346] [main/DEBUG] [mixin/]: MixinPlatformAgentDefault accepted container SecureJarResource(fabric_rendering_v1)
[24Jul2025 19:23:27.346] [main/DEBUG] [mixin/]: Processing prepare() for PlatformAgent[MixinPlatformAgentDefault:SecureJarResource(fabric_rendering_v1)]
[24Jul2025 19:23:27.346] [main/DEBUG] [mixin/]: Registering mixin config: fabric-rendering-v1.mixins.json
[24Jul2025 19:23:27.348] [main/DEBUG] [mixin/]: Compatibility level JAVA_16 specified by fabric-rendering-v1.mixins.json is higher than the maximum level supported by this version of mixin (JAVA_13).
[24Jul2025 19:23:27.348] [main/DEBUG] [mixin/]: Adding mixin platform agents for container SecureJarResource(waystones)
[24Jul2025 19:23:27.348] [main/DEBUG] [mixin/]: Instancing new MixinPlatformAgentMinecraftForge for SecureJarResource(waystones)
[24Jul2025 19:23:27.348] [main/DEBUG] [mixin/]: MixinPlatformAgentMinecraftForge rejected container SecureJarResource(waystones)
[24Jul2025 19:23:27.348] [main/DEBUG] [mixin/]: Instancing new MixinPlatformAgentDefault for SecureJarResource(waystones)
[24Jul2025 19:23:27.348] [main/DEBUG] [mixin/]: MixinPlatformAgentDefault accepted container SecureJarResource(waystones)
[24Jul2025 19:23:27.348] [main/DEBUG] [mixin/]: Processing prepare() for PlatformAgent[MixinPlatformAgentDefault:SecureJarResource(waystones)]
[24Jul2025 19:23:27.348] [main/DEBUG] [mixin/]: Registering mixin config: waystones.mixins.json
[24Jul2025 19:23:27.350] [main/DEBUG] [mixin/]: Adding mixin platform agents for container SecureJarResource(fabric_renderer_indigo)
[24Jul2025 19:23:27.350] [main/DEBUG] [mixin/]: Instancing new MixinPlatformAgentMinecraftForge for SecureJarResource(fabric_renderer_indigo)
[24Jul2025 19:23:27.350] [main/DEBUG] [mixin/]: MixinPlatformAgentMinecraftForge rejected container SecureJarResource(fabric_renderer_indigo)
[24Jul2025 19:23:27.350] [main/DEBUG] [mixin/]: Instancing new MixinPlatformAgentDefault for SecureJarResource(fabric_renderer_indigo)
[24Jul2025 19:23:27.350] [main/DEBUG] [mixin/]: MixinPlatformAgentDefault accepted container SecureJarResource(fabric_renderer_indigo)
[24Jul2025 19:23:27.350] [main/DEBUG] [mixin/]: Processing prepare() for PlatformAgent[MixinPlatformAgentDefault:SecureJarResource(fabric_renderer_indigo)]
[24Jul2025 19:23:27.350] [main/DEBUG] [mixin/]: Registering mixin config: fabric-renderer-indigo.mixins.json
[24Jul2025 19:23:27.352] [main/DEBUG] [mixin/]: Compatibility level JAVA_16 specified by fabric-renderer-indigo.mixins.json is higher than the maximum level supported by this version of mixin (JAVA_13).
[24Jul2025 19:23:27.352] [main/DEBUG] [mixin/]: Adding mixin platform agents for container SecureJarResource(fabric_convention_tags_v1)
[24Jul2025 19:23:27.352] [main/DEBUG] [mixin/]: Instancing new MixinPlatformAgentMinecraftForge for SecureJarResource(fabric_convention_tags_v1)
[24Jul2025 19:23:27.352] [main/DEBUG] [mixin/]: MixinPlatformAgentMinecraftForge rejected container SecureJarResource(fabric_convention_tags_v1)
[24Jul2025 19:23:27.352] [main/DEBUG] [mixin/]: Instancing new MixinPlatformAgentDefault for SecureJarResource(fabric_convention_tags_v1)
[24Jul2025 19:23:27.352] [main/DEBUG] [mixin/]: MixinPlatformAgentDefault accepted container SecureJarResource(fabric_convention_tags_v1)
[24Jul2025 19:23:27.352] [main/DEBUG] [mixin/]: Processing prepare() for PlatformAgent[MixinPlatformAgentDefault:SecureJarResource(fabric_convention_tags_v1)]
[24Jul2025 19:23:27.352] [main/DEBUG] [mixin/]: Adding mixin platform agents for container SecureJarResource(fabric_mining_level_api_v1)
[24Jul2025 19:23:27.352] [main/DEBUG] [mixin/]: Instancing new MixinPlatformAgentMinecraftForge for SecureJarResource(fabric_mining_level_api_v1)
[24Jul2025 19:23:27.352] [main/DEBUG] [mixin/]: MixinPlatformAgentMinecraftForge rejected container SecureJarResource(fabric_mining_level_api_v1)
[24Jul2025 19:23:27.352] [main/DEBUG] [mixin/]: Instancing new MixinPlatformAgentDefault for SecureJarResource(fabric_mining_level_api_v1)
[24Jul2025 19:23:27.352] [main/DEBUG] [mixin/]: MixinPlatformAgentDefault accepted container SecureJarResource(fabric_mining_level_api_v1)
[24Jul2025 19:23:27.352] [main/DEBUG] [mixin/]: Processing prepare() for PlatformAgent[MixinPlatformAgentDefault:SecureJarResource(fabric_mining_level_api_v1)]
[24Jul2025 19:23:27.352] [main/DEBUG] [mixin/]: Registering mixin config: fabric-mining-level-api-v1.mixins.json
[24Jul2025 19:23:27.354] [main/DEBUG] [mixin/]: Compatibility level JAVA_16 specified by fabric-mining-level-api-v1.mixins.json is higher than the maximum level supported by this version of mixin (JAVA_13).
[24Jul2025 19:23:27.354] [main/DEBUG] [mixin/]: Adding mixin platform agents for container SecureJarResource(fabric_command_api_v1)
[24Jul2025 19:23:27.354] [main/DEBUG] [mixin/]: Instancing new MixinPlatformAgentMinecraftForge for SecureJarResource(fabric_command_api_v1)
[24Jul2025 19:23:27.354] [main/DEBUG] [mixin/]: MixinPlatformAgentMinecraftForge rejected container SecureJarResource(fabric_command_api_v1)
[24Jul2025 19:23:27.354] [main/DEBUG] [mixin/]: Instancing new MixinPlatformAgentDefault for SecureJarResource(fabric_command_api_v1)
[24Jul2025 19:23:27.354] [main/DEBUG] [mixin/]: MixinPlatformAgentDefault accepted container SecureJarResource(fabric_command_api_v1)
[24Jul2025 19:23:27.354] [main/DEBUG] [mixin/]: Processing prepare() for PlatformAgent[MixinPlatformAgentDefault:SecureJarResource(fabric_command_api_v1)]
[24Jul2025 19:23:27.354] [main/DEBUG] [mixin/]: Adding mixin platform agents for container SecureJarResource(fromtheshadows)
[24Jul2025 19:23:27.355] [main/DEBUG] [mixin/]: Instancing new MixinPlatformAgentMinecraftForge for SecureJarResource(fromtheshadows)
[24Jul2025 19:23:27.355] [main/DEBUG] [mixin/]: MixinPlatformAgentMinecraftForge rejected container SecureJarResource(fromtheshadows)
[24Jul2025 19:23:27.355] [main/DEBUG] [mixin/]: Instancing new MixinPlatformAgentDefault for SecureJarResource(fromtheshadows)
[24Jul2025 19:23:27.355] [main/DEBUG] [mixin/]: MixinPlatformAgentDefault accepted container SecureJarResource(fromtheshadows)
[24Jul2025 19:23:27.355] [main/DEBUG] [mixin/]: Processing prepare() for PlatformAgent[MixinPlatformAgentDefault:SecureJarResource(fromtheshadows)]
[24Jul2025 19:23:27.355] [main/DEBUG] [mixin/]: Adding mixin platform agents for container SecureJarResource(fabric_block_view_api_v2)
[24Jul2025 19:23:27.355] [main/DEBUG] [mixin/]: Instancing new MixinPlatformAgentMinecraftForge for SecureJarResource(fabric_block_view_api_v2)
[24Jul2025 19:23:27.355] [main/DEBUG] [mixin/]: MixinPlatformAgentMinecraftForge rejected container SecureJarResource(fabric_block_view_api_v2)
[24Jul2025 19:23:27.355] [main/DEBUG] [mixin/]: Instancing new MixinPlatformAgentDefault for SecureJarResource(fabric_block_view_api_v2)
[24Jul2025 19:23:27.355] [main/DEBUG] [mixin/]: MixinPlatformAgentDefault accepted container SecureJarResource(fabric_block_view_api_v2)
[24Jul2025 19:23:27.355] [main/DEBUG] [mixin/]: Processing prepare() for PlatformAgent[MixinPlatformAgentDefault:SecureJarResource(fabric_block_view_api_v2)]
[24Jul2025 19:23:27.355] [main/DEBUG] [mixin/]: Registering mixin config: fabric-block-view-api-v2.mixins.json
[24Jul2025 19:23:27.357] [main/DEBUG] [mixin/]: Registering mixin config: fabric-block-view-api-v2.client.mixins.json
[24Jul2025 19:23:27.358] [main/DEBUG] [mixin/]: Adding mixin platform agents for container SecureJarResource(fabric_command_api_v2)
[24Jul2025 19:23:27.358] [main/DEBUG] [mixin/]: Instancing new MixinPlatformAgentMinecraftForge for SecureJarResource(fabric_command_api_v2)
[24Jul2025 19:23:27.358] [main/DEBUG] [mixin/]: MixinPlatformAgentMinecraftForge rejected container SecureJarResource(fabric_command_api_v2)
[24Jul2025 19:23:27.358] [main/DEBUG] [mixin/]: Instancing new MixinPlatformAgentDefault for SecureJarResource(fabric_command_api_v2)
[24Jul2025 19:23:27.358] [main/DEBUG] [mixin/]: MixinPlatformAgentDefault accepted container SecureJarResource(fabric_command_api_v2)
[24Jul2025 19:23:27.358] [main/DEBUG] [mixin/]: Processing prepare() for PlatformAgent[MixinPlatformAgentDefault:SecureJarResource(fabric_command_api_v2)]
[24Jul2025 19:23:27.358] [main/DEBUG] [mixin/]: Registering mixin config: fabric-command-api-v2.mixins.json
[24Jul2025 19:23:27.359] [main/DEBUG] [mixin/]: Compatibility level JAVA_16 specified by fabric-command-api-v2.mixins.json is higher than the maximum level supported by this version of mixin (JAVA_13).
[24Jul2025 19:23:27.360] [main/DEBUG] [mixin/]: Registering mixin config: fabric-command-api-v2.client.mixins.json
[24Jul2025 19:23:27.361] [main/DEBUG] [mixin/]: Compatibility level JAVA_16 specified by fabric-command-api-v2.client.mixins.json is higher than the maximum level supported by this version of mixin (JAVA_13).
[24Jul2025 19:23:27.362] [main/DEBUG] [mixin/]: Adding mixin platform agents for container SecureJarResource(configured)
[24Jul2025 19:23:27.362] [main/DEBUG] [mixin/]: Instancing new MixinPlatformAgentMinecraftForge for SecureJarResource(configured)
[24Jul2025 19:23:27.362] [main/DEBUG] [mixin/]: MixinPlatformAgentMinecraftForge rejected container SecureJarResource(configured)
[24Jul2025 19:23:27.362] [main/DEBUG] [mixin/]: Instancing new MixinPlatformAgentDefault for SecureJarResource(configured)
[24Jul2025 19:23:27.362] [main/DEBUG] [mixin/]: MixinPlatformAgentDefault accepted container SecureJarResource(configured)
[24Jul2025 19:23:27.362] [main/DEBUG] [mixin/]: Processing prepare() for PlatformAgent[MixinPlatformAgentDefault:SecureJarResource(configured)]
[24Jul2025 19:23:27.362] [main/DEBUG] [mixin/]: Registering mixin config: configured.common.mixins.json
[24Jul2025 19:23:27.364] [main/DEBUG] [mixin/]: Adding mixin platform agents for container SecureJarResource(fabric_data_attachment_api_v1)
[24Jul2025 19:23:27.364] [main/DEBUG] [mixin/]: Instancing new MixinPlatformAgentMinecraftForge for SecureJarResource(fabric_data_attachment_api_v1)
[24Jul2025 19:23:27.364] [main/DEBUG] [mixin/]: MixinPlatformAgentMinecraftForge rejected container SecureJarResource(fabric_data_attachment_api_v1)
[24Jul2025 19:23:27.364] [main/DEBUG] [mixin/]: Instancing new MixinPlatformAgentDefault for SecureJarResource(fabric_data_attachment_api_v1)
[24Jul2025 19:23:27.364] [main/DEBUG] [mixin/]: MixinPlatformAgentDefault accepted container SecureJarResource(fabric_data_attachment_api_v1)
[24Jul2025 19:23:27.364] [main/DEBUG] [mixin/]: Processing prepare() for PlatformAgent[MixinPlatformAgentDefault:SecureJarResource(fabric_data_attachment_api_v1)]
[24Jul2025 19:23:27.364] [main/DEBUG] [mixin/]: Registering mixin config: fabric-data-attachment-api-v1.mixins.json
[24Jul2025 19:23:27.366] [main/DEBUG] [mixin/]: Mixin config fabric-data-attachment-api-v1.mixins.json does not specify "minVersion" property
[24Jul2025 19:23:27.366] [main/DEBUG] [mixin/]: Registering mixin config: fabric-data-attachment-api-v1.client.mixins.json
[24Jul2025 19:23:27.367] [main/DEBUG] [mixin/]: Mixin config fabric-data-attachment-api-v1.client.mixins.json does not specify "minVersion" property
[24Jul2025 19:23:27.367] [main/DEBUG] [mixin/]: Adding mixin platform agents for container SecureJarResource(mixinextras)
[24Jul2025 19:23:27.368] [main/DEBUG] [mixin/]: Instancing new MixinPlatformAgentMinecraftForge for SecureJarResource(mixinextras)
[24Jul2025 19:23:27.368] [main/DEBUG] [mixin/]: MixinPlatformAgentMinecraftForge rejected container SecureJarResource(mixinextras)
[24Jul2025 19:23:27.368] [main/DEBUG] [mixin/]: Instancing new MixinPlatformAgentDefault for SecureJarResource(mixinextras)
[24Jul2025 19:23:27.368] [main/DEBUG] [mixin/]: MixinPlatformAgentDefault accepted container SecureJarResource(mixinextras)
[24Jul2025 19:23:27.368] [main/DEBUG] [mixin/]: Processing prepare() for PlatformAgent[MixinPlatformAgentDefault:SecureJarResource(mixinextras)]
[24Jul2025 19:23:27.368] [main/DEBUG] [mixin/]: Registering mixin config: mixinextras.init.mixins.json
[24Jul2025 19:23:27.369] [main/DEBUG] [mixin/]: Adding mixin platform agents for container SecureJarResource(surveyor)
[24Jul2025 19:23:27.369] [main/DEBUG] [mixin/]: Instancing new MixinPlatformAgentMinecraftForge for SecureJarResource(surveyor)
[24Jul2025 19:23:27.369] [main/DEBUG] [mixin/]: MixinPlatformAgentMinecraftForge rejected container SecureJarResource(surveyor)
[24Jul2025 19:23:27.369] [main/DEBUG] [mixin/]: Instancing new MixinPlatformAgentDefault for SecureJarResource(surveyor)
[24Jul2025 19:23:27.369] [main/DEBUG] [mixin/]: MixinPlatformAgentDefault accepted container SecureJarResource(surveyor)
[24Jul2025 19:23:27.369] [main/DEBUG] [mixin/]: Processing prepare() for PlatformAgent[MixinPlatformAgentDefault:SecureJarResource(surveyor)]
[24Jul2025 19:23:27.369] [main/DEBUG] [mixin/]: Registering mixin config: surveyor.mixins.json
[24Jul2025 19:23:27.371] [main/DEBUG] [mixin/]: Adding mixin platform agents for container SecureJarResource(balm)
[24Jul2025 19:23:27.371] [main/DEBUG] [mixin/]: Instancing new MixinPlatformAgentMinecraftForge for SecureJarResource(balm)
[24Jul2025 19:23:27.371] [main/DEBUG] [mixin/]: MixinPlatformAgentMinecraftForge rejected container SecureJarResource(balm)
[24Jul2025 19:23:27.371] [main/DEBUG] [mixin/]: Instancing new MixinPlatformAgentDefault for SecureJarResource(balm)
[24Jul2025 19:23:27.371] [main/DEBUG] [mixin/]: MixinPlatformAgentDefault accepted container SecureJarResource(balm)
[24Jul2025 19:23:27.371] [main/DEBUG] [mixin/]: Processing prepare() for PlatformAgent[MixinPlatformAgentDefault:SecureJarResource(balm)]
[24Jul2025 19:23:27.371] [main/DEBUG] [mixin/]: Registering mixin config: balm.mixins.json
[24Jul2025 19:23:27.373] [main/DEBUG] [mixin/]: Adding mixin platform agents for container SecureJarResource(fabric_screen_api_v1)
[24Jul2025 19:23:27.373] [main/DEBUG] [mixin/]: Instancing new MixinPlatformAgentMinecraftForge for SecureJarResource(fabric_screen_api_v1)
[24Jul2025 19:23:27.373] [main/DEBUG] [mixin/]: MixinPlatformAgentMinecraftForge rejected container SecureJarResource(fabric_screen_api_v1)
[24Jul2025 19:23:27.373] [main/DEBUG] [mixin/]: Instancing new MixinPlatformAgentDefault for SecureJarResource(fabric_screen_api_v1)
[24Jul2025 19:23:27.373] [main/DEBUG] [mixin/]: MixinPlatformAgentDefault accepted container SecureJarResource(fabric_screen_api_v1)
[24Jul2025 19:23:27.373] [main/DEBUG] [mixin/]: Processing prepare() for PlatformAgent[MixinPlatformAgentDefault:SecureJarResource(fabric_screen_api_v1)]
[24Jul2025 19:23:27.373] [main/DEBUG] [mixin/]: Registering mixin config: fabric-screen-api-v1.mixins.json
[24Jul2025 19:23:27.374] [main/DEBUG] [mixin/]: Compatibility level JAVA_16 specified by fabric-screen-api-v1.mixins.json is higher than the maximum level supported by this version of mixin (JAVA_13).
[24Jul2025 19:23:27.374] [main/DEBUG] [mixin/]: Adding mixin platform agents for container SecureJarResource(antique_atlas)
[24Jul2025 19:23:27.374] [main/DEBUG] [mixin/]: Instancing new MixinPlatformAgentMinecraftForge for SecureJarResource(antique_atlas)
[24Jul2025 19:23:27.375] [main/DEBUG] [mixin/]: MixinPlatformAgentMinecraftForge rejected container SecureJarResource(antique_atlas)
[24Jul2025 19:23:27.375] [main/DEBUG] [mixin/]: Instancing new MixinPlatformAgentDefault for SecureJarResource(antique_atlas)
[24Jul2025 19:23:27.375] [main/DEBUG] [mixin/]: MixinPlatformAgentDefault accepted container SecureJarResource(antique_atlas)
[24Jul2025 19:23:27.375] [main/DEBUG] [mixin/]: Processing prepare() for PlatformAgent[MixinPlatformAgentDefault:SecureJarResource(antique_atlas)]
[24Jul2025 19:23:27.375] [main/DEBUG] [mixin/]: Adding mixin platform agents for container SecureJarResource(cameraoverhaul)
[24Jul2025 19:23:27.375] [main/DEBUG] [mixin/]: Instancing new MixinPlatformAgentMinecraftForge for SecureJarResource(cameraoverhaul)
[24Jul2025 19:23:27.375] [main/DEBUG] [mixin/]: MixinPlatformAgentMinecraftForge rejected container SecureJarResource(cameraoverhaul)
[24Jul2025 19:23:27.375] [main/DEBUG] [mixin/]: Instancing new MixinPlatformAgentDefault for SecureJarResource(cameraoverhaul)
[24Jul2025 19:23:27.375] [main/DEBUG] [mixin/]: MixinPlatformAgentDefault accepted container SecureJarResource(cameraoverhaul)
[24Jul2025 19:23:27.375] [main/DEBUG] [mixin/]: Processing prepare() for PlatformAgent[MixinPlatformAgentDefault:SecureJarResource(cameraoverhaul)]
[24Jul2025 19:23:27.375] [main/DEBUG] [mixin/]: Registering mixin config: cameraoverhaul.mixins.json
[24Jul2025 19:23:27.376] [main/DEBUG] [mixin/]: Compatibility level JAVA_16 specified by cameraoverhaul.mixins.json is higher than the maximum level supported by this version of mixin (JAVA_13).
[24Jul2025 19:23:27.376] [main/DEBUG] [mixin/]: Adding mixin platform agents for container SecureJarResource(fabric_particles_v1)
[24Jul2025 19:23:27.376] [main/DEBUG] [mixin/]: Instancing new MixinPlatformAgentMinecraftForge for SecureJarResource(fabric_particles_v1)
[24Jul2025 19:23:27.376] [main/DEBUG] [mixin/]: MixinPlatformAgentMinecraftForge rejected container SecureJarResource(fabric_particles_v1)
[24Jul2025 19:23:27.377] [main/DEBUG] [mixin/]: Instancing new MixinPlatformAgentDefault for SecureJarResource(fabric_particles_v1)
[24Jul2025 19:23:27.377] [main/DEBUG] [mixin/]: MixinPlatformAgentDefault accepted container SecureJarResource(fabric_particles_v1)
[24Jul2025 19:23:27.377] [main/DEBUG] [mixin/]: Processing prepare() for PlatformAgent[MixinPlatformAgentDefault:SecureJarResource(fabric_particles_v1)]
[24Jul2025 19:23:27.377] [main/DEBUG] [mixin/]: Registering mixin config: fabric-particles-v1.client.mixins.json
[24Jul2025 19:23:27.378] [main/DEBUG] [mixin/]: Compatibility level JAVA_16 specified by fabric-particles-v1.client.mixins.json is higher than the maximum level supported by this version of mixin (JAVA_13).
[24Jul2025 19:23:27.378] [main/DEBUG] [mixin/]: Adding mixin platform agents for container SecureJarResource(forge)
[24Jul2025 19:23:27.378] [main/DEBUG] [mixin/]: Instancing new MixinPlatformAgentMinecraftForge for SecureJarResource(forge)
[24Jul2025 19:23:27.378] [main/DEBUG] [mixin/]: MixinPlatformAgentMinecraftForge rejected container SecureJarResource(forge)
[24Jul2025 19:23:27.379] [main/DEBUG] [mixin/]: Instancing new MixinPlatformAgentDefault for SecureJarResource(forge)
[24Jul2025 19:23:27.379] [main/DEBUG] [mixin/]: MixinPlatformAgentDefault accepted container SecureJarResource(forge)
[24Jul2025 19:23:27.379] [main/DEBUG] [mixin/]: Processing prepare() for PlatformAgent[MixinPlatformAgentDefault:SecureJarResource(forge)]
[24Jul2025 19:23:27.379] [main/DEBUG] [mixin/]: Adding mixin platform agents for container SecureJarResource(fabric_api)
[24Jul2025 19:23:27.379] [main/DEBUG] [mixin/]: Instancing new MixinPlatformAgentMinecraftForge for SecureJarResource(fabric_api)
[24Jul2025 19:23:27.379] [main/DEBUG] [mixin/]: MixinPlatformAgentMinecraftForge rejected container SecureJarResource(fabric_api)
[24Jul2025 19:23:27.379] [main/DEBUG] [mixin/]: Instancing new MixinPlatformAgentDefault for SecureJarResource(fabric_api)
[24Jul2025 19:23:27.379] [main/DEBUG] [mixin/]: MixinPlatformAgentDefault accepted container SecureJarResource(fabric_api)
[24Jul2025 19:23:27.379] [main/DEBUG] [mixin/]: Processing prepare() for PlatformAgent[MixinPlatformAgentDefault:SecureJarResource(fabric_api)]
[24Jul2025 19:23:27.379] [main/DEBUG] [mixin/]: Adding mixin platform agents for container SecureJarResource(fabric_content_registries_v0)
[24Jul2025 19:23:27.379] [main/DEBUG] [mixin/]: Instancing new MixinPlatformAgentMinecraftForge for SecureJarResource(fabric_content_registries_v0)
[24Jul2025 19:23:27.379] [main/DEBUG] [mixin/]: MixinPlatformAgentMinecraftForge rejected container SecureJarResource(fabric_content_registries_v0)
[24Jul2025 19:23:27.379] [main/DEBUG] [mixin/]: Instancing new MixinPlatformAgentDefault for SecureJarResource(fabric_content_registries_v0)
[24Jul2025 19:23:27.379] [main/DEBUG] [mixin/]: MixinPlatformAgentDefault accepted container SecureJarResource(fabric_content_registries_v0)
[24Jul2025 19:23:27.379] [main/DEBUG] [mixin/]: Processing prepare() for PlatformAgent[MixinPlatformAgentDefault:SecureJarResource(fabric_content_registries_v0)]
[24Jul2025 19:23:27.379] [main/DEBUG] [mixin/]: Registering mixin config: fabric-content-registries-v0.mixins.json
[24Jul2025 19:23:27.380] [main/DEBUG] [mixin/]: Compatibility level JAVA_16 specified by fabric-content-registries-v0.mixins.json is higher than the maximum level supported by this version of mixin (JAVA_13).
[24Jul2025 19:23:27.381] [main/DEBUG] [mixin/]: Adding mixin platform agents for container SecureJarResource(fabric_transitive_access_wideners_v1)
[24Jul2025 19:23:27.381] [main/DEBUG] [mixin/]: Instancing new MixinPlatformAgentMinecraftForge for SecureJarResource(fabric_transitive_access_wideners_v1)
[24Jul2025 19:23:27.381] [main/DEBUG] [mixin/]: MixinPlatformAgentMinecraftForge rejected container SecureJarResource(fabric_transitive_access_wideners_v1)
[24Jul2025 19:23:27.381] [main/DEBUG] [mixin/]: Instancing new MixinPlatformAgentDefault for SecureJarResource(fabric_transitive_access_wideners_v1)
[24Jul2025 19:23:27.381] [main/DEBUG] [mixin/]: MixinPlatformAgentDefault accepted container SecureJarResource(fabric_transitive_access_wideners_v1)
[24Jul2025 19:23:27.381] [main/DEBUG] [mixin/]: Processing prepare() for PlatformAgent[MixinPlatformAgentDefault:SecureJarResource(fabric_transitive_access_wideners_v1)]
[24Jul2025 19:23:27.381] [main/DEBUG] [mixin/]: Adding mixin platform agents for container SecureJarResource(nyfsspiders)
[24Jul2025 19:23:27.381] [main/DEBUG] [mixin/]: Instancing new MixinPlatformAgentMinecraftForge for SecureJarResource(nyfsspiders)
[24Jul2025 19:23:27.381] [main/DEBUG] [mixin/]: MixinPlatformAgentMinecraftForge rejected container SecureJarResource(nyfsspiders)
[24Jul2025 19:23:27.381] [main/DEBUG] [mixin/]: Instancing new MixinPlatformAgentDefault for SecureJarResource(nyfsspiders)
[24Jul2025 19:23:27.381] [main/DEBUG] [mixin/]: MixinPlatformAgentDefault accepted container SecureJarResource(nyfsspiders)
[24Jul2025 19:23:27.381] [main/DEBUG] [mixin/]: Processing prepare() for PlatformAgent[MixinPlatformAgentDefault:SecureJarResource(nyfsspiders)]
[24Jul2025 19:23:27.381] [main/DEBUG] [mixin/]: Registering mixin config: nyfsspiders.mixins.json
[24Jul2025 19:23:27.383] [main/DEBUG] [mixin/]: Adding mixin platform agents for container SecureJarResource(minecraft)
[24Jul2025 19:23:27.383] [main/DEBUG] [mixin/]: Instancing new MixinPlatformAgentMinecraftForge for SecureJarResource(minecraft)
[24Jul2025 19:23:27.383] [main/DEBUG] [mixin/]: MixinPlatformAgentMinecraftForge rejected container SecureJarResource(minecraft)
[24Jul2025 19:23:27.383] [main/DEBUG] [mixin/]: Instancing new MixinPlatformAgentDefault for SecureJarResource(minecraft)
[24Jul2025 19:23:27.383] [main/DEBUG] [mixin/]: MixinPlatformAgentDefault accepted container SecureJarResource(minecraft)
[24Jul2025 19:23:27.383] [main/DEBUG] [mixin/]: Processing prepare() for PlatformAgent[MixinPlatformAgentDefault:SecureJarResource(minecraft)]
[24Jul2025 19:23:27.383] [main/DEBUG] [mixin/]: Adding mixin platform agents for container SecureJarResource(death_angels)
[24Jul2025 19:23:27.383] [main/DEBUG] [mixin/]: Instancing new MixinPlatformAgentMinecraftForge for SecureJarResource(death_angels)
[24Jul2025 19:23:27.383] [main/DEBUG] [mixin/]: MixinPlatformAgentMinecraftForge rejected container SecureJarResource(death_angels)
[24Jul2025 19:23:27.383] [main/DEBUG] [mixin/]: Instancing new MixinPlatformAgentDefault for SecureJarResource(death_angels)
[24Jul2025 19:23:27.383] [main/DEBUG] [mixin/]: MixinPlatformAgentDefault accepted container SecureJarResource(death_angels)
[24Jul2025 19:23:27.383] [main/DEBUG] [mixin/]: Processing prepare() for PlatformAgent[MixinPlatformAgentDefault:SecureJarResource(death_angels)]
[24Jul2025 19:23:27.383] [main/DEBUG] [mixin/]: Adding mixin platform agents for container SecureJarResource(befalltwo)
[24Jul2025 19:23:27.383] [main/DEBUG] [mixin/]: Instancing new MixinPlatformAgentMinecraftForge for SecureJarResource(befalltwo)
[24Jul2025 19:23:27.383] [main/DEBUG] [mixin/]: MixinPlatformAgentMinecraftForge rejected container SecureJarResource(befalltwo)
[24Jul2025 19:23:27.383] [main/DEBUG] [mixin/]: Instancing new MixinPlatformAgentDefault for SecureJarResource(befalltwo)
[24Jul2025 19:23:27.383] [main/DEBUG] [mixin/]: MixinPlatformAgentDefault accepted container SecureJarResource(befalltwo)
[24Jul2025 19:23:27.383] [main/DEBUG] [mixin/]: Processing prepare() for PlatformAgent[MixinPlatformAgentDefault:SecureJarResource(befalltwo)]
[24Jul2025 19:23:27.383] [main/DEBUG] [mixin/]: Adding mixin platform agents for container SecureJarResource(midnightlurker)
[24Jul2025 19:23:27.383] [main/DEBUG] [mixin/]: Instancing new MixinPlatformAgentMinecraftForge for SecureJarResource(midnightlurker)
[24Jul2025 19:23:27.383] [main/DEBUG] [mixin/]: MixinPlatformAgentMinecraftForge rejected container SecureJarResource(midnightlurker)
[24Jul2025 19:23:27.383] [main/DEBUG] [mixin/]: Instancing new MixinPlatformAgentDefault for SecureJarResource(midnightlurker)
[24Jul2025 19:23:27.383] [main/DEBUG] [mixin/]: MixinPlatformAgentDefault accepted container SecureJarResource(midnightlurker)
[24Jul2025 19:23:27.383] [main/DEBUG] [mixin/]: Processing prepare() for PlatformAgent[MixinPlatformAgentDefault:SecureJarResource(midnightlurker)]
[24Jul2025 19:23:27.383] [main/DEBUG] [mixin/]: Adding mixin platform agents for container SecureJarResource(fabric_game_rule_api_v1)
[24Jul2025 19:23:27.383] [main/DEBUG] [mixin/]: Instancing new MixinPlatformAgentMinecraftForge for SecureJarResource(fabric_game_rule_api_v1)
[24Jul2025 19:23:27.383] [main/DEBUG] [mixin/]: MixinPlatformAgentMinecraftForge rejected container SecureJarResource(fabric_game_rule_api_v1)
[24Jul2025 19:23:27.383] [main/DEBUG] [mixin/]: Instancing new MixinPlatformAgentDefault for SecureJarResource(fabric_game_rule_api_v1)
[24Jul2025 19:23:27.383] [main/DEBUG] [mixin/]: MixinPlatformAgentDefault accepted container SecureJarResource(fabric_game_rule_api_v1)
[24Jul2025 19:23:27.383] [main/DEBUG] [mixin/]: Processing prepare() for PlatformAgent[MixinPlatformAgentDefault:SecureJarResource(fabric_game_rule_api_v1)]
[24Jul2025 19:23:27.383] [main/DEBUG] [mixin/]: Registering mixin config: fabric-game-rule-api-v1.mixins.json
[24Jul2025 19:23:27.385] [main/DEBUG] [mixin/]: Compatibility level JAVA_16 specified by fabric-game-rule-api-v1.mixins.json is higher than the maximum level supported by this version of mixin (JAVA_13).
[24Jul2025 19:23:27.385] [main/DEBUG] [mixin/]: Registering mixin config: fabric-game-rule-api-v1.client.mixins.json
[24Jul2025 19:23:27.386] [main/DEBUG] [mixin/]: Compatibility level JAVA_16 specified by fabric-game-rule-api-v1.client.mixins.json is higher than the maximum level supported by this version of mixin (JAVA_13).
[24Jul2025 19:23:27.387] [main/DEBUG] [mixin/]: Adding mixin platform agents for container SecureJarResource(fabric_api_base)
[24Jul2025 19:23:27.387] [main/DEBUG] [mixin/]: Instancing new MixinPlatformAgentMinecraftForge for SecureJarResource(fabric_api_base)
[24Jul2025 19:23:27.387] [main/DEBUG] [mixin/]: MixinPlatformAgentMinecraftForge rejected container SecureJarResource(fabric_api_base)
[24Jul2025 19:23:27.387] [main/DEBUG] [mixin/]: Instancing new MixinPlatformAgentDefault for SecureJarResource(fabric_api_base)
[24Jul2025 19:23:27.387] [main/DEBUG] [mixin/]: MixinPlatformAgentDefault accepted container SecureJarResource(fabric_api_base)
[24Jul2025 19:23:27.387] [main/DEBUG] [mixin/]: Processing prepare() for PlatformAgent[MixinPlatformAgentDefault:SecureJarResource(fabric_api_base)]
[24Jul2025 19:23:27.387] [main/DEBUG] [mixin/]: Registering mixin config: fabric-api-base.init.mixins.json
[24Jul2025 19:23:27.388] [main/DEBUG] [mixin/]: Adding mixin platform agents for container SecureJarResource(necronomicon)
[24Jul2025 19:23:27.388] [main/DEBUG] [mixin/]: Instancing new MixinPlatformAgentMinecraftForge for SecureJarResource(necronomicon)
[24Jul2025 19:23:27.388] [main/DEBUG] [mixin/]: MixinPlatformAgentMinecraftForge rejected container SecureJarResource(necronomicon)
[24Jul2025 19:23:27.388] [main/DEBUG] [mixin/]: Instancing new MixinPlatformAgentDefault for SecureJarResource(necronomicon)
[24Jul2025 19:23:27.388] [main/DEBUG] [mixin/]: MixinPlatformAgentDefault accepted container SecureJarResource(necronomicon)
[24Jul2025 19:23:27.388] [main/DEBUG] [mixin/]: Processing prepare() for PlatformAgent[MixinPlatformAgentDefault:SecureJarResource(necronomicon)]
[24Jul2025 19:23:27.388] [main/DEBUG] [mixin/]: Registering mixin config: necronomicon-common.mixins.json
[24Jul2025 19:23:27.390] [main/DEBUG] [mixin/]: Adding mixin platform agents for container SecureJarResource(fabric_api_lookup_api_v1)
[24Jul2025 19:23:27.390] [main/DEBUG] [mixin/]: Instancing new MixinPlatformAgentMinecraftForge for SecureJarResource(fabric_api_lookup_api_v1)
[24Jul2025 19:23:27.390] [main/DEBUG] [mixin/]: MixinPlatformAgentMinecraftForge rejected container SecureJarResource(fabric_api_lookup_api_v1)
[24Jul2025 19:23:27.390] [main/DEBUG] [mixin/]: Instancing new MixinPlatformAgentDefault for SecureJarResource(fabric_api_lookup_api_v1)
[24Jul2025 19:23:27.390] [main/DEBUG] [mixin/]: MixinPlatformAgentDefault accepted container SecureJarResource(fabric_api_lookup_api_v1)
[24Jul2025 19:23:27.390] [main/DEBUG] [mixin/]: Processing prepare() for PlatformAgent[MixinPlatformAgentDefault:SecureJarResource(fabric_api_lookup_api_v1)]
[24Jul2025 19:23:27.390] [main/DEBUG] [mixin/]: Registering mixin config: fabric-api-lookup-api-v1.mixins.json
[24Jul2025 19:23:27.391] [main/DEBUG] [mixin/]: Compatibility level JAVA_16 specified by fabric-api-lookup-api-v1.mixins.json is higher than the maximum level supported by this version of mixin (JAVA_13).
[24Jul2025 19:23:27.391] [main/DEBUG] [mixin/]: Adding mixin platform agents for container SecureJarResource(fabric_blockrenderlayer_v1)
[24Jul2025 19:23:27.391] [main/DEBUG] [mixin/]: Instancing new MixinPlatformAgentMinecraftForge for SecureJarResource(fabric_blockrenderlayer_v1)
[24Jul2025 19:23:27.391] [main/DEBUG] [mixin/]: MixinPlatformAgentMinecraftForge rejected container SecureJarResource(fabric_blockrenderlayer_v1)
[24Jul2025 19:23:27.391] [main/DEBUG] [mixin/]: Instancing new MixinPlatformAgentDefault for SecureJarResource(fabric_blockrenderlayer_v1)
[24Jul2025 19:23:27.391] [main/DEBUG] [mixin/]: MixinPlatformAgentDefault accepted container SecureJarResource(fabric_blockrenderlayer_v1)
[24Jul2025 19:23:27.391] [main/DEBUG] [mixin/]: Processing prepare() for PlatformAgent[MixinPlatformAgentDefault:SecureJarResource(fabric_blockrenderlayer_v1)]
[24Jul2025 19:23:27.392] [main/DEBUG] [mixin/]: Registering mixin config: fabric-blockrenderlayer-v1.mixins.json
[24Jul2025 19:23:27.393] [main/DEBUG] [mixin/]: Adding mixin platform agents for container SecureJarResource(jade)
[24Jul2025 19:23:27.393] [main/DEBUG] [mixin/]: Instancing new MixinPlatformAgentMinecraftForge for SecureJarResource(jade)
[24Jul2025 19:23:27.393] [main/DEBUG] [mixin/]: MixinPlatformAgentMinecraftForge rejected container SecureJarResource(jade)
[24Jul2025 19:23:27.393] [main/DEBUG] [mixin/]: Instancing new MixinPlatformAgentDefault for SecureJarResource(jade)
[24Jul2025 19:23:27.393] [main/DEBUG] [mixin/]: MixinPlatformAgentDefault accepted container SecureJarResource(jade)
[24Jul2025 19:23:27.393] [main/DEBUG] [mixin/]: Processing prepare() for PlatformAgent[MixinPlatformAgentDefault:SecureJarResource(jade)]
[24Jul2025 19:23:27.393] [main/DEBUG] [mixin/]: Registering mixin config: jade.mixins.json
[24Jul2025 19:23:27.395] [main/DEBUG] [mixin/]: Compatibility level JAVA_16 specified by jade.mixins.json is higher than the maximum level supported by this version of mixin (JAVA_13).
[24Jul2025 19:23:27.395] [main/DEBUG] [mixin/]: Adding mixin platform agents for container SecureJarResource(obscure_tooltips)
[24Jul2025 19:23:27.395] [main/DEBUG] [mixin/]: Instancing new MixinPlatformAgentMinecraftForge for SecureJarResource(obscure_tooltips)
[24Jul2025 19:23:27.395] [main/DEBUG] [mixin/]: MixinPlatformAgentMinecraftForge rejected container SecureJarResource(obscure_tooltips)
[24Jul2025 19:23:27.395] [main/DEBUG] [mixin/]: Instancing new MixinPlatformAgentDefault for SecureJarResource(obscure_tooltips)
[24Jul2025 19:23:27.395] [main/DEBUG] [mixin/]: MixinPlatformAgentDefault accepted container SecureJarResource(obscure_tooltips)
[24Jul2025 19:23:27.395] [main/DEBUG] [mixin/]: Processing prepare() for PlatformAgent[MixinPlatformAgentDefault:SecureJarResource(obscure_tooltips)]
[24Jul2025 19:23:27.395] [main/DEBUG] [mixin/]: Registering mixin config: obscure_tooltips.mixins.json
[24Jul2025 19:23:27.396] [main/DEBUG] [mixin/]: Adding mixin platform agents for container SecureJarResource(creativecore)
[24Jul2025 19:23:27.396] [main/DEBUG] [mixin/]: Instancing new MixinPlatformAgentMinecraftForge for SecureJarResource(creativecore)
[24Jul2025 19:23:27.397] [main/DEBUG] [mixin/]: MixinPlatformAgentMinecraftForge rejected container SecureJarResource(creativecore)
[24Jul2025 19:23:27.397] [main/DEBUG] [mixin/]: Instancing new MixinPlatformAgentDefault for SecureJarResource(creativecore)
[24Jul2025 19:23:27.397] [main/DEBUG] [mixin/]: MixinPlatformAgentDefault accepted container SecureJarResource(creativecore)
[24Jul2025 19:23:27.397] [main/DEBUG] [mixin/]: Processing prepare() for PlatformAgent[MixinPlatformAgentDefault:SecureJarResource(creativecore)]
[24Jul2025 19:23:27.397] [main/DEBUG] [mixin/]: Registering mixin config: creativecore.mixins.json
[24Jul2025 19:23:27.398] [main/DEBUG] [mixin/]: Registering mixin config: creativecore.forge.mixins.json
[24Jul2025 19:23:27.399] [main/DEBUG] [mixin/]: Adding mixin platform agents for container SecureJarResource(chunky)
[24Jul2025 19:23:27.400] [main/DEBUG] [mixin/]: Instancing new MixinPlatformAgentMinecraftForge for SecureJarResource(chunky)
[24Jul2025 19:23:27.400] [main/DEBUG] [mixin/]: MixinPlatformAgentMinecraftForge rejected container SecureJarResource(chunky)
[24Jul2025 19:23:27.400] [main/DEBUG] [mixin/]: Instancing new MixinPlatformAgentDefault for SecureJarResource(chunky)
[24Jul2025 19:23:27.400] [main/DEBUG] [mixin/]: MixinPlatformAgentDefault accepted container SecureJarResource(chunky)
[24Jul2025 19:23:27.400] [main/DEBUG] [mixin/]: Processing prepare() for PlatformAgent[MixinPlatformAgentDefault:SecureJarResource(chunky)]
[24Jul2025 19:23:27.400] [main/DEBUG] [mixin/]: Adding mixin platform agents for container SecureJarResource(fabric_block_api_v1)
[24Jul2025 19:23:27.400] [main/DEBUG] [mixin/]: Instancing new MixinPlatformAgentMinecraftForge for SecureJarResource(fabric_block_api_v1)
[24Jul2025 19:23:27.400] [main/DEBUG] [mixin/]: MixinPlatformAgentMinecraftForge rejected container SecureJarResource(fabric_block_api_v1)
[24Jul2025 19:23:27.400] [main/DEBUG] [mixin/]: Instancing new MixinPlatformAgentDefault for SecureJarResource(fabric_block_api_v1)
[24Jul2025 19:23:27.400] [main/DEBUG] [mixin/]: MixinPlatformAgentDefault accepted container SecureJarResource(fabric_block_api_v1)
[24Jul2025 19:23:27.400] [main/DEBUG] [mixin/]: Processing prepare() for PlatformAgent[MixinPlatformAgentDefault:SecureJarResource(fabric_block_api_v1)]
[24Jul2025 19:23:27.400] [main/DEBUG] [mixin/]: Adding mixin platform agents for container SecureJarResource(fabric_resource_conditions_api_v1)
[24Jul2025 19:23:27.400] [main/DEBUG] [mixin/]: Instancing new MixinPlatformAgentMinecraftForge for SecureJarResource(fabric_resource_conditions_api_v1)
[24Jul2025 19:23:27.400] [main/DEBUG] [mixin/]: MixinPlatformAgentMinecraftForge rejected container SecureJarResource(fabric_resource_conditions_api_v1)
[24Jul2025 19:23:27.400] [main/DEBUG] [mixin/]: Instancing new MixinPlatformAgentDefault for SecureJarResource(fabric_resource_conditions_api_v1)
[24Jul2025 19:23:27.400] [main/DEBUG] [mixin/]: MixinPlatformAgentDefault accepted container SecureJarResource(fabric_resource_conditions_api_v1)
[24Jul2025 19:23:27.400] [main/DEBUG] [mixin/]: Processing prepare() for PlatformAgent[MixinPlatformAgentDefault:SecureJarResource(fabric_resource_conditions_api_v1)]
[24Jul2025 19:23:27.400] [main/DEBUG] [mixin/]: Registering mixin config: fabric-resource-conditions-api-v1.mixins.json
[24Jul2025 19:23:27.401] [main/DEBUG] [mixin/]: Compatibility level JAVA_16 specified by fabric-resource-conditions-api-v1.mixins.json is higher than the maximum level supported by this version of mixin (JAVA_13).
[24Jul2025 19:23:27.401] [main/DEBUG] [mixin/]: Adding mixin platform agents for container SecureJarResource(a_good_place)
[24Jul2025 19:23:27.401] [main/DEBUG] [mixin/]: Instancing new MixinPlatformAgentMinecraftForge for SecureJarResource(a_good_place)
[24Jul2025 19:23:27.401] [main/DEBUG] [mixin/]: MixinPlatformAgentMinecraftForge rejected container SecureJarResource(a_good_place)
[24Jul2025 19:23:27.402] [main/DEBUG] [mixin/]: Instancing new MixinPlatformAgentDefault for SecureJarResource(a_good_place)
[24Jul2025 19:23:27.402] [main/DEBUG] [mixin/]: MixinPlatformAgentDefault accepted container SecureJarResource(a_good_place)
[24Jul2025 19:23:27.402] [main/DEBUG] [mixin/]: Processing prepare() for PlatformAgent[MixinPlatformAgentDefault:SecureJarResource(a_good_place)]
[24Jul2025 19:23:27.402] [main/DEBUG] [mixin/]: Registering mixin config: a_good_place.mixins.json
[24Jul2025 19:23:27.403] [main/DEBUG] [mixin/]: Registering mixin config: a_good_place-common.mixins.json
[24Jul2025 19:23:27.405] [main/DEBUG] [mixin/]: Adding mixin platform agents for container SecureJarResource(man)
[24Jul2025 19:23:27.405] [main/DEBUG] [mixin/]: Instancing new MixinPlatformAgentMinecraftForge for SecureJarResource(man)
[24Jul2025 19:23:27.405] [main/DEBUG] [mixin/]: MixinPlatformAgentMinecraftForge rejected container SecureJarResource(man)
[24Jul2025 19:23:27.405] [main/DEBUG] [mixin/]: Instancing new MixinPlatformAgentDefault for SecureJarResource(man)
[24Jul2025 19:23:27.405] [main/DEBUG] [mixin/]: MixinPlatformAgentDefault accepted container SecureJarResource(man)
[24Jul2025 19:23:27.405] [main/DEBUG] [mixin/]: Processing prepare() for PlatformAgent[MixinPlatformAgentDefault:SecureJarResource(man)]
[24Jul2025 19:23:27.405] [main/DEBUG] [mixin/]: Adding mixin platform agents for container SecureJarResource(fabric_item_group_api_v1)
[24Jul2025 19:23:27.405] [main/DEBUG] [mixin/]: Instancing new MixinPlatformAgentMinecraftForge for SecureJarResource(fabric_item_group_api_v1)
[24Jul2025 19:23:27.405] [main/DEBUG] [mixin/]: MixinPlatformAgentMinecraftForge rejected container SecureJarResource(fabric_item_group_api_v1)
[24Jul2025 19:23:27.405] [main/DEBUG] [mixin/]: Instancing new MixinPlatformAgentDefault for SecureJarResource(fabric_item_group_api_v1)
[24Jul2025 19:23:27.405] [main/DEBUG] [mixin/]: MixinPlatformAgentDefault accepted container SecureJarResource(fabric_item_group_api_v1)
[24Jul2025 19:23:27.405] [main/DEBUG] [mixin/]: Processing prepare() for PlatformAgent[MixinPlatformAgentDefault:SecureJarResource(fabric_item_group_api_v1)]
[24Jul2025 19:23:27.405] [main/DEBUG] [mixin/]: Registering mixin config: fabric-item-group-api-v1.mixins.json
[24Jul2025 19:23:27.406] [main/DEBUG] [mixin/]: Mixin config fabric-item-group-api-v1.mixins.json does not specify "minVersion" property
[24Jul2025 19:23:27.407] [main/DEBUG] [mixin/]: Registering mixin config: fabric-item-group-api-v1.client.mixins.json
[24Jul2025 19:23:27.408] [main/DEBUG] [mixin/]: Mixin config fabric-item-group-api-v1.client.mixins.json does not specify "minVersion" property
[24Jul2025 19:23:27.408] [main/DEBUG] [mixin/]: Adding mixin platform agents for container SecureJarResource(connectormod)
[24Jul2025 19:23:27.408] [main/DEBUG] [mixin/]: Instancing new MixinPlatformAgentMinecraftForge for SecureJarResource(connectormod)
[24Jul2025 19:23:27.408] [main/DEBUG] [mixin/]: MixinPlatformAgentMinecraftForge rejected container SecureJarResource(connectormod)
[24Jul2025 19:23:27.408] [main/DEBUG] [mixin/]: Instancing new MixinPlatformAgentDefault for SecureJarResource(connectormod)
[24Jul2025 19:23:27.408] [main/DEBUG] [mixin/]: MixinPlatformAgentDefault accepted container SecureJarResource(connectormod)
[24Jul2025 19:23:27.408] [main/DEBUG] [mixin/]: Processing prepare() for PlatformAgent[MixinPlatformAgentDefault:SecureJarResource(connectormod)]
[24Jul2025 19:23:27.408] [main/DEBUG] [mixin/]: Registering mixin config: connectormod.mixins.json
[24Jul2025 19:23:27.410] [main/DEBUG] [mixin/]: Adding mixin platform agents for container SecureJarResource(fabric_biome_api_v1)
[24Jul2025 19:23:27.410] [main/DEBUG] [mixin/]: Instancing new MixinPlatformAgentMinecraftForge for SecureJarResource(fabric_biome_api_v1)
[24Jul2025 19:23:27.410] [main/DEBUG] [mixin/]: MixinPlatformAgentMinecraftForge rejected container SecureJarResource(fabric_biome_api_v1)
[24Jul2025 19:23:27.410] [main/DEBUG] [mixin/]: Instancing new MixinPlatformAgentDefault for SecureJarResource(fabric_biome_api_v1)
[24Jul2025 19:23:27.410] [main/DEBUG] [mixin/]: MixinPlatformAgentDefault accepted container SecureJarResource(fabric_biome_api_v1)
[24Jul2025 19:23:27.410] [main/DEBUG] [mixin/]: Processing prepare() for PlatformAgent[MixinPlatformAgentDefault:SecureJarResource(fabric_biome_api_v1)]
[24Jul2025 19:23:27.410] [main/DEBUG] [mixin/]: Registering mixin config: fabric-biome-api-v1.mixins.json
[24Jul2025 19:23:27.411] [main/DEBUG] [mixin/]: Compatibility level JAVA_16 specified by fabric-biome-api-v1.mixins.json is higher than the maximum level supported by this version of mixin (JAVA_13).
[24Jul2025 19:23:27.411] [main/DEBUG] [mixin/]: Adding mixin platform agents for container SecureJarResource(fabric_entity_events_v1)
[24Jul2025 19:23:27.411] [main/DEBUG] [mixin/]: Instancing new MixinPlatformAgentMinecraftForge for SecureJarResource(fabric_entity_events_v1)
[24Jul2025 19:23:27.412] [main/DEBUG] [mixin/]: MixinPlatformAgentMinecraftForge rejected container SecureJarResource(fabric_entity_events_v1)
[24Jul2025 19:23:27.412] [main/DEBUG] [mixin/]: Instancing new MixinPlatformAgentDefault for SecureJarResource(fabric_entity_events_v1)
[24Jul2025 19:23:27.412] [main/DEBUG] [mixin/]: MixinPlatformAgentDefault accepted container SecureJarResource(fabric_entity_events_v1)
[24Jul2025 19:23:27.412] [main/DEBUG] [mixin/]: Processing prepare() for PlatformAgent[MixinPlatformAgentDefault:SecureJarResource(fabric_entity_events_v1)]
[24Jul2025 19:23:27.412] [main/DEBUG] [mixin/]: Registering mixin config: fabric-entity-events-v1.mixins.json
[24Jul2025 19:23:27.413] [main/DEBUG] [mixin/]: Compatibility level JAVA_16 specified by fabric-entity-events-v1.mixins.json is higher than the maximum level supported by this version of mixin (JAVA_13).
[24Jul2025 19:23:27.413] [main/DEBUG] [mixin/]: Registering mixin config: fabric-entity-events-v1.client.mixins.json
[24Jul2025 19:23:27.415] [main/DEBUG] [mixin/]: Compatibility level JAVA_16 specified by fabric-entity-events-v1.client.mixins.json is higher than the maximum level supported by this version of mixin (JAVA_13).
[24Jul2025 19:23:27.415] [main/DEBUG] [mixin/]: Adding mixin platform agents for container SecureJarResource(antlers)
[24Jul2025 19:23:27.415] [main/DEBUG] [mixin/]: Instancing new MixinPlatformAgentMinecraftForge for SecureJarResource(antlers)
[24Jul2025 19:23:27.415] [main/DEBUG] [mixin/]: MixinPlatformAgentMinecraftForge rejected container SecureJarResource(antlers)
[24Jul2025 19:23:27.415] [main/DEBUG] [mixin/]: Instancing new MixinPlatformAgentDefault for SecureJarResource(antlers)
[24Jul2025 19:23:27.415] [main/DEBUG] [mixin/]: MixinPlatformAgentDefault accepted container SecureJarResource(antlers)
[24Jul2025 19:23:27.415] [main/DEBUG] [mixin/]: Processing prepare() for PlatformAgent[MixinPlatformAgentDefault:SecureJarResource(antlers)]
[24Jul2025 19:23:27.415] [main/DEBUG] [mixin/]: Adding mixin platform agents for container SecureJarResource(fabric_registry_sync_v0)
[24Jul2025 19:23:27.415] [main/DEBUG] [mixin/]: Instancing new MixinPlatformAgentMinecraftForge for SecureJarResource(fabric_registry_sync_v0)
[24Jul2025 19:23:27.415] [main/DEBUG] [mixin/]: MixinPlatformAgentMinecraftForge rejected container SecureJarResource(fabric_registry_sync_v0)
[24Jul2025 19:23:27.415] [main/DEBUG] [mixin/]: Instancing new MixinPlatformAgentDefault for SecureJarResource(fabric_registry_sync_v0)
[24Jul2025 19:23:27.415] [main/DEBUG] [mixin/]: MixinPlatformAgentDefault accepted container SecureJarResource(fabric_registry_sync_v0)
[24Jul2025 19:23:27.415] [main/DEBUG] [mixin/]: Processing prepare() for PlatformAgent[MixinPlatformAgentDefault:SecureJarResource(fabric_registry_sync_v0)]
[24Jul2025 19:23:27.415] [main/DEBUG] [mixin/]: Registering mixin config: fabric-registry-sync-v0.mixins.json
[24Jul2025 19:23:27.417] [main/DEBUG] [mixin/]: Compatibility level JAVA_16 specified by fabric-registry-sync-v0.mixins.json is higher than the maximum level supported by this version of mixin (JAVA_13).
[24Jul2025 19:23:27.417] [main/DEBUG] [mixin/]: Registering mixin config: fabric-registry-sync-v0.client.mixins.json
[24Jul2025 19:23:27.418] [main/DEBUG] [mixin/]: Compatibility level JAVA_16 specified by fabric-registry-sync-v0.client.mixins.json is higher than the maximum level supported by this version of mixin (JAVA_13).
[24Jul2025 19:23:27.419] [main/DEBUG] [mixin/]: Adding mixin platform agents for container SecureJarResource(bwrtherain)
[24Jul2025 19:23:27.419] [main/DEBUG] [mixin/]: Instancing new MixinPlatformAgentMinecraftForge for SecureJarResource(bwrtherain)
[24Jul2025 19:23:27.419] [main/DEBUG] [mixin/]: MixinPlatformAgentMinecraftForge rejected container SecureJarResource(bwrtherain)
[24Jul2025 19:23:27.419] [main/DEBUG] [mixin/]: Instancing new MixinPlatformAgentDefault for SecureJarResource(bwrtherain)
[24Jul2025 19:23:27.419] [main/DEBUG] [mixin/]: MixinPlatformAgentDefault accepted container SecureJarResource(bwrtherain)
[24Jul2025 19:23:27.419] [main/DEBUG] [mixin/]: Processing prepare() for PlatformAgent[MixinPlatformAgentDefault:SecureJarResource(bwrtherain)]
[24Jul2025 19:23:27.419] [main/DEBUG] [mixin/]: Adding mixin platform agents for container SecureJarResource(fabric_recipe_api_v1)
[24Jul2025 19:23:27.419] [main/DEBUG] [mixin/]: Instancing new MixinPlatformAgentMinecraftForge for SecureJarResource(fabric_recipe_api_v1)
[24Jul2025 19:23:27.419] [main/DEBUG] [mixin/]: MixinPlatformAgentMinecraftForge rejected container SecureJarResource(fabric_recipe_api_v1)
[24Jul2025 19:23:27.419] [main/DEBUG] [mixin/]: Instancing new MixinPlatformAgentDefault for SecureJarResource(fabric_recipe_api_v1)
[24Jul2025 19:23:27.419] [main/DEBUG] [mixin/]: MixinPlatformAgentDefault accepted container SecureJarResource(fabric_recipe_api_v1)
[24Jul2025 19:23:27.419] [main/DEBUG] [mixin/]: Processing prepare() for PlatformAgent[MixinPlatformAgentDefault:SecureJarResource(fabric_recipe_api_v1)]
[24Jul2025 19:23:27.419] [main/DEBUG] [mixin/]: Registering mixin config: fabric-recipe-api-v1.mixins.json
[24Jul2025 19:23:27.420] [main/DEBUG] [mixin/]: Adding mixin platform agents for container SecureJarResource(fabric_loot_api_v2)
[24Jul2025 19:23:27.420] [main/DEBUG] [mixin/]: Instancing new MixinPlatformAgentMinecraftForge for SecureJarResource(fabric_loot_api_v2)
[24Jul2025 19:23:27.420] [main/DEBUG] [mixin/]: MixinPlatformAgentMinecraftForge rejected container SecureJarResource(fabric_loot_api_v2)
[24Jul2025 19:23:27.420] [main/DEBUG] [mixin/]: Instancing new MixinPlatformAgentDefault for SecureJarResource(fabric_loot_api_v2)
[24Jul2025 19:23:27.420] [main/DEBUG] [mixin/]: MixinPlatformAgentDefault accepted container SecureJarResource(fabric_loot_api_v2)
[24Jul2025 19:23:27.420] [main/DEBUG] [mixin/]: Processing prepare() for PlatformAgent[MixinPlatformAgentDefault:SecureJarResource(fabric_loot_api_v2)]
[24Jul2025 19:23:27.420] [main/DEBUG] [mixin/]: Registering mixin config: fabric-loot-api-v2.mixins.json
[24Jul2025 19:23:27.421] [main/DEBUG] [mixin/]: Compatibility level JAVA_8 specified by fabric-loot-api-v2.mixins.json is lower than the default level supported by the current mixin service (JAVA_16).
[24Jul2025 19:23:27.421] [main/DEBUG] [mixin/]: Adding mixin platform agents for container SecureJarResource(fabric_object_builder_api_v1)
[24Jul2025 19:23:27.421] [main/DEBUG] [mixin/]: Instancing new MixinPlatformAgentMinecraftForge for SecureJarResource(fabric_object_builder_api_v1)
[24Jul2025 19:23:27.421] [main/DEBUG] [mixin/]: MixinPlatformAgentMinecraftForge rejected container SecureJarResource(fabric_object_builder_api_v1)
[24Jul2025 19:23:27.422] [main/DEBUG] [mixin/]: Instancing new MixinPlatformAgentDefault for SecureJarResource(fabric_object_builder_api_v1)
[24Jul2025 19:23:27.422] [main/DEBUG] [mixin/]: MixinPlatformAgentDefault accepted container SecureJarResource(fabric_object_builder_api_v1)
[24Jul2025 19:23:27.422] [main/DEBUG] [mixin/]: Processing prepare() for PlatformAgent[MixinPlatformAgentDefault:SecureJarResource(fabric_object_builder_api_v1)]
[24Jul2025 19:23:27.422] [main/DEBUG] [mixin/]: Registering mixin config: fabric-object-builder-v1.mixins.json
[24Jul2025 19:23:27.423] [main/DEBUG] [mixin/]: Compatibility level JAVA_16 specified by fabric-object-builder-v1.mixins.json is higher than the maximum level supported by this version of mixin (JAVA_13).
[24Jul2025 19:23:27.423] [main/DEBUG] [mixin/]: Adding mixin platform agents for container SecureJarResource(fabric_rendering_data_attachment_v1)
[24Jul2025 19:23:27.423] [main/DEBUG] [mixin/]: Instancing new MixinPlatformAgentMinecraftForge for SecureJarResource(fabric_rendering_data_attachment_v1)
[24Jul2025 19:23:27.423] [main/DEBUG] [mixin/]: MixinPlatformAgentMinecraftForge rejected container SecureJarResource(fabric_rendering_data_attachment_v1)
[24Jul2025 19:23:27.423] [main/DEBUG] [mixin/]: Instancing new MixinPlatformAgentDefault for SecureJarResource(fabric_rendering_data_attachment_v1)
[24Jul2025 19:23:27.423] [main/DEBUG] [mixin/]: MixinPlatformAgentDefault accepted container SecureJarResource(fabric_rendering_data_attachment_v1)
[24Jul2025 19:23:27.423] [main/DEBUG] [mixin/]: Processing prepare() for PlatformAgent[MixinPlatformAgentDefault:SecureJarResource(fabric_rendering_data_attachment_v1)]
[24Jul2025 19:23:27.423] [main/DEBUG] [mixin/]: Registering mixin config: fabric-rendering-data-attachment-v1.mixins.json
[24Jul2025 19:23:27.424] [main/DEBUG] [mixin/]: Registering mixin config: fabric-rendering-data-attachment-v1.client.mixins.json
[24Jul2025 19:23:27.425] [main/DEBUG] [mixin/]: Adding mixin platform agents for container SecureJarResource(itsnotreal)
[24Jul2025 19:23:27.425] [main/DEBUG] [mixin/]: Instancing new MixinPlatformAgentMinecraftForge for SecureJarResource(itsnotreal)
[24Jul2025 19:23:27.425] [main/DEBUG] [mixin/]: MixinPlatformAgentMinecraftForge rejected container SecureJarResource(itsnotreal)
[24Jul2025 19:23:27.425] [main/DEBUG] [mixin/]: Instancing new MixinPlatformAgentDefault for SecureJarResource(itsnotreal)
[24Jul2025 19:23:27.425] [main/DEBUG] [mixin/]: MixinPlatformAgentDefault accepted container SecureJarResource(itsnotreal)
[24Jul2025 19:23:27.425] [main/DEBUG] [mixin/]: Processing prepare() for PlatformAgent[MixinPlatformAgentDefault:SecureJarResource(itsnotreal)]
[24Jul2025 19:23:27.425] [main/DEBUG] [mixin/]: Adding mixin platform agents for container SecureJarResource(the_anomaly)
[24Jul2025 19:23:27.425] [main/DEBUG] [mixin/]: Instancing new MixinPlatformAgentMinecraftForge for SecureJarResource(the_anomaly)
[24Jul2025 19:23:27.425] [main/DEBUG] [mixin/]: MixinPlatformAgentMinecraftForge rejected container SecureJarResource(the_anomaly)
[24Jul2025 19:23:27.425] [main/DEBUG] [mixin/]: Instancing new MixinPlatformAgentDefault for SecureJarResource(the_anomaly)
[24Jul2025 19:23:27.425] [main/DEBUG] [mixin/]: MixinPlatformAgentDefault accepted container SecureJarResource(the_anomaly)
[24Jul2025 19:23:27.425] [main/DEBUG] [mixin/]: Processing prepare() for PlatformAgent[MixinPlatformAgentDefault:SecureJarResource(the_anomaly)]
[24Jul2025 19:23:27.425] [main/DEBUG] [mixin/]: Adding mixin platform agents for container SecureJarResource(fabric_networking_api_v1)
[24Jul2025 19:23:27.425] [main/DEBUG] [mixin/]: Instancing new MixinPlatformAgentMinecraftForge for SecureJarResource(fabric_networking_api_v1)
[24Jul2025 19:23:27.425] [main/DEBUG] [mixin/]: MixinPlatformAgentMinecraftForge rejected container SecureJarResource(fabric_networking_api_v1)
[24Jul2025 19:23:27.425] [main/DEBUG] [mixin/]: Instancing new MixinPlatformAgentDefault for SecureJarResource(fabric_networking_api_v1)
[24Jul2025 19:23:27.426] [main/DEBUG] [mixin/]: MixinPlatformAgentDefault accepted container SecureJarResource(fabric_networking_api_v1)
[24Jul2025 19:23:27.426] [main/DEBUG] [mixin/]: Processing prepare() for PlatformAgent[MixinPlatformAgentDefault:SecureJarResource(fabric_networking_api_v1)]
[24Jul2025 19:23:27.426] [main/DEBUG] [mixin/]: Registering mixin config: fabric-networking-api-v1.mixins.json
[24Jul2025 19:23:27.427] [main/DEBUG] [mixin/]: Compatibility level JAVA_16 specified by fabric-networking-api-v1.mixins.json is higher than the maximum level supported by this version of mixin (JAVA_13).
[24Jul2025 19:23:27.427] [main/DEBUG] [mixin/]: Registering mixin config: fabric-networking-api-v1.client.mixins.json
[24Jul2025 19:23:27.428] [main/DEBUG] [mixin/]: Compatibility level JAVA_16 specified by fabric-networking-api-v1.client.mixins.json is higher than the maximum level supported by this version of mixin (JAVA_13).
[24Jul2025 19:23:27.428] [main/DEBUG] [mixin/]: Adding mixin platform agents for container SecureJarResource(fabric_sound_api_v1)
[24Jul2025 19:23:27.428] [main/DEBUG] [mixin/]: Instancing new MixinPlatformAgentMinecraftForge for SecureJarResource(fabric_sound_api_v1)
[24Jul2025 19:23:27.428] [main/DEBUG] [mixin/]: MixinPlatformAgentMinecraftForge rejected container SecureJarResource(fabric_sound_api_v1)
[24Jul2025 19:23:27.428] [main/DEBUG] [mixin/]: Instancing new MixinPlatformAgentDefault for SecureJarResource(fabric_sound_api_v1)
[24Jul2025 19:23:27.428] [main/DEBUG] [mixin/]: MixinPlatformAgentDefault accepted container SecureJarResource(fabric_sound_api_v1)
[24Jul2025 19:23:27.428] [main/DEBUG] [mixin/]: Processing prepare() for PlatformAgent[MixinPlatformAgentDefault:SecureJarResource(fabric_sound_api_v1)]
[24Jul2025 19:23:27.428] [main/DEBUG] [mixin/]: Registering mixin config: fabric-sound-api-v1.mixins.json
[24Jul2025 19:23:27.429] [main/DEBUG] [mixin/]: Adding mixin platform agents for container SecureJarResource(mr_animated_doors)
[24Jul2025 19:23:27.429] [main/DEBUG] [mixin/]: Instancing new MixinPlatformAgentMinecraftForge for SecureJarResource(mr_animated_doors)
[24Jul2025 19:23:27.429] [main/DEBUG] [mixin/]: MixinPlatformAgentMinecraftForge rejected container SecureJarResource(mr_animated_doors)
[24Jul2025 19:23:27.429] [main/DEBUG] [mixin/]: Instancing new MixinPlatformAgentDefault for SecureJarResource(mr_animated_doors)
[24Jul2025 19:23:27.429] [main/DEBUG] [mixin/]: MixinPlatformAgentDefault accepted container SecureJarResource(mr_animated_doors)
[24Jul2025 19:23:27.429] [main/DEBUG] [mixin/]: Processing prepare() for PlatformAgent[MixinPlatformAgentDefault:SecureJarResource(mr_animated_doors)]
[24Jul2025 19:23:27.429] [main/DEBUG] [mixin/]: Adding mixin platform agents for container SecureJarResource(fabric_message_api_v1)
[24Jul2025 19:23:27.429] [main/DEBUG] [mixin/]: Instancing new MixinPlatformAgentMinecraftForge for SecureJarResource(fabric_message_api_v1)
[24Jul2025 19:23:27.429] [main/DEBUG] [mixin/]: MixinPlatformAgentMinecraftForge rejected container SecureJarResource(fabric_message_api_v1)
[24Jul2025 19:23:27.429] [main/DEBUG] [mixin/]: Instancing new MixinPlatformAgentDefault for SecureJarResource(fabric_message_api_v1)
[24Jul2025 19:23:27.429] [main/DEBUG] [mixin/]: MixinPlatformAgentDefault accepted container SecureJarResource(fabric_message_api_v1)
[24Jul2025 19:23:27.429] [main/DEBUG] [mixin/]: Processing prepare() for PlatformAgent[MixinPlatformAgentDefault:SecureJarResource(fabric_message_api_v1)]
[24Jul2025 19:23:27.429] [main/DEBUG] [mixin/]: Registering mixin config: fabric-message-api-v1.mixins.json
[24Jul2025 19:23:27.430] [main/DEBUG] [mixin/]: Compatibility level JAVA_16 specified by fabric-message-api-v1.mixins.json is higher than the maximum level supported by this version of mixin (JAVA_13).
[24Jul2025 19:23:27.430] [main/DEBUG] [mixin/]: Registering mixin config: fabric-message-api-v1.client.mixins.json
[24Jul2025 19:23:27.432] [main/DEBUG] [mixin/]: Adding mixin platform agents for container SecureJarResource(no_moon)
[24Jul2025 19:23:27.432] [main/DEBUG] [mixin/]: Instancing new MixinPlatformAgentMinecraftForge for SecureJarResource(no_moon)
[24Jul2025 19:23:27.432] [main/DEBUG] [mixin/]: MixinPlatformAgentMinecraftForge rejected container SecureJarResource(no_moon)
[24Jul2025 19:23:27.432] [main/DEBUG] [mixin/]: Instancing new MixinPlatformAgentDefault for SecureJarResource(no_moon)
[24Jul2025 19:23:27.432] [main/DEBUG] [mixin/]: MixinPlatformAgentDefault accepted container SecureJarResource(no_moon)
[24Jul2025 19:23:27.432] [main/DEBUG] [mixin/]: Processing prepare() for PlatformAgent[MixinPlatformAgentDefault:SecureJarResource(no_moon)]
[24Jul2025 19:23:27.433] [main/DEBUG] [mixin/]: Adding mixin platform agents for container SecureJarResource(fabric_lifecycle_events_v1)
[24Jul2025 19:23:27.433] [main/DEBUG] [mixin/]: Instancing new MixinPlatformAgentMinecraftForge for SecureJarResource(fabric_lifecycle_events_v1)
[24Jul2025 19:23:27.433] [main/DEBUG] [mixin/]: MixinPlatformAgentMinecraftForge rejected container SecureJarResource(fabric_lifecycle_events_v1)
[24Jul2025 19:23:27.433] [main/DEBUG] [mixin/]: Instancing new MixinPlatformAgentDefault for SecureJarResource(fabric_lifecycle_events_v1)
[24Jul2025 19:23:27.433] [main/DEBUG] [mixin/]: MixinPlatformAgentDefault accepted container SecureJarResource(fabric_lifecycle_events_v1)
[24Jul2025 19:23:27.433] [main/DEBUG] [mixin/]: Processing prepare() for PlatformAgent[MixinPlatformAgentDefault:SecureJarResource(fabric_lifecycle_events_v1)]
[24Jul2025 19:23:27.433] [main/DEBUG] [mixin/]: Registering mixin config: fabric-lifecycle-events-v1.mixins.json
[24Jul2025 19:23:27.434] [main/DEBUG] [mixin/]: Registering mixin config: fabric-lifecycle-events-v1.client.mixins.json
[24Jul2025 19:23:27.435] [main/DEBUG] [mixin/]: Compatibility level JAVA_16 specified by fabric-lifecycle-events-v1.client.mixins.json is higher than the maximum level supported by this version of mixin (JAVA_13).
[24Jul2025 19:23:27.435] [main/DEBUG] [mixin/]: Adding mixin platform agents for container SecureJarResource(skinrestorer)
[24Jul2025 19:23:27.435] [main/DEBUG] [mixin/]: Instancing new MixinPlatformAgentMinecraftForge for SecureJarResource(skinrestorer)
[24Jul2025 19:23:27.435] [main/DEBUG] [mixin/]: MixinPlatformAgentMinecraftForge rejected container SecureJarResource(skinrestorer)
[24Jul2025 19:23:27.435] [main/DEBUG] [mixin/]: Instancing new MixinPlatformAgentDefault for SecureJarResource(skinrestorer)
[24Jul2025 19:23:27.435] [main/DEBUG] [mixin/]: MixinPlatformAgentDefault accepted container SecureJarResource(skinrestorer)
[24Jul2025 19:23:27.435] [main/DEBUG] [mixin/]: Processing prepare() for PlatformAgent[MixinPlatformAgentDefault:SecureJarResource(skinrestorer)]
[24Jul2025 19:23:27.435] [main/DEBUG] [mixin/]: Registering mixin config: skinrestorer.mixins.json
[24Jul2025 19:23:27.437] [main/DEBUG] [mixin/]: Adding mixin platform agents for container SecureJarResource(fabric_data_generation_api_v1)
[24Jul2025 19:23:27.437] [main/DEBUG] [mixin/]: Instancing new MixinPlatformAgentMinecraftForge for SecureJarResource(fabric_data_generation_api_v1)
[24Jul2025 19:23:27.437] [main/DEBUG] [mixin/]: MixinPlatformAgentMinecraftForge rejected container SecureJarResource(fabric_data_generation_api_v1)
[24Jul2025 19:23:27.437] [main/DEBUG] [mixin/]: Instancing new MixinPlatformAgentDefault for SecureJarResource(fabric_data_generation_api_v1)
[24Jul2025 19:23:27.437] [main/DEBUG] [mixin/]: MixinPlatformAgentDefault accepted container SecureJarResource(fabric_data_generation_api_v1)
[24Jul2025 19:23:27.437] [main/DEBUG] [mixin/]: Processing prepare() for PlatformAgent[MixinPlatformAgentDefault:SecureJarResource(fabric_data_generation_api_v1)]
[24Jul2025 19:23:27.437] [main/DEBUG] [mixin/]: Registering mixin config: fabric-data-generation-api-v1.mixins.json
[24Jul2025 19:23:27.439] [main/DEBUG] [mixin/]: Compatibility level JAVA_16 specified by fabric-data-generation-api-v1.mixins.json is higher than the maximum level supported by this version of mixin (JAVA_13).
[24Jul2025 19:23:27.439] [main/DEBUG] [mixin/]: Adding mixin platform agents for container SecureJarResource(fabric_events_interaction_v0)
[24Jul2025 19:23:27.439] [main/DEBUG] [mixin/]: Instancing new MixinPlatformAgentMinecraftForge for SecureJarResource(fabric_events_interaction_v0)
[24Jul2025 19:23:27.439] [main/DEBUG] [mixin/]: MixinPlatformAgentMinecraftForge rejected container SecureJarResource(fabric_events_interaction_v0)
[24Jul2025 19:23:27.439] [main/DEBUG] [mixin/]: Instancing new MixinPlatformAgentDefault for SecureJarResource(fabric_events_interaction_v0)
[24Jul2025 19:23:27.439] [main/DEBUG] [mixin/]: MixinPlatformAgentDefault accepted container SecureJarResource(fabric_events_interaction_v0)
[24Jul2025 19:23:27.439] [main/DEBUG] [mixin/]: Processing prepare() for PlatformAgent[MixinPlatformAgentDefault:SecureJarResource(fabric_events_interaction_v0)]
[24Jul2025 19:23:27.439] [main/DEBUG] [mixin/]: Registering mixin config: fabric-events-interaction-v0.mixins.json
[24Jul2025 19:23:27.440] [main/DEBUG] [mixin/]: Compatibility level JAVA_16 specified by fabric-events-interaction-v0.mixins.json is higher than the maximum level supported by this version of mixin (JAVA_13).
[24Jul2025 19:23:27.440] [main/DEBUG] [mixin/]: Registering mixin config: fabric-events-interaction-v0.client.mixins.json
[24Jul2025 19:23:27.441] [main/DEBUG] [mixin/]: Compatibility level JAVA_16 specified by fabric-events-interaction-v0.client.mixins.json is higher than the maximum level supported by this version of mixin (JAVA_13).
[24Jul2025 19:23:27.442] [main/DEBUG] [mixin/]: Adding mixin platform agents for container SecureJarResource(fabric_key_binding_api_v1)
[24Jul2025 19:23:27.442] [main/DEBUG] [mixin/]: Instancing new MixinPlatformAgentMinecraftForge for SecureJarResource(fabric_key_binding_api_v1)
[24Jul2025 19:23:27.442] [main/DEBUG] [mixin/]: MixinPlatformAgentMinecraftForge rejected container SecureJarResource(fabric_key_binding_api_v1)
[24Jul2025 19:23:27.442] [main/DEBUG] [mixin/]: Instancing new MixinPlatformAgentDefault for SecureJarResource(fabric_key_binding_api_v1)
[24Jul2025 19:23:27.442] [main/DEBUG] [mixin/]: MixinPlatformAgentDefault accepted container SecureJarResource(fabric_key_binding_api_v1)
[24Jul2025 19:23:27.442] [main/DEBUG] [mixin/]: Processing prepare() for PlatformAgent[MixinPlatformAgentDefault:SecureJarResource(fabric_key_binding_api_v1)]
[24Jul2025 19:23:27.442] [main/DEBUG] [mixin/]: Registering mixin config: fabric-key-binding-api-v1.mixins.json
[24Jul2025 19:23:27.443] [main/DEBUG] [mixin/]: Compatibility level JAVA_16 specified by fabric-key-binding-api-v1.mixins.json is higher than the maximum level supported by this version of mixin (JAVA_13).
[24Jul2025 19:23:27.444] [main/DEBUG] [mixin/]: Adding mixin platform agents for container SecureJarResource(fabric_client_tags_api_v1)
[24Jul2025 19:23:27.444] [main/DEBUG] [mixin/]: Instancing new MixinPlatformAgentMinecraftForge for SecureJarResource(fabric_client_tags_api_v1)
[24Jul2025 19:23:27.444] [main/DEBUG] [mixin/]: MixinPlatformAgentMinecraftForge rejected container SecureJarResource(fabric_client_tags_api_v1)
[24Jul2025 19:23:27.444] [main/DEBUG] [mixin/]: Instancing new MixinPlatformAgentDefault for SecureJarResource(fabric_client_tags_api_v1)
[24Jul2025 19:23:27.444] [main/DEBUG] [mixin/]: MixinPlatformAgentDefault accepted container SecureJarResource(fabric_client_tags_api_v1)
[24Jul2025 19:23:27.444] [main/DEBUG] [mixin/]: Processing prepare() for PlatformAgent[MixinPlatformAgentDefault:SecureJarResource(fabric_client_tags_api_v1)]
[24Jul2025 19:23:27.444] [main/DEBUG] [mixin/]: Adding mixin platform agents for container SecureJarResource(mclib)
[24Jul2025 19:23:27.444] [main/DEBUG] [mixin/]: Instancing new MixinPlatformAgentMinecraftForge for SecureJarResource(mclib)
[24Jul2025 19:23:27.444] [main/DEBUG] [mixin/]: MixinPlatformAgentMinecraftForge rejected container SecureJarResource(mclib)
[24Jul2025 19:23:27.444] [main/DEBUG] [mixin/]: Instancing new MixinPlatformAgentDefault for SecureJarResource(mclib)
[24Jul2025 19:23:27.444] [main/DEBUG] [mixin/]: MixinPlatformAgentDefault accepted container SecureJarResource(mclib)
[24Jul2025 19:23:27.444] [main/DEBUG] [mixin/]: Processing prepare() for PlatformAgent[MixinPlatformAgentDefault:SecureJarResource(mclib)]
[24Jul2025 19:23:27.444] [main/DEBUG] [mixin/]: Adding mixin platform agents for container SecureJarResource(java.client.SNAPSHOT)
[24Jul2025 19:23:27.444] [main/DEBUG] [mixin/]: Instancing new MixinPlatformAgentMinecraftForge for SecureJarResource(java.client.SNAPSHOT)
[24Jul2025 19:23:27.444] [main/DEBUG] [mixin/]: MixinPlatformAgentMinecraftForge rejected container SecureJarResource(java.client.SNAPSHOT)
[24Jul2025 19:23:27.444] [main/DEBUG] [mixin/]: Instancing new MixinPlatformAgentDefault for SecureJarResource(java.client.SNAPSHOT)
[24Jul2025 19:23:27.444] [main/DEBUG] [mixin/]: MixinPlatformAgentDefault accepted container SecureJarResource(java.client.SNAPSHOT)
[24Jul2025 19:23:27.444] [main/DEBUG] [mixin/]: Processing prepare() for PlatformAgent[MixinPlatformAgentDefault:SecureJarResource(java.client.SNAPSHOT)]
[24Jul2025 19:23:27.444] [main/DEBUG] [mixin/]: Adding mixin platform agents for container SecureJarResource(runtime._1._20._1)
[24Jul2025 19:23:27.444] [main/DEBUG] [mixin/]: Instancing new MixinPlatformAgentMinecraftForge for SecureJarResource(runtime._1._20._1)
[24Jul2025 19:23:27.444] [main/DEBUG] [mixin/]: MixinPlatformAgentMinecraftForge rejected container SecureJarResource(runtime._1._20._1)
[24Jul2025 19:23:27.444] [main/DEBUG] [mixin/]: Instancing new MixinPlatformAgentDefault for SecureJarResource(runtime._1._20._1)
[24Jul2025 19:23:27.444] [main/DEBUG] [mixin/]: MixinPlatformAgentDefault accepted container SecureJarResource(runtime._1._20._1)
[24Jul2025 19:23:27.444] [main/DEBUG] [mixin/]: Processing prepare() for PlatformAgent[MixinPlatformAgentDefault:SecureJarResource(runtime._1._20._1)]
[24Jul2025 19:23:27.444] [main/DEBUG] [mixin/]: Registering mixin config: adapter.init.mixins.json
[24Jul2025 19:23:27.445] [main/DEBUG] [mixin/]: Adding mixin platform agents for container SecureJarResource(MixinExtras)
[24Jul2025 19:23:27.445] [main/DEBUG] [mixin/]: Instancing new MixinPlatformAgentMinecraftForge for SecureJarResource(MixinExtras)
[24Jul2025 19:23:27.445] [main/DEBUG] [mixin/]: MixinPlatformAgentMinecraftForge rejected container SecureJarResource(MixinExtras)
[24Jul2025 19:23:27.445] [main/DEBUG] [mixin/]: Instancing new MixinPlatformAgentDefault for SecureJarResource(MixinExtras)
[24Jul2025 19:23:27.445] [main/DEBUG] [mixin/]: MixinPlatformAgentDefault accepted container SecureJarResource(MixinExtras)
[24Jul2025 19:23:27.445] [main/DEBUG] [mixin/]: Processing prepare() for PlatformAgent[MixinPlatformAgentDefault:SecureJarResource(MixinExtras)]
[24Jul2025 19:23:27.445] [main/DEBUG] [mixin/]: Adding mixin platform agents for container SecureJarResource(connector$authlib)
[24Jul2025 19:23:27.445] [main/DEBUG] [mixin/]: Instancing new MixinPlatformAgentMinecraftForge for SecureJarResource(connector$authlib)
[24Jul2025 19:23:27.446] [main/DEBUG] [mixin/]: MixinPlatformAgentMinecraftForge rejected container SecureJarResource(connector$authlib)
[24Jul2025 19:23:27.446] [main/DEBUG] [mixin/]: Instancing new MixinPlatformAgentDefault for SecureJarResource(connector$authlib)
[24Jul2025 19:23:27.446] [main/DEBUG] [mixin/]: MixinPlatformAgentDefault accepted container SecureJarResource(connector$authlib)
[24Jul2025 19:23:27.446] [main/DEBUG] [mixin/]: Processing prepare() for PlatformAgent[MixinPlatformAgentDefault:SecureJarResource(connector$authlib)]
[24Jul2025 19:23:27.446] [main/DEBUG] [mixin/]: inject() running with 85 agents
[24Jul2025 19:23:27.446] [main/DEBUG] [mixin/]: Processing inject() for PlatformAgent[MixinPlatformAgentDefault:ModLauncher Root Container(ModLauncher:4f56a0a2)]
[24Jul2025 19:23:27.446] [main/DEBUG] [mixin/]: Processing inject() for PlatformAgent[MixinPlatformAgentDefault:SecureJarResource(mixin_generated_classes)]
[24Jul2025 19:23:27.446] [main/DEBUG] [mixin/]: Processing inject() for PlatformAgent[MixinPlatformAgentDefault:SecureJarResource(fabric_transfer_api_v1)]
[24Jul2025 19:23:27.446] [main/DEBUG] [mixin/]: Processing inject() for PlatformAgent[MixinPlatformAgentDefault:SecureJarResource(fabric_dimensions_v1)]
[24Jul2025 19:23:27.446] [main/DEBUG] [mixin/]: Processing inject() for PlatformAgent[MixinPlatformAgentDefault:SecureJarResource(kuma_api)]
[24Jul2025 19:23:27.446] [main/DEBUG] [mixin/]: Processing inject() for PlatformAgent[MixinPlatformAgentDefault:SecureJarResource(fabric_renderer_api_v1)]
[24Jul2025 19:23:27.446] [main/DEBUG] [mixin/]: Processing inject() for PlatformAgent[MixinPlatformAgentDefault:SecureJarResource(animation_overhaul)]
[24Jul2025 19:23:27.446] [main/DEBUG] [mixin/]: Processing inject() for PlatformAgent[MixinPlatformAgentDefault:SecureJarResource(geckolib)]
[24Jul2025 19:23:27.446] [main/DEBUG] [mixin/]: Processing inject() for PlatformAgent[MixinPlatformAgentDefault:SecureJarResource(folk_sisby_kaleido_config)]
[24Jul2025 19:23:27.446] [main/DEBUG] [mixin/]: Processing inject() for PlatformAgent[MixinPlatformAgentDefault:SecureJarResource(playeranimator)]
[24Jul2025 19:23:27.446] [main/DEBUG] [mixin/]: Processing inject() for PlatformAgent[MixinPlatformAgentDefault:SecureJarResource(fabric_item_api_v1)]
[24Jul2025 19:23:27.446] [main/DEBUG] [mixin/]: Processing inject() for PlatformAgent[MixinPlatformAgentDefault:SecureJarResource(fabric_model_loading_api_v1)]
[24Jul2025 19:23:27.446] [main/DEBUG] [mixin/]: Processing inject() for PlatformAgent[MixinPlatformAgentDefault:SecureJarResource(fabric_rendering_fluids_v1)]
[24Jul2025 19:23:27.446] [main/DEBUG] [mixin/]: Processing inject() for PlatformAgent[MixinPlatformAgentDefault:SecureJarResource(fabric_screen_handler_api_v1)]
[24Jul2025 19:23:27.446] [main/DEBUG] [mixin/]: Processing inject() for PlatformAgent[MixinPlatformAgentDefault:SecureJarResource(fabric_models_v0)]
[24Jul2025 19:23:27.446] [main/DEBUG] [mixin/]: Processing inject() for PlatformAgent[MixinPlatformAgentDefault:SecureJarResource(fabric_resource_loader_v0)]
[24Jul2025 19:23:27.446] [main/DEBUG] [mixin/]: Processing inject() for PlatformAgent[MixinPlatformAgentDefault:SecureJarResource(fabric_rendering_v1)]
[24Jul2025 19:23:27.446] [main/DEBUG] [mixin/]: Processing inject() for PlatformAgent[MixinPlatformAgentDefault:SecureJarResource(waystones)]
[24Jul2025 19:23:27.446] [main/DEBUG] [mixin/]: Processing inject() for PlatformAgent[MixinPlatformAgentDefault:SecureJarResource(fabric_renderer_indigo)]
[24Jul2025 19:23:27.446] [main/DEBUG] [mixin/]: Processing inject() for PlatformAgent[MixinPlatformAgentDefault:SecureJarResource(fabric_convention_tags_v1)]
[24Jul2025 19:23:27.446] [main/DEBUG] [mixin/]: Processing inject() for PlatformAgent[MixinPlatformAgentDefault:SecureJarResource(fabric_mining_level_api_v1)]
[24Jul2025 19:23:27.446] [main/DEBUG] [mixin/]: Processing inject() for PlatformAgent[MixinPlatformAgentDefault:SecureJarResource(fabric_command_api_v1)]
[24Jul2025 19:23:27.446] [main/DEBUG] [mixin/]: Processing inject() for PlatformAgent[MixinPlatformAgentDefault:SecureJarResource(fromtheshadows)]
[24Jul2025 19:23:27.446] [main/DEBUG] [mixin/]: Processing inject() for PlatformAgent[MixinPlatformAgentDefault:SecureJarResource(fabric_block_view_api_v2)]
[24Jul2025 19:23:27.447] [main/DEBUG] [mixin/]: Processing inject() for PlatformAgent[MixinPlatformAgentDefault:SecureJarResource(fabric_command_api_v2)]
[24Jul2025 19:23:27.447] [main/DEBUG] [mixin/]: Processing inject() for PlatformAgent[MixinPlatformAgentDefault:SecureJarResource(configured)]
[24Jul2025 19:23:27.447] [main/DEBUG] [mixin/]: Processing inject() for PlatformAgent[MixinPlatformAgentDefault:SecureJarResource(fabric_data_attachment_api_v1)]
[24Jul2025 19:23:27.447] [main/DEBUG] [mixin/]: Processing inject() for PlatformAgent[MixinPlatformAgentDefault:SecureJarResource(mixinextras)]
[24Jul2025 19:23:27.447] [main/DEBUG] [mixin/]: Processing inject() for PlatformAgent[MixinPlatformAgentDefault:SecureJarResource(surveyor)]
[24Jul2025 19:23:27.447] [main/DEBUG] [mixin/]: Processing inject() for PlatformAgent[MixinPlatformAgentDefault:SecureJarResource(balm)]
[24Jul2025 19:23:27.447] [main/DEBUG] [mixin/]: Processing inject() for PlatformAgent[MixinPlatformAgentDefault:SecureJarResource(fabric_screen_api_v1)]
[24Jul2025 19:23:27.447] [main/DEBUG] [mixin/]: Processing inject() for PlatformAgent[MixinPlatformAgentDefault:SecureJarResource(antique_atlas)]
[24Jul2025 19:23:27.447] [main/DEBUG] [mixin/]: Processing inject() for PlatformAgent[MixinPlatformAgentDefault:SecureJarResource(cameraoverhaul)]
[24Jul2025 19:23:27.447] [main/DEBUG] [mixin/]: Processing inject() for PlatformAgent[MixinPlatformAgentDefault:SecureJarResource(fabric_particles_v1)]
[24Jul2025 19:23:27.447] [main/DEBUG] [mixin/]: Processing inject() for PlatformAgent[MixinPlatformAgentDefault:SecureJarResource(forge)]
[24Jul2025 19:23:27.447] [main/DEBUG] [mixin/]: Processing inject() for PlatformAgent[MixinPlatformAgentDefault:SecureJarResource(fabric_api)]
[24Jul2025 19:23:27.447] [main/DEBUG] [mixin/]: Processing inject() for PlatformAgent[MixinPlatformAgentDefault:SecureJarResource(fabric_content_registries_v0)]
[24Jul2025 19:23:27.447] [main/DEBUG] [mixin/]: Processing inject() for PlatformAgent[MixinPlatformAgentDefault:SecureJarResource(fabric_transitive_access_wideners_v1)]
[24Jul2025 19:23:27.447] [main/DEBUG] [mixin/]: Processing inject() for PlatformAgent[MixinPlatformAgentDefault:SecureJarResource(nyfsspiders)]
[24Jul2025 19:23:27.447] [main/DEBUG] [mixin/]: Processing inject() for PlatformAgent[MixinPlatformAgentDefault:SecureJarResource(minecraft)]
[24Jul2025 19:23:27.447] [main/DEBUG] [mixin/]: Processing inject() for PlatformAgent[MixinPlatformAgentDefault:SecureJarResource(death_angels)]
[24Jul2025 19:23:27.447] [main/DEBUG] [mixin/]: Processing inject() for PlatformAgent[MixinPlatformAgentDefault:SecureJarResource(befalltwo)]
[24Jul2025 19:23:27.447] [main/DEBUG] [mixin/]: Processing inject() for PlatformAgent[MixinPlatformAgentDefault:SecureJarResource(midnightlurker)]
[24Jul2025 19:23:27.447] [main/DEBUG] [mixin/]: Processing inject() for PlatformAgent[MixinPlatformAgentDefault:SecureJarResource(fabric_game_rule_api_v1)]
[24Jul2025 19:23:27.447] [main/DEBUG] [mixin/]: Processing inject() for PlatformAgent[MixinPlatformAgentDefault:SecureJarResource(fabric_api_base)]
[24Jul2025 19:23:27.447] [main/DEBUG] [mixin/]: Processing inject() for PlatformAgent[MixinPlatformAgentDefault:SecureJarResource(necronomicon)]
[24Jul2025 19:23:27.447] [main/DEBUG] [mixin/]: Processing inject() for PlatformAgent[MixinPlatformAgentDefault:SecureJarResource(fabric_api_lookup_api_v1)]
[24Jul2025 19:23:27.447] [main/DEBUG] [mixin/]: Processing inject() for PlatformAgent[MixinPlatformAgentDefault:SecureJarResource(fabric_blockrenderlayer_v1)]
[24Jul2025 19:23:27.447] [main/DEBUG] [mixin/]: Processing inject() for PlatformAgent[MixinPlatformAgentDefault:SecureJarResource(jade)]
[24Jul2025 19:23:27.447] [main/DEBUG] [mixin/]: Processing inject() for PlatformAgent[MixinPlatformAgentDefault:SecureJarResource(obscure_tooltips)]
[24Jul2025 19:23:27.447] [main/DEBUG] [mixin/]: Processing inject() for PlatformAgent[MixinPlatformAgentDefault:SecureJarResource(creativecore)]
[24Jul2025 19:23:27.447] [main/DEBUG] [mixin/]: Processing inject() for PlatformAgent[MixinPlatformAgentDefault:SecureJarResource(chunky)]
[24Jul2025 19:23:27.448] [main/DEBUG] [mixin/]: Processing inject() for PlatformAgent[MixinPlatformAgentDefault:SecureJarResource(fabric_block_api_v1)]
[24Jul2025 19:23:27.448] [main/DEBUG] [mixin/]: Processing inject() for PlatformAgent[MixinPlatformAgentDefault:SecureJarResource(fabric_resource_conditions_api_v1)]
[24Jul2025 19:23:27.448] [main/DEBUG] [mixin/]: Processing inject() for PlatformAgent[MixinPlatformAgentDefault:SecureJarResource(a_good_place)]
[24Jul2025 19:23:27.448] [main/DEBUG] [mixin/]: Processing inject() for PlatformAgent[MixinPlatformAgentDefault:SecureJarResource(man)]
[24Jul2025 19:23:27.448] [main/DEBUG] [mixin/]: Processing inject() for PlatformAgent[MixinPlatformAgentDefault:SecureJarResource(fabric_item_group_api_v1)]
[24Jul2025 19:23:27.448] [main/DEBUG] [mixin/]: Processing inject() for PlatformAgent[MixinPlatformAgentDefault:SecureJarResource(connectormod)]
[24Jul2025 19:23:27.448] [main/DEBUG] [mixin/]: Processing inject() for PlatformAgent[MixinPlatformAgentDefault:SecureJarResource(fabric_biome_api_v1)]
[24Jul2025 19:23:27.448] [main/DEBUG] [mixin/]: Processing inject() for PlatformAgent[MixinPlatformAgentDefault:SecureJarResource(fabric_entity_events_v1)]
[24Jul2025 19:23:27.448] [main/DEBUG] [mixin/]: Processing inject() for PlatformAgent[MixinPlatformAgentDefault:SecureJarResource(antlers)]
[24Jul2025 19:23:27.448] [main/DEBUG] [mixin/]: Processing inject() for PlatformAgent[MixinPlatformAgentDefault:SecureJarResource(fabric_registry_sync_v0)]
[24Jul2025 19:23:27.448] [main/DEBUG] [mixin/]: Processing inject() for PlatformAgent[MixinPlatformAgentDefault:SecureJarResource(bwrtherain)]
[24Jul2025 19:23:27.448] [main/DEBUG] [mixin/]: Processing inject() for PlatformAgent[MixinPlatformAgentDefault:SecureJarResource(fabric_recipe_api_v1)]
[24Jul2025 19:23:27.448] [main/DEBUG] [mixin/]: Processing inject() for PlatformAgent[MixinPlatformAgentDefault:SecureJarResource(fabric_loot_api_v2)]
[24Jul2025 19:23:27.448] [main/DEBUG] [mixin/]: Processing inject() for PlatformAgent[MixinPlatformAgentDefault:SecureJarResource(fabric_object_builder_api_v1)]
[24Jul2025 19:23:27.448] [main/DEBUG] [mixin/]: Processing inject() for PlatformAgent[MixinPlatformAgentDefault:SecureJarResource(fabric_rendering_data_attachment_v1)]
[24Jul2025 19:23:27.448] [main/DEBUG] [mixin/]: Processing inject() for PlatformAgent[MixinPlatformAgentDefault:SecureJarResource(itsnotreal)]
[24Jul2025 19:23:27.448] [main/DEBUG] [mixin/]: Processing inject() for PlatformAgent[MixinPlatformAgentDefault:SecureJarResource(the_anomaly)]
[24Jul2025 19:23:27.448] [main/DEBUG] [mixin/]: Processing inject() for PlatformAgent[MixinPlatformAgentDefault:SecureJarResource(fabric_networking_api_v1)]
[24Jul2025 19:23:27.448] [main/DEBUG] [mixin/]: Processing inject() for PlatformAgent[MixinPlatformAgentDefault:SecureJarResource(fabric_sound_api_v1)]
[24Jul2025 19:23:27.448] [main/DEBUG] [mixin/]: Processing inject() for PlatformAgent[MixinPlatformAgentDefault:SecureJarResource(mr_animated_doors)]
[24Jul2025 19:23:27.448] [main/DEBUG] [mixin/]: Processing inject() for PlatformAgent[MixinPlatformAgentDefault:SecureJarResource(fabric_message_api_v1)]
[24Jul2025 19:23:27.448] [main/DEBUG] [mixin/]: Processing inject() for PlatformAgent[MixinPlatformAgentDefault:SecureJarResource(no_moon)]
[24Jul2025 19:23:27.448] [main/DEBUG] [mixin/]: Processing inject() for PlatformAgent[MixinPlatformAgentDefault:SecureJarResource(fabric_lifecycle_events_v1)]
[24Jul2025 19:23:27.448] [main/DEBUG] [mixin/]: Processing inject() for PlatformAgent[MixinPlatformAgentDefault:SecureJarResource(skinrestorer)]
[24Jul2025 19:23:27.448] [main/DEBUG] [mixin/]: Processing inject() for PlatformAgent[MixinPlatformAgentDefault:SecureJarResource(fabric_data_generation_api_v1)]
[24Jul2025 19:23:27.448] [main/DEBUG] [mixin/]: Processing inject() for PlatformAgent[MixinPlatformAgentDefault:SecureJarResource(fabric_events_interaction_v0)]
[24Jul2025 19:23:27.448] [main/DEBUG] [mixin/]: Processing inject() for PlatformAgent[MixinPlatformAgentDefault:SecureJarResource(fabric_key_binding_api_v1)]
[24Jul2025 19:23:27.448] [main/DEBUG] [mixin/]: Processing inject() for PlatformAgent[MixinPlatformAgentDefault:SecureJarResource(fabric_client_tags_api_v1)]
[24Jul2025 19:23:27.448] [main/DEBUG] [mixin/]: Processing inject() for PlatformAgent[MixinPlatformAgentDefault:SecureJarResource(mclib)]
[24Jul2025 19:23:27.448] [main/DEBUG] [mixin/]: Processing inject() for PlatformAgent[MixinPlatformAgentDefault:SecureJarResource(java.client.SNAPSHOT)]
[24Jul2025 19:23:27.449] [main/DEBUG] [mixin/]: Processing inject() for PlatformAgent[MixinPlatformAgentDefault:SecureJarResource(runtime._1._20._1)]
[24Jul2025 19:23:27.449] [main/DEBUG] [mixin/]: Processing inject() for PlatformAgent[MixinPlatformAgentDefault:SecureJarResource(MixinExtras)]
[24Jul2025 19:23:27.449] [main/DEBUG] [mixin/]: Processing inject() for PlatformAgent[MixinPlatformAgentDefault:SecureJarResource(connector$authlib)]
[24Jul2025 19:23:27.450] [main/DEBUG] [org.sinytra.connector.loader.ConnectorEarlyLoader/]: Starting early connector loader setup
[24Jul2025 19:23:27.459] [main/INFO] [cpw.mods.modlauncher.LaunchServiceHandler/MODLAUNCHER]: Launching target 'forgeserver' with arguments [nogui]
[24Jul2025 19:23:27.482] [main/DEBUG] [mixin/]: Error cleaning class output directory: .mixin.out
[24Jul2025 19:23:27.486] [main/DEBUG] [mixin/]: Preparing mixins for MixinEnvironment[DEFAULT]
[24Jul2025 19:23:27.486] [main/DEBUG] [mixin/]: Selecting config fabric-transfer-api-v1.mixins.json
[24Jul2025 19:23:27.496] [main/DEBUG] [mixin/]: Selecting config kuma_api.mixins.json
[24Jul2025 19:23:27.498] [main/DEBUG] [mixin/]: Selecting config kuma_api.forge.mixins.json
[24Jul2025 19:23:27.499] [main/DEBUG] [mixin/]: Selecting config fabric-renderer-api-v1.mixins.json
[24Jul2025 19:23:27.501] [main/DEBUG] [mixin/]: Selecting config fabric-renderer-api-v1.debughud.mixins.json
[24Jul2025 19:23:27.502] [main/DEBUG] [mixin/]: Selecting config animation_overhaul.mixins.json
[24Jul2025 19:23:27.504] [main/DEBUG] [mixin/]: Selecting config geckolib.mixins.json
[24Jul2025 19:23:27.505] [main/DEBUG] [mixin/]: Selecting config playerAnimator-common.mixins.json
[24Jul2025 19:23:27.514] [main/DEBUG] [mixin/]: Selecting config fabric-item-api-v1.mixins.json
[24Jul2025 19:23:27.515] [main/DEBUG] [mixin/]: Selecting config fabric-item-api-v1.client.mixins.json
[24Jul2025 19:23:27.517] [main/DEBUG] [mixin/]: Selecting config fabric-model-loading-api-v1.mixins.json
[24Jul2025 19:23:27.519] [main/DEBUG] [mixin/]: Selecting config fabric-rendering-fluids-v1.mixins.json
[24Jul2025 19:23:27.521] [main/DEBUG] [mixin/]: Selecting config fabric-screen-handler-api-v1.mixins.json
[24Jul2025 19:23:27.523] [main/DEBUG] [mixin/]: Selecting config fabric-resource-loader-v0.mixins.json
[24Jul2025 19:23:27.524] [main/DEBUG] [mixin/]: Selecting config fabric-resource-loader-v0.client.mixins.json
[24Jul2025 19:23:27.526] [main/DEBUG] [mixin/]: Selecting config fabric-rendering-v1.mixins.json
[24Jul2025 19:23:27.528] [main/DEBUG] [mixin/]: Selecting config waystones.mixins.json
[24Jul2025 19:23:27.530] [main/DEBUG] [mixin/]: Selecting config fabric-renderer-indigo.mixins.json
[24Jul2025 19:23:27.532] [main/DEBUG] [mixin/]: Selecting config fabric-mining-level-api-v1.mixins.json
[24Jul2025 19:23:27.534] [main/DEBUG] [mixin/]: Selecting config fabric-block-view-api-v2.mixins.json
[24Jul2025 19:23:27.535] [main/DEBUG] [mixin/]: Selecting config fabric-block-view-api-v2.client.mixins.json
[24Jul2025 19:23:27.537] [main/DEBUG] [mixin/]: Selecting config fabric-command-api-v2.mixins.json
[24Jul2025 19:23:27.538] [main/DEBUG] [mixin/]: Selecting config fabric-command-api-v2.client.mixins.json
[24Jul2025 19:23:27.539] [main/DEBUG] [mixin/]: Selecting config configured.common.mixins.json
[24Jul2025 19:23:27.541] [main/DEBUG] [mixin/]: Selecting config fabric-data-attachment-api-v1.mixins.json
[24Jul2025 19:23:27.542] [main/DEBUG] [mixin/]: Selecting config fabric-data-attachment-api-v1.client.mixins.json
[24Jul2025 19:23:27.544] [main/DEBUG] [mixin/]: Selecting config mixinextras.init.mixins.json
[24Jul2025 19:23:27.572] [main/DEBUG] [MixinExtras|Service/]: com.llamalad7.mixinextras.service.MixinExtrasServiceImpl(version=0.3.6) is taking over from null
[24Jul2025 19:23:27.656] [main/DEBUG] [mixin/]: Registering new injector for @Inject with org.spongepowered.asm.mixin.injection.struct.CallbackInjectionInfo
[24Jul2025 19:23:27.657] [main/DEBUG] [mixin/]: Registering new injector for @ModifyArg with org.spongepowered.asm.mixin.injection.struct.ModifyArgInjectionInfo
[24Jul2025 19:23:27.658] [main/DEBUG] [mixin/]: Registering new injector for @ModifyArgs with org.spongepowered.asm.mixin.injection.struct.ModifyArgsInjectionInfo
[24Jul2025 19:23:27.678] [main/DEBUG] [mixin/]: Registering new injector for @Redirect with org.spongepowered.asm.mixin.injection.struct.RedirectInjectionInfo
[24Jul2025 19:23:27.679] [main/DEBUG] [mixin/]: Registering new injector for @ModifyVariable with org.spongepowered.asm.mixin.injection.struct.ModifyVariableInjectionInfo
[24Jul2025 19:23:27.680] [main/DEBUG] [mixin/]: Registering new injector for @ModifyConstant with org.spongepowered.asm.mixin.injection.struct.ModifyConstantInjectionInfo
[24Jul2025 19:23:27.690] [main/DEBUG] [mixin/]: Selecting config surveyor.mixins.json
[24Jul2025 19:23:27.692] [main/DEBUG] [mixin/]: Selecting config balm.mixins.json
[24Jul2025 19:23:27.694] [main/DEBUG] [mixin/]: Selecting config fabric-screen-api-v1.mixins.json
[24Jul2025 19:23:27.695] [main/DEBUG] [mixin/]: Selecting config cameraoverhaul.mixins.json
[24Jul2025 19:23:27.697] [main/DEBUG] [mixin/]: Selecting config fabric-particles-v1.client.mixins.json
[24Jul2025 19:23:27.698] [main/DEBUG] [mixin/]: Selecting config fabric-content-registries-v0.mixins.json
[24Jul2025 19:23:27.701] [main/DEBUG] [mixin/]: Selecting config nyfsspiders.mixins.json
[24Jul2025 19:23:27.704] [main/DEBUG] [mixin/]: Selecting config fabric-game-rule-api-v1.mixins.json
[24Jul2025 19:23:27.705] [main/DEBUG] [mixin/]: Selecting config fabric-game-rule-api-v1.client.mixins.json
[24Jul2025 19:23:27.708] [main/DEBUG] [mixin/]: Selecting config fabric-api-base.init.mixins.json
[24Jul2025 19:23:27.716] [main/DEBUG] [mixin/]: Selecting config necronomicon-common.mixins.json
[24Jul2025 19:23:27.719] [main/DEBUG] [mixin/]: Selecting config fabric-api-lookup-api-v1.mixins.json
[24Jul2025 19:23:27.722] [main/DEBUG] [mixin/]: Selecting config fabric-blockrenderlayer-v1.mixins.json
[24Jul2025 19:23:27.723] [main/DEBUG] [mixin/]: Selecting config jade.mixins.json
[24Jul2025 19:23:27.725] [main/DEBUG] [mixin/]: Selecting config obscure_tooltips.mixins.json
[24Jul2025 19:23:27.726] [main/DEBUG] [mixin/]: Selecting config creativecore.mixins.json
[24Jul2025 19:23:27.728] [main/DEBUG] [mixin/]: Selecting config creativecore.forge.mixins.json
[24Jul2025 19:23:27.729] [main/DEBUG] [mixin/]: Selecting config fabric-resource-conditions-api-v1.mixins.json
[24Jul2025 19:23:27.731] [main/DEBUG] [mixin/]: Selecting config a_good_place.mixins.json
[24Jul2025 19:23:27.732] [main/DEBUG] [mixin/]: Selecting config a_good_place-common.mixins.json
[24Jul2025 19:23:27.734] [main/DEBUG] [mixin/]: Selecting config fabric-item-group-api-v1.mixins.json
[24Jul2025 19:23:27.736] [main/DEBUG] [mixin/]: Selecting config fabric-item-group-api-v1.client.mixins.json
[24Jul2025 19:23:27.741] [main/DEBUG] [mixin/]: Selecting config connectormod.mixins.json
[24Jul2025 19:23:27.747] [main/DEBUG] [mixin/]: Selecting config fabric-biome-api-v1.mixins.json
[24Jul2025 19:23:27.749] [main/DEBUG] [mixin/]: Selecting config fabric-entity-events-v1.mixins.json
[24Jul2025 19:23:27.750] [main/DEBUG] [mixin/]: Selecting config fabric-entity-events-v1.client.mixins.json
[24Jul2025 19:23:27.753] [main/DEBUG] [mixin/]: Selecting config fabric-registry-sync-v0.mixins.json
[24Jul2025 19:23:27.754] [main/DEBUG] [mixin/]: Selecting config fabric-registry-sync-v0.client.mixins.json
[24Jul2025 19:23:27.756] [main/DEBUG] [mixin/]: Selecting config fabric-recipe-api-v1.mixins.json
[24Jul2025 19:23:27.757] [main/DEBUG] [mixin/]: Selecting config fabric-loot-api-v2.mixins.json
[24Jul2025 19:23:27.759] [main/DEBUG] [mixin/]: Selecting config fabric-object-builder-v1.mixins.json
[24Jul2025 19:23:27.761] [main/DEBUG] [mixin/]: Selecting config fabric-rendering-data-attachment-v1.mixins.json
[24Jul2025 19:23:27.762] [main/DEBUG] [mixin/]: Selecting config fabric-rendering-data-attachment-v1.client.mixins.json
[24Jul2025 19:23:27.763] [main/DEBUG] [mixin/]: Selecting config fabric-networking-api-v1.mixins.json
[24Jul2025 19:23:27.765] [main/DEBUG] [mixin/]: Selecting config fabric-networking-api-v1.client.mixins.json
[24Jul2025 19:23:27.767] [main/DEBUG] [mixin/]: Selecting config fabric-sound-api-v1.mixins.json
[24Jul2025 19:23:27.768] [main/DEBUG] [mixin/]: Selecting config fabric-message-api-v1.mixins.json
[24Jul2025 19:23:27.771] [main/DEBUG] [mixin/]: Selecting config fabric-message-api-v1.client.mixins.json
[24Jul2025 19:23:27.773] [main/DEBUG] [mixin/]: Selecting config fabric-lifecycle-events-v1.mixins.json
[24Jul2025 19:23:27.775] [main/DEBUG] [mixin/]: Selecting config fabric-lifecycle-events-v1.client.mixins.json
[24Jul2025 19:23:27.777] [main/DEBUG] [mixin/]: Selecting config skinrestorer.mixins.json
[24Jul2025 19:23:27.779] [main/DEBUG] [mixin/]: Selecting config fabric-data-generation-api-v1.mixins.json
[24Jul2025 19:23:27.780] [main/DEBUG] [mixin/]: Selecting config fabric-events-interaction-v0.mixins.json
[24Jul2025 19:23:27.782] [main/DEBUG] [mixin/]: Selecting config fabric-events-interaction-v0.client.mixins.json
[24Jul2025 19:23:27.783] [main/DEBUG] [mixin/]: Selecting config fabric-key-binding-api-v1.mixins.json
[24Jul2025 19:23:27.785] [main/DEBUG] [mixin/]: Selecting config adapter.init.mixins.json
[24Jul2025 19:23:27.788] [main/DEBUG] [mixin/]: Registering new injector for @ModifyInstanceofValue with org.sinytra.adapter.runtime.inject.ModifyInstanceofValueInjectionInfo
[24Jul2025 19:23:27.789] [main/WARN] [mixin/]: Reference map '' for adapter.init.mixins.json could not be read. If this is a development environment you can ignore this message
[24Jul2025 19:23:27.790] [main/DEBUG] [mixin/]: Preparing fabric-transfer-api-v1.mixins.json (9)
[24Jul2025 19:23:27.868] [main/DEBUG] [net.minecraftforge.coremod.transformer.CoreModBaseTransformer/COREMOD]: Transforming net/minecraft/world/item/BucketItem
[24Jul2025 19:23:27.891] [main/DEBUG] [mixin/]: Preparing kuma_api.mixins.json (1)
[24Jul2025 19:23:27.891] [main/DEBUG] [mixin/]: Preparing kuma_api.forge.mixins.json (0)
[24Jul2025 19:23:27.891] [main/DEBUG] [mixin/]: Preparing fabric-renderer-api-v1.mixins.json (5)
[24Jul2025 19:23:27.891] [main/DEBUG] [mixin/]: Preparing fabric-renderer-api-v1.debughud.mixins.json (1)
[24Jul2025 19:23:27.891] [main/DEBUG] [mixin/]: Preparing animation_overhaul.mixins.json (3)
[24Jul2025 19:23:27.891] [main/DEBUG] [mixin/]: Preparing geckolib.mixins.json (1)
[24Jul2025 19:23:27.891] [main/DEBUG] [mixin/]: Preparing playerAnimator-common.mixins.json (14)
[24Jul2025 19:23:27.891] [main/DEBUG] [mixin/]: Preparing fabric-item-api-v1.mixins.json (2)
[24Jul2025 19:23:27.896] [main/DEBUG] [net.minecraftforge.coremod.transformer.CoreModBaseTransformer/COREMOD]: Transforming net/minecraft/world/item/ItemStack
[24Jul2025 19:23:27.923] [main/DEBUG] [mixin/]: Preparing fabric-item-api-v1.client.mixins.json (1)
[24Jul2025 19:23:27.924] [main/DEBUG] [mixin/]: Preparing fabric-model-loading-api-v1.mixins.json (3)
[24Jul2025 19:23:27.924] [main/DEBUG] [mixin/]: Preparing fabric-rendering-fluids-v1.mixins.json (2)
[24Jul2025 19:23:27.924] [main/DEBUG] [mixin/]: Preparing fabric-screen-handler-api-v1.mixins.json (4)
[24Jul2025 19:23:27.960] [main/DEBUG] [mixin/]: Preparing fabric-resource-loader-v0.mixins.json (6)
[24Jul2025 19:23:27.993] [main/DEBUG] [mixin/]: Preparing fabric-resource-loader-v0.client.mixins.json (4)
[24Jul2025 19:23:27.993] [main/DEBUG] [mixin/]: Preparing fabric-rendering-v1.mixins.json (11)
[24Jul2025 19:23:27.993] [main/DEBUG] [mixin/]: Preparing waystones.mixins.json (3)
[24Jul2025 19:23:28.001] [main/DEBUG] [mixin/]: Preparing fabric-renderer-indigo.mixins.json (5)
[24Jul2025 19:23:28.001] [main/DEBUG] [mixin/]: Preparing fabric-mining-level-api-v1.mixins.json (3)
[24Jul2025 19:23:28.006] [main/DEBUG] [mixin/]: Preparing fabric-block-view-api-v2.mixins.json (2)
[24Jul2025 19:23:28.009] [main/DEBUG] [mixin/]: Preparing fabric-block-view-api-v2.client.mixins.json (2)
[24Jul2025 19:23:28.009] [main/DEBUG] [mixin/]: Preparing fabric-command-api-v2.mixins.json (1)
[24Jul2025 19:23:28.014] [main/DEBUG] [mixin/]: Preparing fabric-command-api-v2.client.mixins.json (2)
[24Jul2025 19:23:28.014] [main/DEBUG] [mixin/]: Preparing configured.common.mixins.json (2)
[24Jul2025 19:23:28.014] [main/DEBUG] [mixin/]: Preparing fabric-data-attachment-api-v1.mixins.json (8)
[24Jul2025 19:23:28.061] [main/DEBUG] [mixin/]: Preparing fabric-data-attachment-api-v1.client.mixins.json (1)
[24Jul2025 19:23:28.061] [main/DEBUG] [mixin/]: Preparing mixinextras.init.mixins.json (0)
[24Jul2025 19:23:28.061] [main/DEBUG] [mixin/]: Preparing surveyor.mixins.json (9)
[24Jul2025 19:23:28.073] [main/DEBUG] [mixin/]: Preparing balm.mixins.json (16)
[24Jul2025 19:23:28.086] [main/DEBUG] [mixin/]: Preparing fabric-screen-api-v1.mixins.json (4)
[24Jul2025 19:23:28.088] [main/ERROR] [net.minecraftforge.fml.loading.RuntimeDistCleaner/DISTXFORM]: Attempted to load class net/minecraft/client/MouseHandler for invalid dist DEDICATED_SERVER
[24Jul2025 19:23:28.088] [main/WARN] [mixin/]: Error loading class: net/minecraft/client/MouseHandler (java.lang.RuntimeException: Attempted to load class net/minecraft/client/MouseHandler for invalid dist DEDICATED_SERVER)
[24Jul2025 19:23:28.089] [main/WARN] [mixin/]: @Mixin target net.minecraft.client.MouseHandler was not found fabric-screen-api-v1.mixins.json:MouseMixin from mod fabric_screen_api_v1
[24Jul2025 19:23:28.090] [main/ERROR] [net.minecraftforge.fml.loading.RuntimeDistCleaner/DISTXFORM]: Attempted to load class net/minecraft/client/gui/screens/Screen for invalid dist DEDICATED_SERVER
[24Jul2025 19:23:28.090] [main/WARN] [mixin/]: Error loading class: net/minecraft/client/gui/screens/Screen (java.lang.RuntimeException: Attempted to load class net/minecraft/client/gui/screens/Screen for invalid dist DEDICATED_SERVER)
[24Jul2025 19:23:28.090] [main/WARN] [mixin/]: @Mixin target net.minecraft.client.gui.screens.Screen was not found fabric-screen-api-v1.mixins.json:ScreenAccessor from mod fabric_screen_api_v1
[24Jul2025 19:23:28.090] [main/DEBUG] [mixin/]: Preparing cameraoverhaul.mixins.json (2)
[24Jul2025 19:23:28.090] [main/DEBUG] [mixin/]: Preparing fabric-particles-v1.client.mixins.json (4)
[24Jul2025 19:23:28.090] [main/DEBUG] [mixin/]: Preparing fabric-content-registries-v0.mixins.json (8)
[24Jul2025 19:23:28.109] [main/DEBUG] [net.minecraftforge.coremod.transformer.CoreModBaseTransformer/COREMOD]: Transforming net/minecraft/world/entity/npc/Villager
[24Jul2025 19:23:28.337] [main/DEBUG] [mixin/]: Preparing nyfsspiders.mixins.json (7)
[24Jul2025 19:23:28.344] [main/DEBUG] [net.minecraftforge.coremod.transformer.CoreModBaseTransformer/COREMOD]: Transforming net/minecraft/world/entity/monster/Spider
[24Jul2025 19:23:28.366] [main/DEBUG] [net.minecraftforge.coremod.transformer.CoreModBaseTransformer/COREMOD]: Transforming m_147215_ with desc (Lnet/minecraft/world/effect/MobEffectInstance;Lnet/minecraft/world/entity/Entity;)V
[24Jul2025 19:23:28.383] [main/DEBUG] [net.minecraftforge.coremod.CoreMod.connectormod/COREMODLOG]: Expanded local variable scope for LivingEntity#forceAddEffect index 3
[24Jul2025 19:23:28.384] [main/DEBUG] [net.minecraftforge.coremod.transformer.CoreModBaseTransformer/COREMOD]: Transforming m_6672_ with desc (Lnet/minecraft/world/InteractionHand;)V
[24Jul2025 19:23:28.392] [main/DEBUG] [net.minecraftforge.coremod.CoreMod.connectormod/COREMODLOG]: Updated onItemUseStart duration threshold
[24Jul2025 19:23:28.419] [main/DEBUG] [net.minecraftforge.coremod.transformer.CoreModBaseTransformer/COREMOD]: Transforming m_147215_ with desc (Lnet/minecraft/world/effect/MobEffectInstance;Lnet/minecraft/world/entity/Entity;)V
[24Jul2025 19:23:28.419] [main/DEBUG] [net.minecraftforge.coremod.CoreMod.connectormod/COREMODLOG]: Expanded local variable scope for LivingEntity#forceAddEffect index 3
[24Jul2025 19:23:28.420] [main/DEBUG] [net.minecraftforge.coremod.transformer.CoreModBaseTransformer/COREMOD]: Transforming m_6672_ with desc (Lnet/minecraft/world/InteractionHand;)V
[24Jul2025 19:23:28.420] [main/DEBUG] [net.minecraftforge.coremod.CoreMod.connectormod/COREMODLOG]: Updated onItemUseStart duration threshold
[24Jul2025 19:23:28.450] [main/DEBUG] [mixin/]: Preparing fabric-game-rule-api-v1.mixins.json (6)
[24Jul2025 19:23:28.460] [main/DEBUG] [mixin/]: Preparing fabric-game-rule-api-v1.client.mixins.json (3)
[24Jul2025 19:23:28.460] [main/DEBUG] [mixin/]: Preparing fabric-api-base.init.mixins.json (0)
[24Jul2025 19:23:28.460] [main/DEBUG] [mixin/]: Preparing necronomicon-common.mixins.json (2)
[24Jul2025 19:23:28.461] [main/DEBUG] [mixin/]: Preparing fabric-api-lookup-api-v1.mixins.json (2)
[24Jul2025 19:23:28.464] [main/DEBUG] [mixin/]: Preparing fabric-blockrenderlayer-v1.mixins.json (2)
[24Jul2025 19:23:28.464] [main/DEBUG] [mixin/]: Preparing jade.mixins.json (2)
[24Jul2025 19:23:28.464] [main/DEBUG] [mixin/]: Preparing obscure_tooltips.mixins.json (1)
[24Jul2025 19:23:28.464] [main/DEBUG] [mixin/]: Preparing creativecore.mixins.json (8)
[24Jul2025 19:23:28.476] [main/DEBUG] [mixin/]: Preparing creativecore.forge.mixins.json (3)
[24Jul2025 19:23:28.478] [main/DEBUG] [mixin/]: Preparing fabric-resource-conditions-api-v1.mixins.json (5)
[24Jul2025 19:23:28.483] [main/DEBUG] [mixin/]: Preparing a_good_place.mixins.json (2)
[24Jul2025 19:23:28.483] [main/DEBUG] [mixin/]: Preparing a_good_place-common.mixins.json (5)
[24Jul2025 19:23:28.483] [main/DEBUG] [mixin/]: Preparing fabric-item-group-api-v1.mixins.json (1)
[24Jul2025 19:23:28.485] [main/DEBUG] [net.minecraftforge.coremod.transformer.CoreModBaseTransformer/COREMOD]: Transforming net/minecraft/world/item/CreativeModeTab
[24Jul2025 19:23:28.527] [main/DEBUG] [net.minecraftforge.coremod.CoreMod.connectormod/COREMODLOG]: Injected vanilla CreativeModeTab constructor
[24Jul2025 19:23:28.528] [main/DEBUG] [mixin/]: Preparing fabric-item-group-api-v1.client.mixins.json (1)
[24Jul2025 19:23:28.528] [main/DEBUG] [mixin/]: Preparing connectormod.mixins.json (40)
[24Jul2025 19:23:28.543] [main/DEBUG] [net.minecraftforge.coremod.transformer.CoreModBaseTransformer/COREMOD]: Transforming getAttributeModifiers with desc (Lnet/minecraft/world/entity/EquipmentSlot;Lnet/minecraft/world/item/ItemStack;)Lcom/google/common/collect/Multimap;
[24Jul2025 19:23:28.550] [main/DEBUG] [net.minecraftforge.coremod.transformer.CoreModBaseTransformer/COREMOD]: Transforming getCraftingRemainingItem with desc (Lnet/minecraft/world/item/ItemStack;)Lnet/minecraft/world/item/ItemStack;
[24Jul2025 19:23:28.563] [main/DEBUG] [net.minecraftforge.coremod.transformer.CoreModBaseTransformer/COREMOD]: Transforming hasCraftingRemainingItem with desc (Lnet/minecraft/world/item/ItemStack;)Z
[24Jul2025 19:23:28.571] [main/DEBUG] [net.minecraftforge.coremod.transformer.CoreModBaseTransformer/COREMOD]: Transforming getEquipmentSlot with desc (Lnet/minecraft/world/item/ItemStack;)Lnet/minecraft/world/entity/EquipmentSlot;
[24Jul2025 19:23:28.584] [main/DEBUG] [net.minecraftforge.coremod.transformer.CoreModBaseTransformer/COREMOD]: Transforming isCorrectToolForDrops with desc (Lnet/minecraft/world/item/ItemStack;Lnet/minecraft/world/level/block/state/BlockState;)Z
[24Jul2025 19:23:28.591] [main/DEBUG] [net.minecraftforge.coremod.transformer.CoreModBaseTransformer/COREMOD]: Transforming shouldCauseReequipAnimation with desc (Lnet/minecraft/world/item/ItemStack;Lnet/minecraft/world/item/ItemStack;Z)Z
[24Jul2025 19:23:28.600] [main/DEBUG] [net.minecraftforge.coremod.transformer.CoreModBaseTransformer/COREMOD]: Transforming damageItem with desc (Lnet/minecraft/world/item/ItemStack;ILnet/minecraft/world/entity/LivingEntity;Ljava/util/function/Consumer;)I
[24Jul2025 19:23:28.609] [main/DEBUG] [net.minecraftforge.coremod.transformer.CoreModBaseTransformer/COREMOD]: Transforming net/minecraftforge/common/extensions/IForgeItem
[24Jul2025 19:23:28.640] [main/DEBUG] [mixin/]: Preparing fabric-biome-api-v1.mixins.json (7)
[24Jul2025 19:23:28.651] [main/DEBUG] [mixin/]: Preparing fabric-entity-events-v1.mixins.json (9)
[24Jul2025 19:23:28.663] [main/DEBUG] [net.minecraftforge.coremod.transformer.CoreModBaseTransformer/COREMOD]: Transforming net/minecraft/world/entity/animal/frog/Tadpole
[24Jul2025 19:23:28.703] [main/DEBUG] [mixin/]: Preparing fabric-entity-events-v1.client.mixins.json (1)
[24Jul2025 19:23:28.703] [main/DEBUG] [mixin/]: Preparing fabric-registry-sync-v0.mixins.json (10)
[24Jul2025 19:23:28.713] [main/DEBUG] [mixin/]: Preparing fabric-registry-sync-v0.client.mixins.json (1)
[24Jul2025 19:23:28.713] [main/DEBUG] [mixin/]: Preparing fabric-recipe-api-v1.mixins.json (4)
[24Jul2025 19:23:28.717] [main/DEBUG] [mixin/]: Preparing fabric-loot-api-v2.mixins.json (6)
[24Jul2025 19:23:28.723] [main/DEBUG] [mixin/]: Preparing fabric-object-builder-v1.mixins.json (5)
[24Jul2025 19:23:28.731] [main/DEBUG] [mixin/]: Preparing fabric-rendering-data-attachment-v1.mixins.json (2)
[24Jul2025 19:23:28.732] [main/DEBUG] [mixin/]: Preparing fabric-rendering-data-attachment-v1.client.mixins.json (1)
[24Jul2025 19:23:28.732] [main/DEBUG] [mixin/]: Preparing fabric-networking-api-v1.mixins.json (11)
[24Jul2025 19:23:28.748] [main/DEBUG] [mixin/]: @Mixin target net/minecraft/server/level/ChunkMap$TrackedEntity is public in fabric-networking-api-v1.mixins.json:accessor.EntityTrackerAccessor from mod fabric_networking_api_v1 and should be specified in value
[24Jul2025 19:23:28.749] [main/DEBUG] [mixin/]: Preparing fabric-networking-api-v1.client.mixins.json (5)
[24Jul2025 19:23:28.749] [main/DEBUG] [mixin/]: Preparing fabric-sound-api-v1.mixins.json (1)
[24Jul2025 19:23:28.749] [main/DEBUG] [mixin/]: Preparing fabric-message-api-v1.mixins.json (2)
[24Jul2025 19:23:28.750] [main/DEBUG] [mixin/]: Preparing fabric-message-api-v1.client.mixins.json (2)
[24Jul2025 19:23:28.750] [main/DEBUG] [mixin/]: Preparing fabric-lifecycle-events-v1.mixins.json (9)
[24Jul2025 19:23:28.754] [main/DEBUG] [mixin/]: Preparing fabric-lifecycle-events-v1.client.mixins.json (6)
[24Jul2025 19:23:28.754] [main/DEBUG] [mixin/]: Preparing fabric-data-generation-api-v1.mixins.json (3)
[24Jul2025 19:23:28.759] [main/DEBUG] [mixin/]: Preparing fabric-events-interaction-v0.mixins.json (1)
[24Jul2025 19:23:28.761] [main/DEBUG] [mixin/]: Preparing fabric-events-interaction-v0.client.mixins.json (2)
[24Jul2025 19:23:28.761] [main/DEBUG] [mixin/]: Preparing fabric-key-binding-api-v1.mixins.json (1)
[24Jul2025 19:23:28.761] [main/DEBUG] [mixin/]: Preparing adapter.init.mixins.json (0)
[24Jul2025 19:23:28.761] [main/DEBUG] [mixin/]: Preparing skinrestorer.mixins.json (4)
[24Jul2025 19:23:28.763] [main/DEBUG] [mixin/]: @Mixin target net/minecraft/server/level/ChunkMap$TrackedEntity is public in skinrestorer.mixins.json:TrackedEntityAccessorInvoker from mod skinrestorer and should be specified in value
[24Jul2025 19:23:28.769] [main/DEBUG] [mixin/]: Inner class net/fabricmc/fabric/mixin/transfer/ChiseledBookshelfBlockEntityMixin$1 in net/fabricmc/fabric/mixin/transfer/ChiseledBookshelfBlockEntityMixin on net/minecraft/world/level/block/entity/ChiseledBookShelfBlockEntity gets unique name net/minecraft/world/level/block/entity/ChiseledBookShelfBlockEntity$Anonymous$9528536e5452455ca723ad1195726716
[24Jul2025 19:23:28.904] [main/DEBUG] [mixin/]: Inner class com/nyfaria/nyfsspiders/mixin/ClimberEntityMixin$1 in com/nyfaria/nyfsspiders/mixin/ClimberEntityMixin on net/minecraft/world/entity/monster/Spider gets unique name net/minecraft/world/entity/monster/Spider$Anonymous$02afaa70248a4e98a656c8af61a9c98d
[24Jul2025 19:23:29.021] [main/DEBUG] [mixin/]: Prepared 181 mixins in 1.534 sec (8.5ms avg) (0ms load, 0ms transform, 0ms plugin)
[24Jul2025 19:23:29.021] [main/DEBUG] [org.sinytra.connector.loader.ConnectorEarlyLoader/]: Running prelaunch entrypoint
[24Jul2025 19:23:29.026] [main/INFO] [MixinExtras|Service/]: Initializing MixinExtras via com.llamalad7.mixinextras.service.MixinExtrasServiceImpl(version=0.3.6).
[24Jul2025 19:23:29.027] [main/DEBUG] [mixin/]: Registering new injector for @SugarWrapper with com.llamalad7.mixinextras.sugar.impl.SugarWrapperInjectionInfo
[24Jul2025 19:23:29.027] [main/DEBUG] [mixin/]: Registering new injector for @FactoryRedirectWrapper with com.llamalad7.mixinextras.wrapper.factory.FactoryRedirectWrapperInjectionInfo
[24Jul2025 19:23:29.032] [main/DEBUG] [mixin/]: Mixing boot.ServerMainMixin from connectormod.mixins.json into net.minecraft.server.Main
[24Jul2025 19:23:29.059] [main/DEBUG] [mixin/]: connectormod.mixins.json:boot.ServerMainMixin from mod connectormod->@Inject::earlyInit(Lorg/spongepowered/asm/mixin/injection/callback/CallbackInfo;)V doesn't use it's CallbackInfo
[24Jul2025 19:23:29.201] [main/DEBUG] [mixin/]: Mixing MinecraftServerMixin from fabric-resource-loader-v0.mixins.json into net.minecraft.server.MinecraftServer
[24Jul2025 19:23:29.203] [main/DEBUG] [mixin/]: fabric-resource-loader-v0.mixins.json:MinecraftServerMixin from mod fabric_resource_loader_v0: Class version 61 required is higher than the class version supported by the current version of Mixin (JAVA_16 supports class version 60)
[24Jul2025 19:23:29.216] [main/DEBUG] [mixin/]: Mixing MixinMinecraftServer from surveyor.mixins.json into net.minecraft.server.MinecraftServer
[24Jul2025 19:23:29.220] [main/DEBUG] [mixin/]: Mixing MinecraftServerMixin from balm.mixins.json into net.minecraft.server.MinecraftServer
[24Jul2025 19:23:29.221] [main/DEBUG] [mixin/]: Renaming synthetic method lambda$reloadResources$0(Ljava/lang/Void;)V to mdc49e9e$balm$lambda$reloadResources$0$0 in balm.mixins.json:MinecraftServerMixin from mod balm
[24Jul2025 19:23:29.229] [main/DEBUG] [mixin/]: Mixing registries.MinecraftServerMixin from connectormod.mixins.json into net.minecraft.server.MinecraftServer
[24Jul2025 19:23:29.233] [main/DEBUG] [mixin/]: Mixing MinecraftServerMixin from fabric-message-api-v1.mixins.json into net.minecraft.server.MinecraftServer
[24Jul2025 19:23:29.233] [main/DEBUG] [mixin/]: fabric-message-api-v1.mixins.json:MinecraftServerMixin from mod fabric_message_api_v1: Class version 61 required is higher than the class version supported by the current version of Mixin (JAVA_16 supports class version 60)
[24Jul2025 19:23:29.233] [main/DEBUG] [mixin/]: Renaming synthetic method lambda$onGetChatDecorator$1(Lnet/minecraft/network/chat/ChatDecorator;Lnet/minecraft/server/level/ServerPlayer;Lnet/minecraft/network/chat/Component;)Ljava/util/concurrent/CompletableFuture; to mdc49e9e$fabric_message_api_v1$lambda$onGetChatDecorator$1$1 in fabric-message-api-v1.mixins.json:MinecraftServerMixin from mod fabric_message_api_v1
[24Jul2025 19:23:29.233] [main/DEBUG] [mixin/]: Renaming synthetic method lambda$onGetChatDecorator$0(Lnet/minecraft/server/level/ServerPlayer;Lnet/minecraft/network/chat/Component;)Ljava/util/concurrent/CompletionStage; to mdc49e9e$fabric_message_api_v1$lambda$onGetChatDecorator$0$2 in fabric-message-api-v1.mixins.json:MinecraftServerMixin from mod fabric_message_api_v1
[24Jul2025 19:23:29.237] [main/DEBUG] [mixin/]: Mixing MinecraftServerMixin from fabric-lifecycle-events-v1.mixins.json into net.minecraft.server.MinecraftServer
[24Jul2025 19:23:29.237] [main/DEBUG] [mixin/]: Renaming synthetic method lambda$endResourceReload$0(Ljava/lang/Void;Ljava/lang/Throwable;)Ljava/lang/Void; to mdc49e9e$fabric_lifecycle_events_v1$lambda$endResourceReload$0$3 in fabric-lifecycle-events-v1.mixins.json:MinecraftServerMixin from mod fabric_lifecycle_events_v1
[24Jul2025 19:23:29.348] [main/DEBUG] [mixin/]: surveyor.mixins.json:MixinMinecraftServer from mod surveyor->@Inject::loadSummary(Lorg/spongepowered/asm/mixin/injection/callback/CallbackInfo;)V doesn't use it's CallbackInfo
[24Jul2025 19:23:29.348] [main/DEBUG] [mixin/]: surveyor.mixins.json:MixinMinecraftServer from mod surveyor->@Inject::loadSummary(Lorg/spongepowered/asm/mixin/injection/callback/CallbackInfo;)V has 0 override(s) in child classes
[24Jul2025 19:23:29.348] [main/DEBUG] [mixin/]: surveyor.mixins.json:MixinMinecraftServer from mod surveyor->@Inject::loadSummary(Lorg/spongepowered/asm/mixin/injection/callback/CallbackInfo;)V won't be passed a CallbackInfo as a result
[24Jul2025 19:23:29.348] [main/DEBUG] [mixin/]: surveyor.mixins.json:MixinMinecraftServer from mod surveyor->@Inject::saveSummary(ZZZLorg/spongepowered/asm/mixin/injection/callback/CallbackInfoReturnable;)V doesn't use it's CallbackInfoReturnable
[24Jul2025 19:23:29.348] [main/DEBUG] [mixin/]: surveyor.mixins.json:MixinMinecraftServer from mod surveyor->@Inject::saveSummary(ZZZLorg/spongepowered/asm/mixin/injection/callback/CallbackInfoReturnable;)V has 0 override(s) in child classes
[24Jul2025 19:23:29.348] [main/DEBUG] [mixin/]: surveyor.mixins.json:MixinMinecraftServer from mod surveyor->@Inject::saveSummary(ZZZLorg/spongepowered/asm/mixin/injection/callback/CallbackInfoReturnable;)V won't be passed a CallbackInfoReturnable as a result
[24Jul2025 19:23:29.348] [main/DEBUG] [mixin/]: balm.mixins.json:MinecraftServerMixin from mod balm->@Inject::reloadResources(Ljava/util/Collection;Lorg/spongepowered/asm/mixin/injection/callback/CallbackInfoReturnable;)V does use it's CallbackInfoReturnable
[24Jul2025 19:23:29.349] [main/DEBUG] [mixin/]: connectormod.mixins.json:registries.MinecraftServerMixin from mod connectormod->@Inject::beforeSetupServer(Lorg/spongepowered/asm/mixin/injection/callback/CallbackInfo;)V doesn't use it's CallbackInfo
[24Jul2025 19:23:29.349] [main/DEBUG] [mixin/]: connectormod.mixins.json:registries.MinecraftServerMixin from mod connectormod->@Inject::beforeSetupServer(Lorg/spongepowered/asm/mixin/injection/callback/CallbackInfo;)V has 0 override(s) in child classes
[24Jul2025 19:23:29.349] [main/DEBUG] [mixin/]: connectormod.mixins.json:registries.MinecraftServerMixin from mod connectormod->@Inject::beforeSetupServer(Lorg/spongepowered/asm/mixin/injection/callback/CallbackInfo;)V won't be passed a CallbackInfo as a result
[24Jul2025 19:23:29.349] [main/DEBUG] [mixin/]: fabric-message-api-v1.mixins.json:MinecraftServerMixin from mod fabric_message_api_v1->@Inject::onGetChatDecorator(Lorg/spongepowered/asm/mixin/injection/callback/CallbackInfoReturnable;)V does use it's CallbackInfoReturnable
[24Jul2025 19:23:29.358] [main/DEBUG] [mixin/]: fabric-lifecycle-events-v1.mixins.json:MinecraftServerMixin from mod fabric_lifecycle_events_v1->@Inject::beforeSetupServer(Lorg/spongepowered/asm/mixin/injection/callback/CallbackInfo;)V doesn't use it's CallbackInfo
[24Jul2025 19:23:29.358] [main/DEBUG] [mixin/]: fabric-lifecycle-events-v1.mixins.json:MinecraftServerMixin from mod fabric_lifecycle_events_v1->@Inject::beforeSetupServer(Lorg/spongepowered/asm/mixin/injection/callback/CallbackInfo;)V has 0 override(s) in child classes
[24Jul2025 19:23:29.358] [main/DEBUG] [mixin/]: fabric-lifecycle-events-v1.mixins.json:MinecraftServerMixin from mod fabric_lifecycle_events_v1->@Inject::beforeSetupServer(Lorg/spongepowered/asm/mixin/injection/callback/CallbackInfo;)V won't be passed a CallbackInfo as a result
[24Jul2025 19:23:29.359] [main/DEBUG] [mixin/]: fabric-lifecycle-events-v1.mixins.json:MinecraftServerMixin from mod fabric_lifecycle_events_v1->@Inject::afterSetupServer(Lorg/spongepowered/asm/mixin/injection/callback/CallbackInfo;)V doesn't use it's CallbackInfo
[24Jul2025 19:23:29.359] [main/DEBUG] [mixin/]: fabric-lifecycle-events-v1.mixins.json:MinecraftServerMixin from mod fabric_lifecycle_events_v1->@Inject::afterSetupServer(Lorg/spongepowered/asm/mixin/injection/callback/CallbackInfo;)V has 0 override(s) in child classes
[24Jul2025 19:23:29.359] [main/DEBUG] [mixin/]: fabric-lifecycle-events-v1.mixins.json:MinecraftServerMixin from mod fabric_lifecycle_events_v1->@Inject::afterSetupServer(Lorg/spongepowered/asm/mixin/injection/callback/CallbackInfo;)V won't be passed a CallbackInfo as a result
[24Jul2025 19:23:29.359] [main/DEBUG] [mixin/]: fabric-lifecycle-events-v1.mixins.json:MinecraftServerMixin from mod fabric_lifecycle_events_v1->@Inject::beforeShutdownServer(Lorg/spongepowered/asm/mixin/injection/callback/CallbackInfo;)V doesn't use it's CallbackInfo
[24Jul2025 19:23:29.359] [main/DEBUG] [mixin/]: fabric-lifecycle-events-v1.mixins.json:MinecraftServerMixin from mod fabric_lifecycle_events_v1->@Inject::beforeShutdownServer(Lorg/spongepowered/asm/mixin/injection/callback/CallbackInfo;)V has 0 override(s) in child classes
[24Jul2025 19:23:29.359] [main/DEBUG] [mixin/]: fabric-lifecycle-events-v1.mixins.json:MinecraftServerMixin from mod fabric_lifecycle_events_v1->@Inject::beforeShutdownServer(Lorg/spongepowered/asm/mixin/injection/callback/CallbackInfo;)V won't be passed a CallbackInfo as a result
[24Jul2025 19:23:29.359] [main/DEBUG] [mixin/]: fabric-lifecycle-events-v1.mixins.json:MinecraftServerMixin from mod fabric_lifecycle_events_v1->@Inject::afterShutdownServer(Lorg/spongepowered/asm/mixin/injection/callback/CallbackInfo;)V doesn't use it's CallbackInfo
[24Jul2025 19:23:29.359] [main/DEBUG] [mixin/]: fabric-lifecycle-events-v1.mixins.json:MinecraftServerMixin from mod fabric_lifecycle_events_v1->@Inject::afterShutdownServer(Lorg/spongepowered/asm/mixin/injection/callback/CallbackInfo;)V has 0 override(s) in child classes
[24Jul2025 19:23:29.359] [main/DEBUG] [mixin/]: fabric-lifecycle-events-v1.mixins.json:MinecraftServerMixin from mod fabric_lifecycle_events_v1->@Inject::afterShutdownServer(Lorg/spongepowered/asm/mixin/injection/callback/CallbackInfo;)V won't be passed a CallbackInfo as a result
[24Jul2025 19:23:29.359] [main/DEBUG] [mixin/]: fabric-lifecycle-events-v1.mixins.json:MinecraftServerMixin from mod fabric_lifecycle_events_v1->@Inject::onStartTick(Ljava/util/function/BooleanSupplier;Lorg/spongepowered/asm/mixin/injection/callback/CallbackInfo;)V doesn't use it's CallbackInfo
[24Jul2025 19:23:29.359] [main/DEBUG] [mixin/]: fabric-lifecycle-events-v1.mixins.json:MinecraftServerMixin from mod fabric_lifecycle_events_v1->@Inject::onStartTick(Ljava/util/function/BooleanSupplier;Lorg/spongepowered/asm/mixin/injection/callback/CallbackInfo;)V has 0 override(s) in child classes
[24Jul2025 19:23:29.359] [main/DEBUG] [mixin/]: fabric-lifecycle-events-v1.mixins.json:MinecraftServerMixin from mod fabric_lifecycle_events_v1->@Inject::onStartTick(Ljava/util/function/BooleanSupplier;Lorg/spongepowered/asm/mixin/injection/callback/CallbackInfo;)V won't be passed a CallbackInfo as a result
[24Jul2025 19:23:29.359] [main/DEBUG] [mixin/]: fabric-lifecycle-events-v1.mixins.json:MinecraftServerMixin from mod fabric_lifecycle_events_v1->@Inject::onEndTick(Ljava/util/function/BooleanSupplier;Lorg/spongepowered/asm/mixin/injection/callback/CallbackInfo;)V doesn't use it's CallbackInfo
[24Jul2025 19:23:29.359] [main/DEBUG] [mixin/]: fabric-lifecycle-events-v1.mixins.json:MinecraftServerMixin from mod fabric_lifecycle_events_v1->@Inject::onEndTick(Ljava/util/function/BooleanSupplier;Lorg/spongepowered/asm/mixin/injection/callback/CallbackInfo;)V has 0 override(s) in child classes
[24Jul2025 19:23:29.359] [main/DEBUG] [mixin/]: fabric-lifecycle-events-v1.mixins.json:MinecraftServerMixin from mod fabric_lifecycle_events_v1->@Inject::onEndTick(Ljava/util/function/BooleanSupplier;Lorg/spongepowered/asm/mixin/injection/callback/CallbackInfo;)V won't be passed a CallbackInfo as a result
[24Jul2025 19:23:29.360] [main/DEBUG] [mixin/]: fabric-lifecycle-events-v1.mixins.json:MinecraftServerMixin from mod fabric_lifecycle_events_v1->@Inject::onUnloadWorldAtShutdown(Lorg/spongepowered/asm/mixin/injection/callback/CallbackInfo;Ljava/util/Iterator;Lnet/minecraft/server/level/ServerLevel;)V doesn't use it's CallbackInfo
[24Jul2025 19:23:29.360] [main/DEBUG] [mixin/]: fabric-lifecycle-events-v1.mixins.json:MinecraftServerMixin from mod fabric_lifecycle_events_v1->@Inject::onUnloadWorldAtShutdown(Lorg/spongepowered/asm/mixin/injection/callback/CallbackInfo;Ljava/util/Iterator;Lnet/minecraft/server/level/ServerLevel;)V has 0 override(s) in child classes
[24Jul2025 19:23:29.360] [main/DEBUG] [mixin/]: fabric-lifecycle-events-v1.mixins.json:MinecraftServerMixin from mod fabric_lifecycle_events_v1->@Inject::onUnloadWorldAtShutdown(Lorg/spongepowered/asm/mixin/injection/callback/CallbackInfo;Ljava/util/Iterator;Lnet/minecraft/server/level/ServerLevel;)V won't be passed a CallbackInfo as a result
[24Jul2025 19:23:29.360] [main/DEBUG] [mixin/]: fabric-lifecycle-events-v1.mixins.json:MinecraftServerMixin from mod fabric_lifecycle_events_v1->@Inject::startResourceReload(Ljava/util/Collection;Lorg/spongepowered/asm/mixin/injection/callback/CallbackInfoReturnable;)V doesn't use it's CallbackInfoReturnable
[24Jul2025 19:23:29.360] [main/DEBUG] [mixin/]: fabric-lifecycle-events-v1.mixins.json:MinecraftServerMixin from mod fabric_lifecycle_events_v1->@Inject::startResourceReload(Ljava/util/Collection;Lorg/spongepowered/asm/mixin/injection/callback/CallbackInfoReturnable;)V has 0 override(s) in child classes
[24Jul2025 19:23:29.360] [main/DEBUG] [mixin/]: fabric-lifecycle-events-v1.mixins.json:MinecraftServerMixin from mod fabric_lifecycle_events_v1->@Inject::startResourceReload(Ljava/util/Collection;Lorg/spongepowered/asm/mixin/injection/callback/CallbackInfoReturnable;)V won't be passed a CallbackInfoReturnable as a result
[24Jul2025 19:23:29.360] [main/DEBUG] [mixin/]: fabric-lifecycle-events-v1.mixins.json:MinecraftServerMixin from mod fabric_lifecycle_events_v1->@Inject::endResourceReload(Ljava/util/Collection;Lorg/spongepowered/asm/mixin/injection/callback/CallbackInfoReturnable;)V does use it's CallbackInfoReturnable
[24Jul2025 19:23:29.394] [main/DEBUG] [io.netty.util.internal.logging.InternalLoggerFactory/]: Using SLF4J as the default logging framework
[24Jul2025 19:23:29.396] [main/DEBUG] [io.netty.util.ResourceLeakDetector/]: -Dio.netty.leakDetection.level: simple
[24Jul2025 19:23:29.396] [main/DEBUG] [io.netty.util.ResourceLeakDetector/]: -Dio.netty.leakDetection.targetRecords: 4
[24Jul2025 19:23:29.560] [main/DEBUG] [oshi.util.FileUtil/]: No oshi.properties file found from ClassLoader cpw.mods.modlauncher.TransformingClassLoader@2e2f20b8
[24Jul2025 19:23:29.561] [main/DEBUG] [oshi.util.FileUtil/]: No oshi.properties file found from ClassLoader jdk.internal.loader.ClassLoaders$AppClassLoader@76ed5528
[24Jul2025 19:23:29.644] [main/DEBUG] [oshi.util.FileUtil/]: Reading file /proc/self/auxv
[24Jul2025 19:23:29.645] [main/DEBUG] [oshi.util.FileUtil/]: Reading file /proc/self/auxv
[24Jul2025 19:23:29.649] [main/DEBUG] [oshi.util.FileUtil/]: Reading file /proc/stat
[24Jul2025 19:23:29.657] [main/DEBUG] [oshi.util.FileUtil/]: Reading file /sys/devices/system/cpu/cpu0/topology/core_id
[24Jul2025 19:23:29.657] [main/DEBUG] [oshi.util.FileUtil/]: Reading file /sys/devices/system/cpu/cpu0/topology/core_id
[24Jul2025 19:23:29.657] [main/DEBUG] [oshi.util.FileUtil/]: Reading file /sys/devices/system/cpu/cpu0/topology/physical_package_id
[24Jul2025 19:23:29.657] [main/DEBUG] [oshi.util.FileUtil/]: Reading file /sys/devices/system/cpu/cpu0/topology/physical_package_id
[24Jul2025 19:23:29.657] [main/DEBUG] [oshi.util.FileUtil/]: Reading file /sys/devices/system/cpu/cpu0/cpu_capacity
[24Jul2025 19:23:29.659] [main/DEBUG] [oshi.util.FileUtil/]: Reading file /sys/devices/system/cpu/cpu1/topology/core_id
[24Jul2025 19:23:29.659] [main/DEBUG] [oshi.util.FileUtil/]: Reading file /sys/devices/system/cpu/cpu1/topology/core_id
[24Jul2025 19:23:29.659] [main/DEBUG] [oshi.util.FileUtil/]: Reading file /sys/devices/system/cpu/cpu1/topology/physical_package_id
[24Jul2025 19:23:29.659] [main/DEBUG] [oshi.util.FileUtil/]: Reading file /sys/devices/system/cpu/cpu1/topology/physical_package_id
[24Jul2025 19:23:29.659] [main/DEBUG] [oshi.util.FileUtil/]: Reading file /sys/devices/system/cpu/cpu1/cpu_capacity
[24Jul2025 19:23:29.659] [main/DEBUG] [oshi.util.FileUtil/]: Reading file /sys/devices/system/cpu/cpu2/topology/core_id
[24Jul2025 19:23:29.659] [main/DEBUG] [oshi.util.FileUtil/]: Reading file /sys/devices/system/cpu/cpu2/topology/core_id
[24Jul2025 19:23:29.659] [main/DEBUG] [oshi.util.FileUtil/]: Reading file /sys/devices/system/cpu/cpu2/topology/physical_package_id
[24Jul2025 19:23:29.660] [main/DEBUG] [oshi.util.FileUtil/]: Reading file /sys/devices/system/cpu/cpu2/topology/physical_package_id
[24Jul2025 19:23:29.660] [main/DEBUG] [oshi.util.FileUtil/]: Reading file /sys/devices/system/cpu/cpu2/cpu_capacity
[24Jul2025 19:23:29.660] [main/DEBUG] [oshi.util.FileUtil/]: Reading file /sys/devices/system/cpu/cpu3/topology/core_id
[24Jul2025 19:23:29.660] [main/DEBUG] [oshi.util.FileUtil/]: Reading file /sys/devices/system/cpu/cpu3/topology/core_id
[24Jul2025 19:23:29.660] [main/DEBUG] [oshi.util.FileUtil/]: Reading file /sys/devices/system/cpu/cpu3/topology/physical_package_id
[24Jul2025 19:23:29.660] [main/DEBUG] [oshi.util.FileUtil/]: Reading file /sys/devices/system/cpu/cpu3/topology/physical_package_id
[24Jul2025 19:23:29.660] [main/DEBUG] [oshi.util.FileUtil/]: Reading file /sys/devices/system/cpu/cpu3/cpu_capacity
[24Jul2025 19:23:29.662] [main/DEBUG] [oshi.util.FileUtil/]: Reading file /proc/cpuinfo
[24Jul2025 19:23:29.672] [main/DEBUG] [oshi.util.FileUtil/]: Reading file /proc/self/auxv
[24Jul2025 19:23:29.675] [main/DEBUG] [oshi.util.FileUtil/]: No oshi.architecture.properties file found from ClassLoader cpw.mods.modlauncher.TransformingClassLoader@2e2f20b8
[24Jul2025 19:23:29.675] [main/DEBUG] [oshi.util.FileUtil/]: No oshi.architecture.properties file found from ClassLoader jdk.internal.loader.ClassLoaders$AppClassLoader@76ed5528
[24Jul2025 19:23:29.691] [main/DEBUG] [oshi.util.FileUtil/]: Reading file /proc/meminfo
[24Jul2025 19:23:29.692] [main/DEBUG] [oshi.util.FileUtil/]: Reading file /proc/meminfo
[24Jul2025 19:23:29.717] [main/DEBUG] [mixin/]: Mixing CrashReportExtenderMixin from connectormod.mixins.json into net.minecraftforge.logging.CrashReportExtender
[24Jul2025 19:23:29.723] [main/DEBUG] [mixin/]: connectormod.mixins.json:CrashReportExtenderMixin from mod connectormod->@Inject::addConnectorCrashReportHeader(Ljava/lang/StringBuilder;Lnet/minecraft/CrashReport;Lorg/spongepowered/asm/mixin/injection/callback/CallbackInfo;)V doesn't use it's CallbackInfo
[24Jul2025 19:23:29.736] [main/DEBUG] [mixin/]: Mixing registries.BootstrapMixin from connectormod.mixins.json into net.minecraft.server.Bootstrap
[24Jul2025 19:23:29.737] [main/DEBUG] [mixin/]: Mixing BootstrapMixin from fabric-registry-sync-v0.mixins.json into net.minecraft.server.Bootstrap
[24Jul2025 19:23:29.737] [main/DEBUG] [mixin/]: fabric-registry-sync-v0.mixins.json:BootstrapMixin from mod fabric_registry_sync_v0: Class version 61 required is higher than the class version supported by the current version of Mixin (JAVA_16 supports class version 60)
[24Jul2025 19:23:29.742] [main/DEBUG] [mixin/]: fabric-registry-sync-v0.mixins.json:BootstrapMixin from mod fabric_registry_sync_v0->@Inject::afterVanillaSnapshot(Lorg/spongepowered/asm/mixin/injection/callback/CallbackInfo;)V doesn't use it's CallbackInfo
[24Jul2025 19:23:29.747] [main/DEBUG] [mixin/]: Mixing registries.BuiltInRegistriesMixin from connectormod.mixins.json into net.minecraft.core.registries.BuiltInRegistries
[24Jul2025 19:23:29.748] [main/DEBUG] [mixin/]: Mixing RegistriesAccessor from fabric-registry-sync-v0.mixins.json into net.minecraft.core.registries.BuiltInRegistries
[24Jul2025 19:23:29.748] [main/DEBUG] [mixin/]: fabric-registry-sync-v0.mixins.json:RegistriesAccessor from mod fabric_registry_sync_v0: Class version 61 required is higher than the class version supported by the current version of Mixin (JAVA_16 supports class version 60)
[24Jul2025 19:23:29.749] [main/DEBUG] [mixin/]: Renaming @Accessor method getROOT()Lnet/minecraft/core/WritableRegistry; to getROOT$fabric_registry_sync_v0_$md$c49e9e$0 in fabric-registry-sync-v0.mixins.json:RegistriesAccessor from mod fabric_registry_sync_v0
[24Jul2025 19:23:29.771] [main/DEBUG] [mixin/]: Mixing registries.MappedRegistryMixin from connectormod.mixins.json into net.minecraft.core.MappedRegistry
[24Jul2025 19:23:29.773] [main/DEBUG] [mixin/]: Mixing SimpleRegistryMixin from fabric-registry-sync-v0.mixins.json into net.minecraft.core.MappedRegistry
[24Jul2025 19:23:29.773] [main/DEBUG] [mixin/]: fabric-registry-sync-v0.mixins.json:SimpleRegistryMixin from mod fabric_registry_sync_v0: Class version 61 required is higher than the class version supported by the current version of Mixin (JAVA_16 supports class version 60)
[24Jul2025 19:23:29.777] [main/DEBUG] [mixin/]: Renaming synthetic method lambda$new$5([Lnet/fabricmc/fabric/api/event/registry/RegistryIdRemapCallback;)Lnet/fabricmc/fabric/api/event/registry/RegistryIdRemapCallback; to mdc49e9e$fabric_registry_sync_v0$lambda$new$5$0 in fabric-registry-sync-v0.mixins.json:SimpleRegistryMixin from mod fabric_registry_sync_v0
[24Jul2025 19:23:29.777] [main/DEBUG] [mixin/]: Renaming synthetic method lambda$new$4([Lnet/fabricmc/fabric/api/event/registry/RegistryIdRemapCallback;Lnet/fabricmc/fabric/api/event/registry/RegistryIdRemapCallback$RemapState;)V to mdc49e9e$fabric_registry_sync_v0$lambda$new$4$1 in fabric-registry-sync-v0.mixins.json:SimpleRegistryMixin from mod fabric_registry_sync_v0
[24Jul2025 19:23:29.777] [main/DEBUG] [mixin/]: Renaming synthetic method lambda$new$3([Lnet/fabricmc/fabric/api/event/registry/RegistryEntryRemovedCallback;)Lnet/fabricmc/fabric/api/event/registry/RegistryEntryRemovedCallback; to mdc49e9e$fabric_registry_sync_v0$lambda$new$3$2 in fabric-registry-sync-v0.mixins.json:SimpleRegistryMixin from mod fabric_registry_sync_v0
[24Jul2025 19:23:29.778] [main/DEBUG] [mixin/]: Renaming synthetic method lambda$new$2([Lnet/fabricmc/fabric/api/event/registry/RegistryEntryRemovedCallback;ILnet/minecraft/resources/ResourceLocation;Ljava/lang/Object;)V to mdc49e9e$fabric_registry_sync_v0$lambda$new$2$3 in fabric-registry-sync-v0.mixins.json:SimpleRegistryMixin from mod fabric_registry_sync_v0
[24Jul2025 19:23:29.778] [main/DEBUG] [mixin/]: Renaming synthetic method lambda$new$1([Lnet/fabricmc/fabric/api/event/registry/RegistryEntryAddedCallback;)Lnet/fabricmc/fabric/api/event/registry/RegistryEntryAddedCallback; to mdc49e9e$fabric_registry_sync_v0$lambda$new$1$4 in fabric-registry-sync-v0.mixins.json:SimpleRegistryMixin from mod fabric_registry_sync_v0
[24Jul2025 19:23:29.778] [main/DEBUG] [mixin/]: Renaming synthetic method lambda$new$0([Lnet/fabricmc/fabric/api/event/registry/RegistryEntryAddedCallback;ILnet/minecraft/resources/ResourceLocation;Ljava/lang/Object;)V to mdc49e9e$fabric_registry_sync_v0$lambda$new$0$5 in fabric-registry-sync-v0.mixins.json:SimpleRegistryMixin from mod fabric_registry_sync_v0
[24Jul2025 19:23:30.054] [main/DEBUG] [mixin/]: connectormod.mixins.json:registries.MappedRegistryMixin from mod connectormod->@Inject::preventFreeze(Lorg/spongepowered/asm/mixin/injection/callback/CallbackInfoReturnable;)V does use it's CallbackInfoReturnable
[24Jul2025 19:23:30.054] [main/DEBUG] [mixin/]: fabric-registry-sync-v0.mixins.json:SimpleRegistryMixin from mod fabric_registry_sync_v0->@Inject::add(Lnet/minecraft/resources/ResourceKey;Ljava/lang/Object;Lcom/mojang/serialization/Lifecycle;Lorg/spongepowered/asm/mixin/injection/callback/CallbackInfoReturnable;)V doesn't use it's CallbackInfoReturnable
[24Jul2025 19:23:30.054] [main/DEBUG] [mixin/]: fabric-registry-sync-v0.mixins.json:SimpleRegistryMixin from mod fabric_registry_sync_v0->@Inject::add(Lnet/minecraft/resources/ResourceKey;Ljava/lang/Object;Lcom/mojang/serialization/Lifecycle;Lorg/spongepowered/asm/mixin/injection/callback/CallbackInfoReturnable;)V has 0 override(s) in child classes
[24Jul2025 19:23:30.054] [main/DEBUG] [mixin/]: fabric-registry-sync-v0.mixins.json:SimpleRegistryMixin from mod fabric_registry_sync_v0->@Inject::add(Lnet/minecraft/resources/ResourceKey;Ljava/lang/Object;Lcom/mojang/serialization/Lifecycle;Lorg/spongepowered/asm/mixin/injection/callback/CallbackInfoReturnable;)V won't be passed a CallbackInfoReturnable as a result
[24Jul2025 19:23:30.054] [main/DEBUG] [mixin/]: fabric-registry-sync-v0.mixins.json:SimpleRegistryMixin from mod fabric_registry_sync_v0->@Inject::set(ILnet/minecraft/resources/ResourceKey;Ljava/lang/Object;Lcom/mojang/serialization/Lifecycle;Lorg/spongepowered/asm/mixin/injection/callback/CallbackInfoReturnable;)V does use it's CallbackInfoReturnable
[24Jul2025 19:23:30.054] [main/DEBUG] [mixin/]: fabric-registry-sync-v0.mixins.json:SimpleRegistryMixin from mod fabric_registry_sync_v0->@Inject::setPre(ILnet/minecraft/resources/ResourceKey;Ljava/lang/Object;Lcom/mojang/serialization/Lifecycle;Lorg/spongepowered/asm/mixin/injection/callback/CallbackInfoReturnable;)V doesn't use it's CallbackInfoReturnable
[24Jul2025 19:23:30.054] [main/DEBUG] [mixin/]: fabric-registry-sync-v0.mixins.json:SimpleRegistryMixin from mod fabric_registry_sync_v0->@Inject::setPre(ILnet/minecraft/resources/ResourceKey;Ljava/lang/Object;Lcom/mojang/serialization/Lifecycle;Lorg/spongepowered/asm/mixin/injection/callback/CallbackInfoReturnable;)V has 0 override(s) in child classes
[24Jul2025 19:23:30.054] [main/DEBUG] [mixin/]: fabric-registry-sync-v0.mixins.json:SimpleRegistryMixin from mod fabric_registry_sync_v0->@Inject::setPre(ILnet/minecraft/resources/ResourceKey;Ljava/lang/Object;Lcom/mojang/serialization/Lifecycle;Lorg/spongepowered/asm/mixin/injection/callback/CallbackInfoReturnable;)V won't be passed a CallbackInfoReturnable as a result
[24Jul2025 19:23:30.054] [main/DEBUG] [mixin/]: fabric-registry-sync-v0.mixins.json:SimpleRegistryMixin from mod fabric_registry_sync_v0->@Inject::setPost(ILnet/minecraft/resources/ResourceKey;Ljava/lang/Object;Lcom/mojang/serialization/Lifecycle;Lorg/spongepowered/asm/mixin/injection/callback/CallbackInfoReturnable;)V doesn't use it's CallbackInfoReturnable
[24Jul2025 19:23:30.055] [main/DEBUG] [mixin/]: fabric-registry-sync-v0.mixins.json:SimpleRegistryMixin from mod fabric_registry_sync_v0->@Inject::setPost(ILnet/minecraft/resources/ResourceKey;Ljava/lang/Object;Lcom/mojang/serialization/Lifecycle;Lorg/spongepowered/asm/mixin/injection/callback/CallbackInfoReturnable;)V has 0 override(s) in child classes
[24Jul2025 19:23:30.055] [main/DEBUG] [mixin/]: fabric-registry-sync-v0.mixins.json:SimpleRegistryMixin from mod fabric_registry_sync_v0->@Inject::setPost(ILnet/minecraft/resources/ResourceKey;Ljava/lang/Object;Lcom/mojang/serialization/Lifecycle;Lorg/spongepowered/asm/mixin/injection/callback/CallbackInfoReturnable;)V won't be passed a CallbackInfoReturnable as a result
[24Jul2025 19:23:30.143] [main/DEBUG] [mixin/]: Mixing registries.ForgeRegistryMixin from connectormod.mixins.json into net.minecraftforge.registries.ForgeRegistry
[24Jul2025 19:23:30.144] [main/DEBUG] [mixin/]: Renaming synthetic method lambda$getDelegateOrThrow$0(Ljava/lang/Object;)Lnet/minecraft/core/Holder$Reference; to mdc49e9e$connectormod$lambda$getDelegateOrThrow$0$0 in connectormod.mixins.json:registries.ForgeRegistryMixin from mod connectormod
[24Jul2025 19:23:30.151] [main/DEBUG] [mixin/]: connectormod.mixins.json:registries.ForgeRegistryMixin from mod connectormod->@Inject::getDelegateOrThrow(Ljava/lang/Object;Lorg/spongepowered/asm/mixin/injection/callback/CallbackInfoReturnable;)V does use it's CallbackInfoReturnable
[24Jul2025 19:23:30.168] [main/DEBUG] [net.minecraftforge.coremod.transformer.CoreModBaseTransformer/COREMOD]: Transforming getAppearance with desc (Lnet/minecraft/world/level/block/state/BlockState;Lnet/minecraft/world/level/BlockAndTintGetter;Lnet/minecraft/core/BlockPos;Lnet/minecraft/core/Direction;Lnet/minecraft/world/level/block/state/BlockState;Lnet/minecraft/core/BlockPos;)Lnet/minecraft/world/level/block/state/BlockState;
[24Jul2025 19:23:30.177] [main/DEBUG] [net.minecraftforge.coremod.transformer.CoreModBaseTransformer/COREMOD]: Transforming net/minecraftforge/common/extensions/IForgeBlock
[24Jul2025 19:23:30.182] [main/DEBUG] [mixin/]: Mixing AbstractBlockAccessor from fabric-object-builder-v1.mixins.json into net.minecraft.world.level.block.state.BlockBehaviour
[24Jul2025 19:23:30.182] [main/DEBUG] [mixin/]: fabric-object-builder-v1.mixins.json:AbstractBlockAccessor from mod fabric_object_builder_api_v1: Class version 61 required is higher than the class version supported by the current version of Mixin (JAVA_16 supports class version 60)
[24Jul2025 19:23:30.192] [main/DEBUG] [net.minecraftforge.coremod.transformer.CoreModBaseTransformer/COREMOD]: Transforming getAppearance with desc (Lnet/minecraft/world/level/BlockAndTintGetter;Lnet/minecraft/core/BlockPos;Lnet/minecraft/core/Direction;Lnet/minecraft/world/level/block/state/BlockState;Lnet/minecraft/core/BlockPos;)Lnet/minecraft/world/level/block/state/BlockState;
[24Jul2025 19:23:30.198] [main/DEBUG] [net.minecraftforge.coremod.transformer.CoreModBaseTransformer/COREMOD]: Transforming net/minecraftforge/common/extensions/IForgeBlockState
[24Jul2025 19:23:30.208] [main/DEBUG] [mixin/]: Mixing AttachmentTargetsMixin from fabric-data-attachment-api-v1.mixins.json into net.minecraft.world.entity.Entity
[24Jul2025 19:23:30.220] [main/DEBUG] [mixin/]: Mixing EntityMixin from fabric-data-attachment-api-v1.mixins.json into net.minecraft.world.entity.Entity
[24Jul2025 19:23:30.221] [main/DEBUG] [mixin/]: Mixing EntityMixin from balm.mixins.json into net.minecraft.world.entity.Entity
[24Jul2025 19:23:30.226] [main/DEBUG] [mixin/]: Mixing EntityMixin from nyfsspiders.mixins.json into net.minecraft.world.entity.Entity
[24Jul2025 19:23:30.227] [main/DEBUG] [mixin/]: Renaming synthetic method lambda$setDimensionsNew$1(Lnet/minecraft/world/entity/EntityDimensions;)V to mdc49e9e$nyfsspiders$lambda$setDimensionsNew$1$0 in nyfsspiders.mixins.json:EntityMixin from mod nyfsspiders
[24Jul2025 19:23:30.227] [main/DEBUG] [mixin/]: Renaming synthetic method lambda$setDimensions$0(Lnet/minecraft/world/entity/EntityDimensions;)V to mdc49e9e$nyfsspiders$lambda$setDimensions$0$1 in nyfsspiders.mixins.json:EntityMixin from mod nyfsspiders
[24Jul2025 19:23:30.231] [main/DEBUG] [mixin/]: Mixing EntityMixin from fabric-entity-events-v1.mixins.json into net.minecraft.world.entity.Entity
[24Jul2025 19:23:30.232] [main/DEBUG] [mixin/]: fabric-entity-events-v1.mixins.json:EntityMixin from mod fabric_entity_events_v1: Class version 61 required is higher than the class version supported by the current version of Mixin (JAVA_16 supports class version 60)
[24Jul2025 19:23:30.250] [main/DEBUG] [net.minecraftforge.coremod.transformer.CoreModBaseTransformer/COREMOD]: Transforming net/minecraft/world/entity/EntityType
[24Jul2025 19:23:30.355] [main/DEBUG] [mixin/]: fabric-data-attachment-api-v1.mixins.json:EntityMixin from mod fabric_data_attachment_api_v1->@Inject::readEntityAttachments(Lnet/minecraft/nbt/CompoundTag;Lorg/spongepowered/asm/mixin/injection/callback/CallbackInfo;)V doesn't use it's CallbackInfo
[24Jul2025 19:23:30.355] [main/DEBUG] [mixin/]: fabric-data-attachment-api-v1.mixins.json:EntityMixin from mod fabric_data_attachment_api_v1->@Inject::readEntityAttachments(Lnet/minecraft/nbt/CompoundTag;Lorg/spongepowered/asm/mixin/injection/callback/CallbackInfo;)V has 0 override(s) in child classes
[24Jul2025 19:23:30.355] [main/DEBUG] [mixin/]: fabric-data-attachment-api-v1.mixins.json:EntityMixin from mod fabric_data_attachment_api_v1->@Inject::readEntityAttachments(Lnet/minecraft/nbt/CompoundTag;Lorg/spongepowered/asm/mixin/injection/callback/CallbackInfo;)V won't be passed a CallbackInfo as a result
[24Jul2025 19:23:30.355] [main/DEBUG] [mixin/]: fabric-data-attachment-api-v1.mixins.json:EntityMixin from mod fabric_data_attachment_api_v1->@Inject::writeEntityAttachments(Lnet/minecraft/nbt/CompoundTag;Lorg/spongepowered/asm/mixin/injection/callback/CallbackInfoReturnable;)V doesn't use it's CallbackInfoReturnable
[24Jul2025 19:23:30.355] [main/DEBUG] [mixin/]: fabric-data-attachment-api-v1.mixins.json:EntityMixin from mod fabric_data_attachment_api_v1->@Inject::writeEntityAttachments(Lnet/minecraft/nbt/CompoundTag;Lorg/spongepowered/asm/mixin/injection/callback/CallbackInfoReturnable;)V has 0 override(s) in child classes
[24Jul2025 19:23:30.355] [main/DEBUG] [mixin/]: fabric-data-attachment-api-v1.mixins.json:EntityMixin from mod fabric_data_attachment_api_v1->@Inject::writeEntityAttachments(Lnet/minecraft/nbt/CompoundTag;Lorg/spongepowered/asm/mixin/injection/callback/CallbackInfoReturnable;)V won't be passed a CallbackInfoReturnable as a result
[24Jul2025 19:23:30.355] [main/DEBUG] [mixin/]: balm.mixins.json:EntityMixin from mod balm->@Inject::load(Lnet/minecraft/nbt/CompoundTag;Lorg/spongepowered/asm/mixin/injection/callback/CallbackInfo;)V doesn't use it's CallbackInfo
[24Jul2025 19:23:30.355] [main/DEBUG] [mixin/]: balm.mixins.json:EntityMixin from mod balm->@Inject::load(Lnet/minecraft/nbt/CompoundTag;Lorg/spongepowered/asm/mixin/injection/callback/CallbackInfo;)V has 0 override(s) in child classes
[24Jul2025 19:23:30.355] [main/DEBUG] [mixin/]: balm.mixins.json:EntityMixin from mod balm->@Inject::load(Lnet/minecraft/nbt/CompoundTag;Lorg/spongepowered/asm/mixin/injection/callback/CallbackInfo;)V won't be passed a CallbackInfo as a result
[24Jul2025 19:23:30.355] [main/DEBUG] [mixin/]: balm.mixins.json:EntityMixin from mod balm->@Inject::saveWithoutId(Lnet/minecraft/nbt/CompoundTag;Lorg/spongepowered/asm/mixin/injection/callback/CallbackInfoReturnable;)V doesn't use it's CallbackInfoReturnable
[24Jul2025 19:23:30.355] [main/DEBUG] [mixin/]: balm.mixins.json:EntityMixin from mod balm->@Inject::saveWithoutId(Lnet/minecraft/nbt/CompoundTag;Lorg/spongepowered/asm/mixin/injection/callback/CallbackInfoReturnable;)V has 0 override(s) in child classes
[24Jul2025 19:23:30.356] [main/DEBUG] [mixin/]: balm.mixins.json:EntityMixin from mod balm->@Inject::saveWithoutId(Lnet/minecraft/nbt/CompoundTag;Lorg/spongepowered/asm/mixin/injection/callback/CallbackInfoReturnable;)V won't be passed a CallbackInfoReturnable as a result
[24Jul2025 19:23:30.356] [main/DEBUG] [mixin/]: nyfsspiders.mixins.json:EntityMixin from mod nyfsspiders->@Inject::setDimensions(Lnet/minecraft/world/entity/EntityType;Lnet/minecraft/world/level/Level;Lorg/spongepowered/asm/mixin/injection/callback/CallbackInfo;)V doesn't use it's CallbackInfo
[24Jul2025 19:23:30.356] [main/DEBUG] [mixin/]: nyfsspiders.mixins.json:EntityMixin from mod nyfsspiders->@Inject::setDimensions(Lnet/minecraft/world/entity/EntityType;Lnet/minecraft/world/level/Level;Lorg/spongepowered/asm/mixin/injection/callback/CallbackInfo;)V has 0 override(s) in child classes
[24Jul2025 19:23:30.356] [main/DEBUG] [mixin/]: nyfsspiders.mixins.json:EntityMixin from mod nyfsspiders->@Inject::setDimensions(Lnet/minecraft/world/entity/EntityType;Lnet/minecraft/world/level/Level;Lorg/spongepowered/asm/mixin/injection/callback/CallbackInfo;)V won't be passed a CallbackInfo as a result
[24Jul2025 19:23:30.356] [main/DEBUG] [mixin/]: nyfsspiders.mixins.json:EntityMixin from mod nyfsspiders->@Inject::setDimensionsNew(Lorg/spongepowered/asm/mixin/injection/callback/CallbackInfo;)V doesn't use it's CallbackInfo
[24Jul2025 19:23:30.356] [main/DEBUG] [mixin/]: nyfsspiders.mixins.json:EntityMixin from mod nyfsspiders->@Inject::setDimensionsNew(Lorg/spongepowered/asm/mixin/injection/callback/CallbackInfo;)V has 0 override(s) in child classes
[24Jul2025 19:23:30.356] [main/DEBUG] [mixin/]: nyfsspiders.mixins.json:EntityMixin from mod nyfsspiders->@Inject::setDimensionsNew(Lorg/spongepowered/asm/mixin/injection/callback/CallbackInfo;)V won't be passed a CallbackInfo as a result
[24Jul2025 19:23:30.356] [main/DEBUG] [mixin/]: nyfsspiders.mixins.json:EntityMixin from mod nyfsspiders->@Inject::onMovePre(Lnet/minecraft/world/entity/MoverType;Lnet/minecraft/world/phys/Vec3;Lorg/spongepowered/asm/mixin/injection/callback/CallbackInfo;)V does use it's CallbackInfo
[24Jul2025 19:23:30.356] [main/DEBUG] [mixin/]: nyfsspiders.mixins.json:EntityMixin from mod nyfsspiders->@Inject::onMovePost(Lnet/minecraft/world/entity/MoverType;Lnet/minecraft/world/phys/Vec3;Lorg/spongepowered/asm/mixin/injection/callback/CallbackInfo;)V doesn't use it's CallbackInfo
[24Jul2025 19:23:30.356] [main/DEBUG] [mixin/]: nyfsspiders.mixins.json:EntityMixin from mod nyfsspiders->@Inject::onMovePost(Lnet/minecraft/world/entity/MoverType;Lnet/minecraft/world/phys/Vec3;Lorg/spongepowered/asm/mixin/injection/callback/CallbackInfo;)V has 0 override(s) in child classes
[24Jul2025 19:23:30.356] [main/DEBUG] [mixin/]: nyfsspiders.mixins.json:EntityMixin from mod nyfsspiders->@Inject::onMovePost(Lnet/minecraft/world/entity/MoverType;Lnet/minecraft/world/phys/Vec3;Lorg/spongepowered/asm/mixin/injection/callback/CallbackInfo;)V won't be passed a CallbackInfo as a result
[24Jul2025 19:23:30.356] [main/DEBUG] [mixin/]: nyfsspiders.mixins.json:EntityMixin from mod nyfsspiders->@Inject::onMovePost(Lnet/minecraft/world/entity/MoverType;Lnet/minecraft/world/phys/Vec3;Lorg/spongepowered/asm/mixin/injection/callback/CallbackInfo;)V doesn't use it's CallbackInfo
[24Jul2025 19:23:30.356] [main/DEBUG] [mixin/]: nyfsspiders.mixins.json:EntityMixin from mod nyfsspiders->@Inject::onMovePost(Lnet/minecraft/world/entity/MoverType;Lnet/minecraft/world/phys/Vec3;Lorg/spongepowered/asm/mixin/injection/callback/CallbackInfo;)V has 0 override(s) in child classes
[24Jul2025 19:23:30.357] [main/DEBUG] [mixin/]: nyfsspiders.mixins.json:EntityMixin from mod nyfsspiders->@Inject::onMovePost(Lnet/minecraft/world/entity/MoverType;Lnet/minecraft/world/phys/Vec3;Lorg/spongepowered/asm/mixin/injection/callback/CallbackInfo;)V won't be passed a CallbackInfo as a result
[24Jul2025 19:23:30.357] [main/DEBUG] [mixin/]: nyfsspiders.mixins.json:EntityMixin from mod nyfsspiders->@Inject::onGetOnPosition(Lorg/spongepowered/asm/mixin/injection/callback/CallbackInfoReturnable;)V does use it's CallbackInfoReturnable
[24Jul2025 19:23:30.357] [main/DEBUG] [mixin/]: nyfsspiders.mixins.json:EntityMixin from mod nyfsspiders->@Inject::onRead(Lnet/minecraft/nbt/CompoundTag;Lorg/spongepowered/asm/mixin/injection/callback/CallbackInfo;)V doesn't use it's CallbackInfo
[24Jul2025 19:23:30.357] [main/DEBUG] [mixin/]: nyfsspiders.mixins.json:EntityMixin from mod nyfsspiders->@Inject::onRead(Lnet/minecraft/nbt/CompoundTag;Lorg/spongepowered/asm/mixin/injection/callback/CallbackInfo;)V has 0 override(s) in child classes
[24Jul2025 19:23:30.357] [main/DEBUG] [mixin/]: nyfsspiders.mixins.json:EntityMixin from mod nyfsspiders->@Inject::onRead(Lnet/minecraft/nbt/CompoundTag;Lorg/spongepowered/asm/mixin/injection/callback/CallbackInfo;)V won't be passed a CallbackInfo as a result
[24Jul2025 19:23:30.357] [main/DEBUG] [mixin/]: nyfsspiders.mixins.json:EntityMixin from mod nyfsspiders->@Inject::onWrite(Lnet/minecraft/nbt/CompoundTag;Lorg/spongepowered/asm/mixin/injection/callback/CallbackInfoReturnable;)V doesn't use it's CallbackInfoReturnable
[24Jul2025 19:23:30.357] [main/DEBUG] [mixin/]: nyfsspiders.mixins.json:EntityMixin from mod nyfsspiders->@Inject::onWrite(Lnet/minecraft/nbt/CompoundTag;Lorg/spongepowered/asm/mixin/injection/callback/CallbackInfoReturnable;)V has 0 override(s) in child classes
[24Jul2025 19:23:30.357] [main/DEBUG] [mixin/]: nyfsspiders.mixins.json:EntityMixin from mod nyfsspiders->@Inject::onWrite(Lnet/minecraft/nbt/CompoundTag;Lorg/spongepowered/asm/mixin/injection/callback/CallbackInfoReturnable;)V won't be passed a CallbackInfoReturnable as a result
[24Jul2025 19:23:30.358] [main/DEBUG] [mixin/]: fabric-entity-events-v1.mixins.json:EntityMixin from mod fabric_entity_events_v1->@Inject::afterWorldChanged(Lnet/minecraft/server/level/ServerLevel;Lorg/spongepowered/asm/mixin/injection/callback/CallbackInfoReturnable;)V does use it's CallbackInfoReturnable
[24Jul2025 19:23:30.358] [main/DEBUG] [mixin/]: fabric-entity-events-v1.mixins.json:EntityMixin from mod fabric_entity_events_v1->@Inject::afterEntityTeleportedToWorld(Lnet/minecraft/server/level/ServerLevel;DDDLjava/util/Set;FFLorg/spongepowered/asm/mixin/injection/callback/CallbackInfoReturnable;FLnet/minecraft/world/entity/Entity;)V doesn't use it's CallbackInfoReturnable
[24Jul2025 19:23:30.358] [main/DEBUG] [mixin/]: fabric-entity-events-v1.mixins.json:EntityMixin from mod fabric_entity_events_v1->@Inject::afterEntityTeleportedToWorld(Lnet/minecraft/server/level/ServerLevel;DDDLjava/util/Set;FFLorg/spongepowered/asm/mixin/injection/callback/CallbackInfoReturnable;FLnet/minecraft/world/entity/Entity;)V has 0 override(s) in child classes
[24Jul2025 19:23:30.359] [main/DEBUG] [mixin/]: fabric-entity-events-v1.mixins.json:EntityMixin from mod fabric_entity_events_v1->@Inject::afterEntityTeleportedToWorld(Lnet/minecraft/server/level/ServerLevel;DDDLjava/util/Set;FFLorg/spongepowered/asm/mixin/injection/callback/CallbackInfoReturnable;FLnet/minecraft/world/entity/Entity;)V won't be passed a CallbackInfoReturnable as a result
[24Jul2025 19:23:30.395] [main/DEBUG] [net.minecraftforge.coremod.transformer.CoreModBaseTransformer/COREMOD]: Transforming m_147215_ with desc (Lnet/minecraft/world/effect/MobEffectInstance;Lnet/minecraft/world/entity/Entity;)V
[24Jul2025 19:23:30.396] [main/DEBUG] [net.minecraftforge.coremod.CoreMod.connectormod/COREMODLOG]: Expanded local variable scope for LivingEntity#forceAddEffect index 3
[24Jul2025 19:23:30.396] [main/DEBUG] [net.minecraftforge.coremod.transformer.CoreModBaseTransformer/COREMOD]: Transforming m_6672_ with desc (Lnet/minecraft/world/InteractionHand;)V
[24Jul2025 19:23:30.397] [main/DEBUG] [net.minecraftforge.coremod.CoreMod.connectormod/COREMODLOG]: Updated onItemUseStart duration threshold
[24Jul2025 19:23:30.398] [main/DEBUG] [mixin/]: Mixing LivingEntityMixin from nyfsspiders.mixins.json into net.minecraft.world.entity.LivingEntity
[24Jul2025 19:23:30.401] [main/DEBUG] [mixin/]: Mixing LivingEntityMixin from fabric-entity-events-v1.mixins.json into net.minecraft.world.entity.LivingEntity
[24Jul2025 19:23:30.401] [main/DEBUG] [mixin/]: fabric-entity-events-v1.mixins.json:LivingEntityMixin from mod fabric_entity_events_v1: Class version 61 required is higher than the class version supported by the current version of Mixin (JAVA_16 supports class version 60)
[24Jul2025 19:23:30.412] [main/DEBUG] [net.minecraftforge.coremod.transformer.CoreModBaseTransformer/COREMOD]: Transforming getAppearance with desc (Lnet/minecraft/world/level/BlockAndTintGetter;Lnet/minecraft/core/BlockPos;Lnet/minecraft/core/Direction;Lnet/minecraft/world/level/block/state/BlockState;Lnet/minecraft/core/BlockPos;)Lnet/minecraft/world/level/block/state/BlockState;
[24Jul2025 19:23:30.412] [main/DEBUG] [net.minecraftforge.coremod.transformer.CoreModBaseTransformer/COREMOD]: Transforming net/minecraftforge/common/extensions/IForgeBlockState
[24Jul2025 19:23:30.434] [main/DEBUG] [mixin/]: Mixing elytra.LivingEntityMixin from fabric-entity-events-v1.mixins.json into net.minecraft.world.entity.LivingEntity
[24Jul2025 19:23:30.434] [main/DEBUG] [mixin/]: fabric-entity-events-v1.mixins.json:elytra.LivingEntityMixin from mod fabric_entity_events_v1: Class version 61 required is higher than the class version supported by the current version of Mixin (JAVA_16 supports class version 60)
[24Jul2025 19:23:30.436] [main/DEBUG] [mixin/]: Mixing LivingEntityMixin from fabric-lifecycle-events-v1.mixins.json into net.minecraft.world.entity.LivingEntity
[24Jul2025 19:23:30.474] [main/DEBUG] [mixin/]: nyfsspiders.mixins.json:LivingEntityMixin from mod nyfsspiders->@Inject::onNotifyDataManagerChange(Lnet/minecraft/network/syncher/EntityDataAccessor;Lorg/spongepowered/asm/mixin/injection/callback/CallbackInfo;)V doesn't use it's CallbackInfo
[24Jul2025 19:23:30.474] [main/DEBUG] [mixin/]: nyfsspiders.mixins.json:LivingEntityMixin from mod nyfsspiders->@Inject::onNotifyDataManagerChange(Lnet/minecraft/network/syncher/EntityDataAccessor;Lorg/spongepowered/asm/mixin/injection/callback/CallbackInfo;)V has 0 override(s) in child classes
[24Jul2025 19:23:30.474] [main/DEBUG] [mixin/]: nyfsspiders.mixins.json:LivingEntityMixin from mod nyfsspiders->@Inject::onNotifyDataManagerChange(Lnet/minecraft/network/syncher/EntityDataAccessor;Lorg/spongepowered/asm/mixin/injection/callback/CallbackInfo;)V won't be passed a CallbackInfo as a result
[24Jul2025 19:23:30.474] [main/DEBUG] [mixin/]: nyfsspiders.mixins.json:LivingEntityMixin from mod nyfsspiders->@Inject::onTravelPre(Lnet/minecraft/world/phys/Vec3;Lorg/spongepowered/asm/mixin/injection/callback/CallbackInfo;)V does use it's CallbackInfo
[24Jul2025 19:23:30.474] [main/DEBUG] [mixin/]: nyfsspiders.mixins.json:LivingEntityMixin from mod nyfsspiders->@Inject::onTravelPost(Lnet/minecraft/world/phys/Vec3;Lorg/spongepowered/asm/mixin/injection/callback/CallbackInfo;)V doesn't use it's CallbackInfo
[24Jul2025 19:23:30.474] [main/DEBUG] [mixin/]: nyfsspiders.mixins.json:LivingEntityMixin from mod nyfsspiders->@Inject::onTravelPost(Lnet/minecraft/world/phys/Vec3;Lorg/spongepowered/asm/mixin/injection/callback/CallbackInfo;)V has 0 override(s) in child classes
[24Jul2025 19:23:30.474] [main/DEBUG] [mixin/]: nyfsspiders.mixins.json:LivingEntityMixin from mod nyfsspiders->@Inject::onTravelPost(Lnet/minecraft/world/phys/Vec3;Lorg/spongepowered/asm/mixin/injection/callback/CallbackInfo;)V won't be passed a CallbackInfo as a result
[24Jul2025 19:23:30.474] [main/DEBUG] [mixin/]: nyfsspiders.mixins.json:LivingEntityMixin from mod nyfsspiders->@Inject::onJump(Lorg/spongepowered/asm/mixin/injection/callback/CallbackInfo;)V does use it's CallbackInfo
[24Jul2025 19:23:30.475] [main/DEBUG] [mixin/]: fabric-entity-events-v1.mixins.json:LivingEntityMixin from mod fabric_entity_events_v1->@Inject::notifyDeath(Lnet/minecraft/world/damagesource/DamageSource;Lorg/spongepowered/asm/mixin/injection/callback/CallbackInfo;)V doesn't use it's CallbackInfo
[24Jul2025 19:23:30.476] [main/DEBUG] [mixin/]: fabric-entity-events-v1.mixins.json:LivingEntityMixin from mod fabric_entity_events_v1->@Inject::notifyDeath(Lnet/minecraft/world/damagesource/DamageSource;Lorg/spongepowered/asm/mixin/injection/callback/CallbackInfo;)V has 0 override(s) in child classes
[24Jul2025 19:23:30.476] [main/DEBUG] [mixin/]: fabric-entity-events-v1.mixins.json:LivingEntityMixin from mod fabric_entity_events_v1->@Inject::notifyDeath(Lnet/minecraft/world/damagesource/DamageSource;Lorg/spongepowered/asm/mixin/injection/callback/CallbackInfo;)V won't be passed a CallbackInfo as a result
[24Jul2025 19:23:30.476] [main/DEBUG] [mixin/]: fabric-entity-events-v1.mixins.json:LivingEntityMixin from mod fabric_entity_events_v1->@Inject::onSleep(Lnet/minecraft/core/BlockPos;Lorg/spongepowered/asm/mixin/injection/callback/CallbackInfo;)V doesn't use it's CallbackInfo
[24Jul2025 19:23:30.476] [main/DEBUG] [mixin/]: fabric-entity-events-v1.mixins.json:LivingEntityMixin from mod fabric_entity_events_v1->@Inject::onSleep(Lnet/minecraft/core/BlockPos;Lorg/spongepowered/asm/mixin/injection/callback/CallbackInfo;)V has 0 override(s) in child classes
[24Jul2025 19:23:30.476] [main/DEBUG] [mixin/]: fabric-entity-events-v1.mixins.json:LivingEntityMixin from mod fabric_entity_events_v1->@Inject::onSleep(Lnet/minecraft/core/BlockPos;Lorg/spongepowered/asm/mixin/injection/callback/CallbackInfo;)V won't be passed a CallbackInfo as a result
[24Jul2025 19:23:30.476] [main/DEBUG] [mixin/]: fabric-entity-events-v1.mixins.json:LivingEntityMixin from mod fabric_entity_events_v1->@Inject::onWakeUp(Lorg/spongepowered/asm/mixin/injection/callback/CallbackInfo;)V doesn't use it's CallbackInfo
[24Jul2025 19:23:30.476] [main/DEBUG] [mixin/]: fabric-entity-events-v1.mixins.json:LivingEntityMixin from mod fabric_entity_events_v1->@Inject::onWakeUp(Lorg/spongepowered/asm/mixin/injection/callback/CallbackInfo;)V has 0 override(s) in child classes
[24Jul2025 19:23:30.476] [main/DEBUG] [mixin/]: fabric-entity-events-v1.mixins.json:LivingEntityMixin from mod fabric_entity_events_v1->@Inject::onWakeUp(Lorg/spongepowered/asm/mixin/injection/callback/CallbackInfo;)V won't be passed a CallbackInfo as a result
[24Jul2025 19:23:30.476] [main/DEBUG] [mixin/]: fabric-entity-events-v1.mixins.json:LivingEntityMixin from mod fabric_entity_events_v1->@Inject::onGetSleepingDirection(Lorg/spongepowered/asm/mixin/injection/callback/CallbackInfoReturnable;Lnet/minecraft/core/BlockPos;)V does use it's CallbackInfoReturnable
[24Jul2025 19:23:30.476] [main/DEBUG] [mixin/]: fabric-entity-events-v1.mixins.json:LivingEntityMixin from mod fabric_entity_events_v1->@Inject::onGetSleepingDirection(Lorg/spongepowered/asm/mixin/injection/callback/CallbackInfoReturnable;Lnet/minecraft/core/BlockPos;)V does use it's CallbackInfoReturnable
[24Jul2025 19:23:30.478] [main/DEBUG] [mixin/]: fabric-entity-events-v1.mixins.json:elytra.LivingEntityMixin from mod fabric_entity_events_v1->@Inject::injectElytraTick(Lorg/spongepowered/asm/mixin/injection/callback/CallbackInfo;)V does use it's CallbackInfo
[24Jul2025 19:23:30.482] [main/DEBUG] [mixin/]: fabric-lifecycle-events-v1.mixins.json:LivingEntityMixin from mod fabric_lifecycle_events_v1->@Inject::getEquipmentChanges(Lorg/spongepowered/asm/mixin/injection/callback/CallbackInfoReturnable;Ljava/util/Map;[Lnet/minecraft/world/entity/EquipmentSlot;IILnet/minecraft/world/entity/EquipmentSlot;Lnet/minecraft/world/item/ItemStack;Lnet/minecraft/world/item/ItemStack;)V doesn't use it's CallbackInfoReturnable
[24Jul2025 19:23:30.482] [main/DEBUG] [mixin/]: fabric-lifecycle-events-v1.mixins.json:LivingEntityMixin from mod fabric_lifecycle_events_v1->@Inject::getEquipmentChanges(Lorg/spongepowered/asm/mixin/injection/callback/CallbackInfoReturnable;Ljava/util/Map;[Lnet/minecraft/world/entity/EquipmentSlot;IILnet/minecraft/world/entity/EquipmentSlot;Lnet/minecraft/world/item/ItemStack;Lnet/minecraft/world/item/ItemStack;)V has 0 override(s) in child classes
[24Jul2025 19:23:30.482] [main/DEBUG] [mixin/]: fabric-lifecycle-events-v1.mixins.json:LivingEntityMixin from mod fabric_lifecycle_events_v1->@Inject::getEquipmentChanges(Lorg/spongepowered/asm/mixin/injection/callback/CallbackInfoReturnable;Ljava/util/Map;[Lnet/minecraft/world/entity/EquipmentSlot;IILnet/minecraft/world/entity/EquipmentSlot;Lnet/minecraft/world/item/ItemStack;Lnet/minecraft/world/item/ItemStack;)V won't be passed a CallbackInfoReturnable as a result
[24Jul2025 19:23:30.510] [main/DEBUG] [mixin/]: Mixing BlockViewMixin from fabric-block-view-api-v2.mixins.json into net.minecraft.world.level.BlockGetter
[24Jul2025 19:23:30.519] [main/DEBUG] [mixin/]: Mixing AttachmentTargetsMixin from fabric-data-attachment-api-v1.mixins.json into net.minecraft.world.level.Level
[24Jul2025 19:23:30.525] [main/DEBUG] [mixin/]: Mixing WorldMixin from fabric-lifecycle-events-v1.mixins.json into net.minecraft.world.level.Level
[24Jul2025 19:23:30.558] [main/DEBUG] [mixin/]: Mixing WorldViewMixin from fabric-rendering-data-attachment-v1.mixins.json into net.minecraft.world.level.LevelReader
[24Jul2025 19:23:30.583] [main/DEBUG] [mixin/]: Mixing ServerWorldMixin from fabric-data-attachment-api-v1.mixins.json into net.minecraft.server.level.ServerLevel
[24Jul2025 19:23:30.587] [main/DEBUG] [mixin/]: Renaming synthetic method lambda$createAttachmentsPersistentState$1(Lnet/minecraft/server/level/ServerLevel;)Lnet/fabricmc/fabric/impl/attachment/AttachmentPersistentState; to mdc49e9e$fabric_data_attachment_api_v1$lambda$createAttachmentsPersistentState$1$0 in fabric-data-attachment-api-v1.mixins.json:ServerWorldMixin from mod fabric_data_attachment_api_v1
[24Jul2025 19:23:30.587] [main/DEBUG] [mixin/]: Renaming synthetic method lambda$createAttachmentsPersistentState$0(Lnet/minecraft/server/level/ServerLevel;Lnet/minecraft/nbt/CompoundTag;)Lnet/fabricmc/fabric/impl/attachment/AttachmentPersistentState; to mdc49e9e$fabric_data_attachment_api_v1$lambda$createAttachmentsPersistentState$0$1 in fabric-data-attachment-api-v1.mixins.json:ServerWorldMixin from mod fabric_data_attachment_api_v1
[24Jul2025 19:23:30.590] [main/DEBUG] [mixin/]: Mixing MixinServerWorld from surveyor.mixins.json into net.minecraft.server.level.ServerLevel
[24Jul2025 19:23:30.603] [main/DEBUG] [mixin/]: Mixing ServerWorldMixin from fabric-api-lookup-api-v1.mixins.json into net.minecraft.server.level.ServerLevel
[24Jul2025 19:23:30.603] [main/DEBUG] [mixin/]: fabric-api-lookup-api-v1.mixins.json:ServerWorldMixin from mod fabric_api_lookup_api_v1: Class version 61 required is higher than the class version supported by the current version of Mixin (JAVA_16 supports class version 60)
[24Jul2025 19:23:30.604] [main/DEBUG] [mixin/]: Renaming synthetic method lambda$fabric_invalidateCache$5(Ljava/util/Map$Entry;)Z to mdc49e9e$fabric_api_lookup_api_v1$lambda$fabric_invalidateCache$5$2 in fabric-api-lookup-api-v1.mixins.json:ServerWorldMixin from mod fabric_api_lookup_api_v1
[24Jul2025 19:23:30.605] [main/DEBUG] [mixin/]: Renaming synthetic method lambda$fabric_invalidateCache$4(Ljava/lang/ref/WeakReference;)Z to mdc49e9e$fabric_api_lookup_api_v1$lambda$fabric_invalidateCache$4$3 in fabric-api-lookup-api-v1.mixins.json:ServerWorldMixin from mod fabric_api_lookup_api_v1
[24Jul2025 19:23:30.606] [main/DEBUG] [mixin/]: Renaming synthetic method lambda$fabric_invalidateCache$3(Ljava/lang/ref/WeakReference;)V to mdc49e9e$fabric_api_lookup_api_v1$lambda$fabric_invalidateCache$3$4 in fabric-api-lookup-api-v1.mixins.json:ServerWorldMixin from mod fabric_api_lookup_api_v1
[24Jul2025 19:23:30.606] [main/DEBUG] [mixin/]: Renaming synthetic method lambda$fabric_invalidateCache$2(Ljava/lang/ref/WeakReference;)Z to mdc49e9e$fabric_api_lookup_api_v1$lambda$fabric_invalidateCache$2$5 in fabric-api-lookup-api-v1.mixins.json:ServerWorldMixin from mod fabric_api_lookup_api_v1
[24Jul2025 19:23:30.607] [main/DEBUG] [mixin/]: Renaming synthetic method lambda$fabric_registerCache$1(Ljava/lang/ref/WeakReference;)Z to mdc49e9e$fabric_api_lookup_api_v1$lambda$fabric_registerCache$1$6 in fabric-api-lookup-api-v1.mixins.json:ServerWorldMixin from mod fabric_api_lookup_api_v1
[24Jul2025 19:23:30.607] [main/DEBUG] [mixin/]: Renaming synthetic method lambda$fabric_registerCache$0(Lnet/minecraft/core/BlockPos;)Ljava/util/List; to mdc49e9e$fabric_api_lookup_api_v1$lambda$fabric_registerCache$0$7 in fabric-api-lookup-api-v1.mixins.json:ServerWorldMixin from mod fabric_api_lookup_api_v1
[24Jul2025 19:23:30.626] [main/DEBUG] [mixin/]: Mixing ServerWorldMixin from fabric-lifecycle-events-v1.mixins.json into net.minecraft.server.level.ServerLevel
[24Jul2025 19:23:30.660] [main/DEBUG] [mixin/]: fabric-data-attachment-api-v1.mixins.json:ServerWorldMixin from mod fabric_data_attachment_api_v1->@Inject::createAttachmentsPersistentState(Lorg/spongepowered/asm/mixin/injection/callback/CallbackInfo;)V doesn't use it's CallbackInfo
[24Jul2025 19:23:30.660] [main/DEBUG] [mixin/]: fabric-data-attachment-api-v1.mixins.json:ServerWorldMixin from mod fabric_data_attachment_api_v1->@Inject::createAttachmentsPersistentState(Lorg/spongepowered/asm/mixin/injection/callback/CallbackInfo;)V has 0 override(s) in child classes
[24Jul2025 19:23:30.660] [main/DEBUG] [mixin/]: fabric-data-attachment-api-v1.mixins.json:ServerWorldMixin from mod fabric_data_attachment_api_v1->@Inject::createAttachmentsPersistentState(Lorg/spongepowered/asm/mixin/injection/callback/CallbackInfo;)V won't be passed a CallbackInfo as a result
[24Jul2025 19:23:30.661] [main/DEBUG] [mixin/]: surveyor.mixins.json:MixinServerWorld from mod surveyor->@Inject::loadSummary(Lorg/spongepowered/asm/mixin/injection/callback/CallbackInfo;)V doesn't use it's CallbackInfo
[24Jul2025 19:23:30.661] [main/DEBUG] [mixin/]: surveyor.mixins.json:MixinServerWorld from mod surveyor->@Inject::loadSummary(Lorg/spongepowered/asm/mixin/injection/callback/CallbackInfo;)V has 0 override(s) in child classes
[24Jul2025 19:23:30.661] [main/DEBUG] [mixin/]: surveyor.mixins.json:MixinServerWorld from mod surveyor->@Inject::loadSummary(Lorg/spongepowered/asm/mixin/injection/callback/CallbackInfo;)V won't be passed a CallbackInfo as a result
[24Jul2025 19:23:30.661] [main/DEBUG] [mixin/]: surveyor.mixins.json:MixinServerWorld from mod surveyor->@Inject::onPointOfInterestAdded(Lnet/minecraft/core/BlockPos;Lnet/minecraft/core/Holder;Lorg/spongepowered/asm/mixin/injection/callback/CallbackInfo;)V doesn't use it's CallbackInfo
[24Jul2025 19:23:30.661] [main/DEBUG] [mixin/]: surveyor.mixins.json:MixinServerWorld from mod surveyor->@Inject::onPointOfInterestAdded(Lnet/minecraft/core/BlockPos;Lnet/minecraft/core/Holder;Lorg/spongepowered/asm/mixin/injection/callback/CallbackInfo;)V has 0 override(s) in child classes
[24Jul2025 19:23:30.661] [main/DEBUG] [mixin/]: surveyor.mixins.json:MixinServerWorld from mod surveyor->@Inject::onPointOfInterestAdded(Lnet/minecraft/core/BlockPos;Lnet/minecraft/core/Holder;Lorg/spongepowered/asm/mixin/injection/callback/CallbackInfo;)V won't be passed a CallbackInfo as a result
[24Jul2025 19:23:30.662] [main/DEBUG] [mixin/]: surveyor.mixins.json:MixinServerWorld from mod surveyor->@Inject::onPointOfInterestRemoved(Lnet/minecraft/core/BlockPos;Lorg/spongepowered/asm/mixin/injection/callback/CallbackInfo;)V doesn't use it's CallbackInfo
[24Jul2025 19:23:30.662] [main/DEBUG] [mixin/]: surveyor.mixins.json:MixinServerWorld from mod surveyor->@Inject::onPointOfInterestRemoved(Lnet/minecraft/core/BlockPos;Lorg/spongepowered/asm/mixin/injection/callback/CallbackInfo;)V has 0 override(s) in child classes
[24Jul2025 19:23:30.662] [main/DEBUG] [mixin/]: surveyor.mixins.json:MixinServerWorld from mod surveyor->@Inject::onPointOfInterestRemoved(Lnet/minecraft/core/BlockPos;Lorg/spongepowered/asm/mixin/injection/callback/CallbackInfo;)V won't be passed a CallbackInfo as a result
[24Jul2025 19:23:30.662] [main/DEBUG] [mixin/]: fabric-lifecycle-events-v1.mixins.json:ServerWorldMixin from mod fabric_lifecycle_events_v1->@Inject::startWorldTick(Ljava/util/function/BooleanSupplier;Lorg/spongepowered/asm/mixin/injection/callback/CallbackInfo;)V doesn't use it's CallbackInfo
[24Jul2025 19:23:30.662] [main/DEBUG] [mixin/]: fabric-lifecycle-events-v1.mixins.json:ServerWorldMixin from mod fabric_lifecycle_events_v1->@Inject::startWorldTick(Ljava/util/function/BooleanSupplier;Lorg/spongepowered/asm/mixin/injection/callback/CallbackInfo;)V has 0 override(s) in child classes
[24Jul2025 19:23:30.662] [main/DEBUG] [mixin/]: fabric-lifecycle-events-v1.mixins.json:ServerWorldMixin from mod fabric_lifecycle_events_v1->@Inject::startWorldTick(Ljava/util/function/BooleanSupplier;Lorg/spongepowered/asm/mixin/injection/callback/CallbackInfo;)V won't be passed a CallbackInfo as a result
[24Jul2025 19:23:30.663] [main/DEBUG] [mixin/]: fabric-lifecycle-events-v1.mixins.json:ServerWorldMixin from mod fabric_lifecycle_events_v1->@Inject::endWorldTick(Ljava/util/function/BooleanSupplier;Lorg/spongepowered/asm/mixin/injection/callback/CallbackInfo;)V doesn't use it's CallbackInfo
[24Jul2025 19:23:30.663] [main/DEBUG] [mixin/]: fabric-lifecycle-events-v1.mixins.json:ServerWorldMixin from mod fabric_lifecycle_events_v1->@Inject::endWorldTick(Ljava/util/function/BooleanSupplier;Lorg/spongepowered/asm/mixin/injection/callback/CallbackInfo;)V has 0 override(s) in child classes
[24Jul2025 19:23:30.663] [main/DEBUG] [mixin/]: fabric-lifecycle-events-v1.mixins.json:ServerWorldMixin from mod fabric_lifecycle_events_v1->@Inject::endWorldTick(Ljava/util/function/BooleanSupplier;Lorg/spongepowered/asm/mixin/injection/callback/CallbackInfo;)V won't be passed a CallbackInfo as a result
[24Jul2025 19:23:30.719] [main/DEBUG] [mixin/]: Mixing PlayerEntityMixin from fabric-entity-events-v1.mixins.json into net.minecraft.world.entity.player.Player
[24Jul2025 19:23:30.719] [main/DEBUG] [mixin/]: fabric-entity-events-v1.mixins.json:PlayerEntityMixin from mod fabric_entity_events_v1: Class version 61 required is higher than the class version supported by the current version of Mixin (JAVA_16 supports class version 60)
[24Jul2025 19:23:30.720] [main/DEBUG] [mixin/]: Mixing elytra.PlayerEntityMixin from fabric-entity-events-v1.mixins.json into net.minecraft.world.entity.player.Player
[24Jul2025 19:23:30.721] [main/DEBUG] [mixin/]: fabric-entity-events-v1.mixins.json:elytra.PlayerEntityMixin from mod fabric_entity_events_v1: Class version 61 required is higher than the class version supported by the current version of Mixin (JAVA_16 supports class version 60)
[24Jul2025 19:23:30.732] [main/DEBUG] [mixin/]: fabric-entity-events-v1.mixins.json:PlayerEntityMixin from mod fabric_entity_events_v1->@Inject::onIsSleepingLongEnough(Lorg/spongepowered/asm/mixin/injection/callback/CallbackInfoReturnable;)V does use it's CallbackInfoReturnable
[24Jul2025 19:23:30.732] [main/DEBUG] [mixin/]: fabric-entity-events-v1.mixins.json:elytra.PlayerEntityMixin from mod fabric_entity_events_v1->@Inject::injectElytraCheck(Lorg/spongepowered/asm/mixin/injection/callback/CallbackInfoReturnable;)V does use it's CallbackInfoReturnable
[24Jul2025 19:23:30.774] [main/DEBUG] [mixin/]: Mixing RegistryManagerMixin from fabric-registry-sync-v0.mixins.json into net.minecraftforge.registries.RegistryManager
[24Jul2025 19:23:30.774] [main/DEBUG] [mixin/]: fabric-registry-sync-v0.mixins.json:RegistryManagerMixin from mod fabric_registry_sync_v0: Class version 61 required is higher than the class version supported by the current version of Mixin (JAVA_16 supports class version 60)
[24Jul2025 19:23:30.777] [main/DEBUG] [mixin/]: fabric-registry-sync-v0.mixins.json:RegistryManagerMixin from mod fabric_registry_sync_v0->@Inject::beforePostNewRegistryEvent(Lorg/spongepowered/asm/mixin/injection/callback/CallbackInfo;)V doesn't use it's CallbackInfo
[24Jul2025 19:23:30.799] [main/DEBUG] [mixin/]: Mixing registries.NamespacedWrapperMixin from connectormod.mixins.json into net.minecraftforge.registries.NamespacedWrapper
[24Jul2025 19:23:30.800] [main/DEBUG] [mixin/]: Mixing NamespacedWrapperMixin from fabric-registry-sync-v0.mixins.json into net.minecraftforge.registries.NamespacedWrapper
[24Jul2025 19:23:30.800] [main/DEBUG] [mixin/]: fabric-registry-sync-v0.mixins.json:NamespacedWrapperMixin from mod fabric_registry_sync_v0: Class version 61 required is higher than the class version supported by the current version of Mixin (JAVA_16 supports class version 60)
[24Jul2025 19:23:30.804] [main/DEBUG] [mixin/]: fabric-registry-sync-v0.mixins.json:NamespacedWrapperMixin from mod fabric_registry_sync_v0->@Inject::setPost(ILnet/minecraft/resources/ResourceKey;Ljava/lang/Object;Lcom/mojang/serialization/Lifecycle;Lorg/spongepowered/asm/mixin/injection/callback/CallbackInfoReturnable;)V doesn't use it's CallbackInfoReturnable
[24Jul2025 19:23:30.805] [main/DEBUG] [mixin/]: fabric-registry-sync-v0.mixins.json:NamespacedWrapperMixin from mod fabric_registry_sync_v0->@Inject::setPost(ILnet/minecraft/resources/ResourceKey;Ljava/lang/Object;Lcom/mojang/serialization/Lifecycle;Lorg/spongepowered/asm/mixin/injection/callback/CallbackInfoReturnable;)V has 0 override(s) in child classes
[24Jul2025 19:23:30.805] [main/DEBUG] [mixin/]: fabric-registry-sync-v0.mixins.json:NamespacedWrapperMixin from mod fabric_registry_sync_v0->@Inject::setPost(ILnet/minecraft/resources/ResourceKey;Ljava/lang/Object;Lcom/mojang/serialization/Lifecycle;Lorg/spongepowered/asm/mixin/injection/callback/CallbackInfoReturnable;)V won't be passed a CallbackInfoReturnable as a result
[24Jul2025 19:23:30.809] [main/DEBUG] [mixin/]: Mixing FluidMixin from fabric-transfer-api-v1.mixins.json into net.minecraft.world.level.material.Fluid
[24Jul2025 19:23:30.809] [main/DEBUG] [mixin/]: fabric-transfer-api-v1.mixins.json:FluidMixin from mod fabric_transfer_api_v1: Class version 61 required is higher than the class version supported by the current version of Mixin (JAVA_16 supports class version 60)
[24Jul2025 19:23:30.814] [main/DEBUG] [mixin/]: fabric-transfer-api-v1.mixins.json:FluidMixin from mod fabric_transfer_api_v1->@Inject::hookGetBucketFillSound(Lorg/spongepowered/asm/mixin/injection/callback/CallbackInfoReturnable;)V does use it's CallbackInfoReturnable
[24Jul2025 19:23:30.818] [main/DEBUG] [mixin/]: Mixing ItemMixin from fabric-transfer-api-v1.mixins.json into net.minecraft.world.item.Item
[24Jul2025 19:23:30.819] [main/DEBUG] [mixin/]: fabric-transfer-api-v1.mixins.json:ItemMixin from mod fabric_transfer_api_v1: Class version 61 required is higher than the class version supported by the current version of Mixin (JAVA_16 supports class version 60)
[24Jul2025 19:23:30.821] [main/DEBUG] [mixin/]: Mixing ItemMixin from fabric-item-api-v1.mixins.json into net.minecraft.world.item.Item
[24Jul2025 19:23:30.821] [main/DEBUG] [mixin/]: fabric-item-api-v1.mixins.json:ItemMixin from mod fabric_item_api_v1: Class version 61 required is higher than the class version supported by the current version of Mixin (JAVA_16 supports class version 60)
[24Jul2025 19:23:30.827] [main/DEBUG] [mixin/]: fabric-item-api-v1.mixins.json:ItemMixin from mod fabric_item_api_v1->@Inject::onConstruct(Lnet/minecraft/world/item/Item$Properties;Lorg/spongepowered/asm/mixin/injection/callback/CallbackInfo;)V doesn't use it's CallbackInfo
[24Jul2025 19:23:30.827] [main/DEBUG] [mixin/]: fabric-item-api-v1.mixins.json:ItemMixin from mod fabric_item_api_v1->@Inject::onConstruct(Lnet/minecraft/world/item/Item$Properties;Lorg/spongepowered/asm/mixin/injection/callback/CallbackInfo;)V has 0 override(s) in child classes
[24Jul2025 19:23:30.827] [main/DEBUG] [mixin/]: fabric-item-api-v1.mixins.json:ItemMixin from mod fabric_item_api_v1->@Inject::onConstruct(Lnet/minecraft/world/item/Item$Properties;Lorg/spongepowered/asm/mixin/injection/callback/CallbackInfo;)V won't be passed a CallbackInfo as a result
[24Jul2025 19:23:30.829] [main/DEBUG] [net.minecraftforge.coremod.transformer.CoreModBaseTransformer/COREMOD]: Transforming getAttributeModifiers with desc (Lnet/minecraft/world/entity/EquipmentSlot;Lnet/minecraft/world/item/ItemStack;)Lcom/google/common/collect/Multimap;
[24Jul2025 19:23:30.829] [main/DEBUG] [net.minecraftforge.coremod.transformer.CoreModBaseTransformer/COREMOD]: Transforming getCraftingRemainingItem with desc (Lnet/minecraft/world/item/ItemStack;)Lnet/minecraft/world/item/ItemStack;
[24Jul2025 19:23:30.829] [main/DEBUG] [net.minecraftforge.coremod.transformer.CoreModBaseTransformer/COREMOD]: Transforming hasCraftingRemainingItem with desc (Lnet/minecraft/world/item/ItemStack;)Z
[24Jul2025 19:23:30.829] [main/DEBUG] [net.minecraftforge.coremod.transformer.CoreModBaseTransformer/COREMOD]: Transforming getEquipmentSlot with desc (Lnet/minecraft/world/item/ItemStack;)Lnet/minecraft/world/entity/EquipmentSlot;
[24Jul2025 19:23:30.830] [main/DEBUG] [net.minecraftforge.coremod.transformer.CoreModBaseTransformer/COREMOD]: Transforming isCorrectToolForDrops with desc (Lnet/minecraft/world/item/ItemStack;Lnet/minecraft/world/level/block/state/BlockState;)Z
[24Jul2025 19:23:30.830] [main/DEBUG] [net.minecraftforge.coremod.transformer.CoreModBaseTransformer/COREMOD]: Transforming shouldCauseReequipAnimation with desc (Lnet/minecraft/world/item/ItemStack;Lnet/minecraft/world/item/ItemStack;Z)Z
[24Jul2025 19:23:30.831] [main/DEBUG] [net.minecraftforge.coremod.transformer.CoreModBaseTransformer/COREMOD]: Transforming damageItem with desc (Lnet/minecraft/world/item/ItemStack;ILnet/minecraft/world/entity/LivingEntity;Ljava/util/function/Consumer;)I
[24Jul2025 19:23:30.831] [main/DEBUG] [net.minecraftforge.coremod.transformer.CoreModBaseTransformer/COREMOD]: Transforming net/minecraftforge/common/extensions/IForgeItem
[24Jul2025 19:23:30.831] [main/DEBUG] [mixin/]: Mixing IForgeItemMixin from connectormod.mixins.json into net.minecraftforge.common.extensions.IForgeItem
[24Jul2025 19:23:30.836] [main/DEBUG] [mixin/]: connectormod.mixins.json:IForgeItemMixin from mod connectormod->@Inject::redirectIsPiglinCurrency(Lnet/minecraft/world/item/ItemStack;Lorg/spongepowered/asm/mixin/injection/callback/CallbackInfoReturnable;)V does use it's CallbackInfoReturnable
[24Jul2025 19:23:30.843] [main/DEBUG] [net.minecraftforge.coremod.transformer.CoreModBaseTransformer/COREMOD]: Transforming net/minecraft/world/entity/EntityType
[24Jul2025 19:23:30.928] [main/DEBUG] [mixin/]: Mixing BlockEntityTypeAccessor from fabric-api-lookup-api-v1.mixins.json into net.minecraft.world.level.block.entity.BlockEntityType
[24Jul2025 19:23:30.929] [main/DEBUG] [mixin/]: fabric-api-lookup-api-v1.mixins.json:BlockEntityTypeAccessor from mod fabric_api_lookup_api_v1: Class version 61 required is higher than the class version supported by the current version of Mixin (JAVA_16 supports class version 60)
[24Jul2025 19:23:30.947] [main/DEBUG] [mixin/]: Mixing PoiTypesMixin from connectormod.mixins.json into net.minecraft.world.entity.ai.village.poi.PoiTypes
[24Jul2025 19:23:30.950] [main/DEBUG] [mixin/]: connectormod.mixins.json:PoiTypesMixin from mod connectormod->@Inject::handleLegacyTypeHolders(Lnet/minecraft/world/level/block/state/BlockState;Lorg/spongepowered/asm/mixin/injection/callback/CallbackInfoReturnable;)V does use it's CallbackInfoReturnable
[24Jul2025 19:23:30.997] [main/DEBUG] [net.minecraftforge.coremod.transformer.CoreModBaseTransformer/COREMOD]: Transforming net/minecraft/world/item/CreativeModeTab
[24Jul2025 19:23:30.998] [main/DEBUG] [net.minecraftforge.coremod.CoreMod.connectormod/COREMODLOG]: Injected vanilla CreativeModeTab constructor
[24Jul2025 19:23:30.998] [main/DEBUG] [mixin/]: Mixing ItemGroupMixin from fabric-item-group-api-v1.mixins.json into net.minecraft.world.item.CreativeModeTab
[24Jul2025 19:23:31.005] [main/DEBUG] [mixin/]: Mixing FireBlockMixin from fabric-content-registries-v0.mixins.json into net.minecraft.world.level.block.FireBlock
[24Jul2025 19:23:31.007] [main/DEBUG] [mixin/]: fabric-content-registries-v0.mixins.json:FireBlockMixin from mod fabric_content_registries_v0: Class version 61 required is higher than the class version supported by the current version of Mixin (JAVA_16 supports class version 60)
[24Jul2025 19:23:31.017] [main/DEBUG] [net.minecraftforge.coremod.transformer.CoreModBaseTransformer/COREMOD]: Transforming getAppearance with desc (Lnet/minecraft/world/level/block/state/BlockState;Lnet/minecraft/world/level/BlockAndTintGetter;Lnet/minecraft/core/BlockPos;Lnet/minecraft/core/Direction;Lnet/minecraft/world/level/block/state/BlockState;Lnet/minecraft/core/BlockPos;)Lnet/minecraft/world/level/block/state/BlockState;
[24Jul2025 19:23:31.017] [main/DEBUG] [net.minecraftforge.coremod.transformer.CoreModBaseTransformer/COREMOD]: Transforming net/minecraftforge/common/extensions/IForgeBlock
[24Jul2025 19:23:31.024] [main/DEBUG] [mixin/]: fabric-content-registries-v0.mixins.json:FireBlockMixin from mod fabric_content_registries_v0->@Inject::afterConstruct(Lnet/minecraft/world/level/block/state/BlockBehaviour$Properties;Lorg/spongepowered/asm/mixin/injection/callback/CallbackInfo;)V doesn't use it's CallbackInfo
[24Jul2025 19:23:31.024] [main/DEBUG] [mixin/]: fabric-content-registries-v0.mixins.json:FireBlockMixin from mod fabric_content_registries_v0->@Inject::afterConstruct(Lnet/minecraft/world/level/block/state/BlockBehaviour$Properties;Lorg/spongepowered/asm/mixin/injection/callback/CallbackInfo;)V has 0 override(s) in child classes
[24Jul2025 19:23:31.024] [main/DEBUG] [mixin/]: fabric-content-registries-v0.mixins.json:FireBlockMixin from mod fabric_content_registries_v0->@Inject::afterConstruct(Lnet/minecraft/world/level/block/state/BlockBehaviour$Properties;Lorg/spongepowered/asm/mixin/injection/callback/CallbackInfo;)V won't be passed a CallbackInfo as a result
[24Jul2025 19:23:31.025] [main/DEBUG] [mixin/]: fabric-content-registries-v0.mixins.json:FireBlockMixin from mod fabric_content_registries_v0->@Inject::getFabricBurnChance(Lnet/minecraft/world/level/block/state/BlockState;Lorg/spongepowered/asm/mixin/injection/callback/CallbackInfoReturnable;)V does use it's CallbackInfoReturnable
[24Jul2025 19:23:31.025] [main/DEBUG] [mixin/]: fabric-content-registries-v0.mixins.json:FireBlockMixin from mod fabric_content_registries_v0->@Inject::getFabricSpreadChance(Lnet/minecraft/world/level/block/state/BlockState;Lorg/spongepowered/asm/mixin/injection/callback/CallbackInfoReturnable;)V does use it's CallbackInfoReturnable
[24Jul2025 19:23:31.078] [main/DEBUG] [mixin/]: Mixing ShapesMixin from creativecore.mixins.json into net.minecraft.world.phys.shapes.Shapes
[24Jul2025 19:23:31.138] [main/DEBUG] [mixin/]: creativecore.mixins.json:ShapesMixin from mod creativecore->@Inject::joinUnoptimized(Lnet/minecraft/world/phys/shapes/VoxelShape;Lnet/minecraft/world/phys/shapes/VoxelShape;Lnet/minecraft/world/phys/shapes/BooleanOp;Lorg/spongepowered/asm/mixin/injection/callback/CallbackInfoReturnable;)V does use it's CallbackInfoReturnable
[24Jul2025 19:23:31.138] [main/DEBUG] [mixin/]: creativecore.mixins.json:ShapesMixin from mod creativecore->@Inject::joinUnoptimized(Lnet/minecraft/world/phys/shapes/VoxelShape;Lnet/minecraft/world/phys/shapes/VoxelShape;Lnet/minecraft/world/phys/shapes/BooleanOp;Lorg/spongepowered/asm/mixin/injection/callback/CallbackInfoReturnable;)V does use it's CallbackInfoReturnable
[24Jul2025 19:23:31.138] [main/DEBUG] [mixin/]: creativecore.mixins.json:ShapesMixin from mod creativecore->@Inject::joinUnoptimized(Lnet/minecraft/world/phys/shapes/VoxelShape;Lnet/minecraft/world/phys/shapes/VoxelShape;Lnet/minecraft/world/phys/shapes/BooleanOp;Lorg/spongepowered/asm/mixin/injection/callback/CallbackInfoReturnable;)V does use it's CallbackInfoReturnable
[24Jul2025 19:23:31.138] [main/DEBUG] [mixin/]: creativecore.mixins.json:ShapesMixin from mod creativecore->@Inject::joinIsNotEmpty(Lnet/minecraft/world/phys/shapes/VoxelShape;Lnet/minecraft/world/phys/shapes/VoxelShape;Lnet/minecraft/world/phys/shapes/BooleanOp;Lorg/spongepowered/asm/mixin/injection/callback/CallbackInfoReturnable;)V does use it's CallbackInfoReturnable
[24Jul2025 19:23:31.138] [main/DEBUG] [mixin/]: creativecore.mixins.json:ShapesMixin from mod creativecore->@Inject::joinIsNotEmpty(Lnet/minecraft/world/phys/shapes/VoxelShape;Lnet/minecraft/world/phys/shapes/VoxelShape;Lnet/minecraft/world/phys/shapes/BooleanOp;Lorg/spongepowered/asm/mixin/injection/callback/CallbackInfoReturnable;)V does use it's CallbackInfoReturnable
[24Jul2025 19:23:31.139] [main/DEBUG] [mixin/]: creativecore.mixins.json:ShapesMixin from mod creativecore->@Inject::joinIsNotEmpty(Lnet/minecraft/world/phys/shapes/VoxelShape;Lnet/minecraft/world/phys/shapes/VoxelShape;Lnet/minecraft/world/phys/shapes/BooleanOp;Lorg/spongepowered/asm/mixin/injection/callback/CallbackInfoReturnable;)V does use it's CallbackInfoReturnable
[24Jul2025 19:23:31.234] [main/DEBUG] [mixin/]: Mixing VoxelShapeAccessor from creativecore.mixins.json into net.minecraft.world.phys.shapes.VoxelShape
[24Jul2025 19:23:31.453] [main/DEBUG] [net.minecraftforge.coremod.transformer.CoreModBaseTransformer/COREMOD]: Transforming net/minecraft/world/level/block/LiquidBlock
[24Jul2025 19:23:31.471] [main/DEBUG] [mixin/]: Mixing DetectorRailBlockMixin from fabric-object-builder-v1.mixins.json into net.minecraft.world.level.block.DetectorRailBlock
[24Jul2025 19:23:31.472] [main/DEBUG] [mixin/]: fabric-object-builder-v1.mixins.json:DetectorRailBlockMixin from mod fabric_object_builder_api_v1: Class version 61 required is higher than the class version supported by the current version of Mixin (JAVA_16 supports class version 60)
[24Jul2025 19:23:31.472] [main/DEBUG] [mixin/]: Renaming synthetic method lambda$getCustomComparatorOutput$0(Lnet/minecraft/world/entity/Entity;)Z to mdc49e9e$fabric_object_builder_api_v1$lambda$getCustomComparatorOutput$0$0 in fabric-object-builder-v1.mixins.json:DetectorRailBlockMixin from mod fabric_object_builder_api_v1
[24Jul2025 19:23:31.482] [main/DEBUG] [mixin/]: fabric-object-builder-v1.mixins.json:DetectorRailBlockMixin from mod fabric_object_builder_api_v1->@Inject::getCustomComparatorOutput(Lnet/minecraft/world/level/block/state/BlockState;Lnet/minecraft/world/level/Level;Lnet/minecraft/core/BlockPos;Lorg/spongepowered/asm/mixin/injection/callback/CallbackInfoReturnable;)V does use it's CallbackInfoReturnable
[24Jul2025 19:23:31.496] [main/DEBUG] [net.minecraftforge.coremod.transformer.CoreModBaseTransformer/COREMOD]: Transforming net/minecraft/world/level/block/StairBlock
[24Jul2025 19:23:31.504] [main/DEBUG] [mixin/]: Mixing CropBlockMixin from balm.mixins.json into net.minecraft.world.level.block.CropBlock
[24Jul2025 19:23:31.508] [main/DEBUG] [mixin/]: balm.mixins.json:CropBlockMixin from mod balm->@Inject::mayPlaceOn(Lnet/minecraft/world/level/block/state/BlockState;Lnet/minecraft/world/level/BlockGetter;Lnet/minecraft/core/BlockPos;Lorg/spongepowered/asm/mixin/injection/callback/CallbackInfoReturnable;)V does use it's CallbackInfoReturnable
[24Jul2025 19:23:31.539] [main/DEBUG] [mixin/]: Mixing StemBlockMixin from balm.mixins.json into net.minecraft.world.level.block.StemBlock
[24Jul2025 19:23:31.541] [main/DEBUG] [mixin/]: balm.mixins.json:StemBlockMixin from mod balm->@Inject::mayPlaceOn(Lnet/minecraft/world/level/block/state/BlockState;Lnet/minecraft/world/level/BlockGetter;Lnet/minecraft/core/BlockPos;Lorg/spongepowered/asm/mixin/injection/callback/CallbackInfoReturnable;)V does use it's CallbackInfoReturnable
[24Jul2025 19:23:31.558] [main/DEBUG] [net.minecraftforge.coremod.transformer.CoreModBaseTransformer/COREMOD]: Transforming net/minecraft/world/level/block/FlowerPotBlock
[24Jul2025 19:23:31.628] [main/DEBUG] [net.minecraftforge.coremod.transformer.CoreModBaseTransformer/COREMOD]: Transforming m_154909_ with desc ()Lcom/google/common/collect/BiMap;
[24Jul2025 19:23:31.632] [main/DEBUG] [net.minecraftforge.coremod.CoreMod.fabric_content_registries_v0/COREMODLOG]: Made net.minecraft.block.Oxidizable.OXIDATION_LEVEL_INCREASES mutable
[24Jul2025 19:23:31.647] [main/DEBUG] [mixin/]: Mixing AbstractBlockSettingsAccessor from fabric-object-builder-v1.mixins.json into net.minecraft.world.level.block.state.BlockBehaviour$Properties
[24Jul2025 19:23:31.648] [main/DEBUG] [mixin/]: fabric-object-builder-v1.mixins.json:AbstractBlockSettingsAccessor from mod fabric_object_builder_api_v1: Class version 61 required is higher than the class version supported by the current version of Mixin (JAVA_16 supports class version 60)
[24Jul2025 19:23:31.785] [main/DEBUG] [mixin/]: Mixing BlockEntityMixin from fabric-block-view-api-v2.mixins.json into net.minecraft.world.level.block.entity.BlockEntity
[24Jul2025 19:23:31.785] [main/DEBUG] [mixin/]: Mixing AttachmentTargetsMixin from fabric-data-attachment-api-v1.mixins.json into net.minecraft.world.level.block.entity.BlockEntity
[24Jul2025 19:23:31.789] [main/DEBUG] [mixin/]: Mixing BlockEntityMixin from fabric-data-attachment-api-v1.mixins.json into net.minecraft.world.level.block.entity.BlockEntity
[24Jul2025 19:23:31.790] [main/DEBUG] [mixin/]: Mixing BlockEntityMixin from fabric-rendering-data-attachment-v1.mixins.json into net.minecraft.world.level.block.entity.BlockEntity
[24Jul2025 19:23:31.797] [main/DEBUG] [mixin/]: fabric-data-attachment-api-v1.mixins.json:BlockEntityMixin from mod fabric_data_attachment_api_v1->@Inject::readBlockEntityAttachments(Lnet/minecraft/nbt/CompoundTag;Ljava/lang/String;Lnet/minecraft/world/level/block/entity/BlockEntity;Lorg/spongepowered/asm/mixin/injection/callback/CallbackInfoReturnable;)V doesn't use it's CallbackInfoReturnable
[24Jul2025 19:23:31.797] [main/DEBUG] [mixin/]: fabric-data-attachment-api-v1.mixins.json:BlockEntityMixin from mod fabric_data_attachment_api_v1->@Inject::writeBlockEntityAttachments(Lorg/spongepowered/asm/mixin/injection/callback/CallbackInfoReturnable;)V does use it's CallbackInfoReturnable
[24Jul2025 19:23:31.829] [main/DEBUG] [mixin/]: Mixing NamedScreenHandlerFactoryMixin from fabric-screen-handler-api-v1.mixins.json into net.minecraft.world.MenuProvider
[24Jul2025 19:23:31.829] [main/DEBUG] [mixin/]: fabric-screen-handler-api-v1.mixins.json:NamedScreenHandlerFactoryMixin from mod fabric_screen_handler_api_v1: Class version 61 required is higher than the class version supported by the current version of Mixin (JAVA_16 supports class version 60)
[24Jul2025 19:23:31.831] [main/DEBUG] [mixin/]: Mixing LootableContainerBlockEntityMixin from fabric-transfer-api-v1.mixins.json into net.minecraft.world.level.block.entity.RandomizableContainerBlockEntity
[24Jul2025 19:23:31.831] [main/DEBUG] [mixin/]: fabric-transfer-api-v1.mixins.json:LootableContainerBlockEntityMixin from mod fabric_transfer_api_v1: Class version 61 required is higher than the class version supported by the current version of Mixin (JAVA_16 supports class version 60)
[24Jul2025 19:23:32.004] [main/DEBUG] [mixin/]: Mixing ChiseledBookshelfBlockEntityMixin from fabric-transfer-api-v1.mixins.json into net.minecraft.world.level.block.entity.ChiseledBookShelfBlockEntity
[24Jul2025 19:23:32.004] [main/DEBUG] [mixin/]: fabric-transfer-api-v1.mixins.json:ChiseledBookshelfBlockEntityMixin from mod fabric_transfer_api_v1: Class version 61 required is higher than the class version supported by the current version of Mixin (JAVA_16 supports class version 60)
[24Jul2025 19:23:32.009] [main/DEBUG] [mixin/]: fabric-transfer-api-v1.mixins.json:ChiseledBookshelfBlockEntityMixin from mod fabric_transfer_api_v1->@Inject::setStackBypass(ILnet/minecraft/world/item/ItemStack;Lorg/spongepowered/asm/mixin/injection/callback/CallbackInfo;)V does use it's CallbackInfo
[24Jul2025 19:23:32.173] [main/DEBUG] [mixin/]: Mixing AbstractFurnaceBlockEntityMixin from fabric-transfer-api-v1.mixins.json into net.minecraft.world.level.block.entity.AbstractFurnaceBlockEntity
[24Jul2025 19:23:32.174] [main/DEBUG] [mixin/]: fabric-transfer-api-v1.mixins.json:AbstractFurnaceBlockEntityMixin from mod fabric_transfer_api_v1: Class version 61 required is higher than the class version supported by the current version of Mixin (JAVA_16 supports class version 60)
[24Jul2025 19:23:32.179] [main/DEBUG] [mixin/]: fabric-transfer-api-v1.mixins.json:AbstractFurnaceBlockEntityMixin from mod fabric_transfer_api_v1->@Inject::setStackSuppressUpdate(ILnet/minecraft/world/item/ItemStack;Lorg/spongepowered/asm/mixin/injection/callback/CallbackInfo;)V does use it's CallbackInfo
[24Jul2025 19:23:32.250] [main/DEBUG] [mixin/]: Mixing JukeboxBlockEntityMixin from fabric-transfer-api-v1.mixins.json into net.minecraft.world.level.block.entity.JukeboxBlockEntity
[24Jul2025 19:23:32.251] [main/DEBUG] [mixin/]: fabric-transfer-api-v1.mixins.json:JukeboxBlockEntityMixin from mod fabric_transfer_api_v1: Class version 61 required is higher than the class version supported by the current version of Mixin (JAVA_16 supports class version 60)
[24Jul2025 19:23:32.253] [main/DEBUG] [mixin/]: fabric-transfer-api-v1.mixins.json:JukeboxBlockEntityMixin from mod fabric_transfer_api_v1->@Inject::setStackBypass(ILnet/minecraft/world/item/ItemStack;Lorg/spongepowered/asm/mixin/injection/callback/CallbackInfo;)V does use it's CallbackInfo
[24Jul2025 19:23:32.265] [main/DEBUG] [mixin/]: Mixing MobEntityMixin from nyfsspiders.mixins.json into net.minecraft.world.entity.Mob
[24Jul2025 19:23:32.268] [main/DEBUG] [mixin/]: Mixing MobEntityMixin from fabric-entity-events-v1.mixins.json into net.minecraft.world.entity.Mob
[24Jul2025 19:23:32.268] [main/DEBUG] [mixin/]: fabric-entity-events-v1.mixins.json:MobEntityMixin from mod fabric_entity_events_v1: Class version 61 required is higher than the class version supported by the current version of Mixin (JAVA_16 supports class version 60)
[24Jul2025 19:23:32.282] [main/DEBUG] [mixin/]: nyfsspiders.mixins.json:MobEntityMixin from mod nyfsspiders->@Inject::onLivingTick(Lorg/spongepowered/asm/mixin/injection/callback/CallbackInfo;)V doesn't use it's CallbackInfo
[24Jul2025 19:23:32.282] [main/DEBUG] [mixin/]: nyfsspiders.mixins.json:MobEntityMixin from mod nyfsspiders->@Inject::onLivingTick(Lorg/spongepowered/asm/mixin/injection/callback/CallbackInfo;)V has 0 override(s) in child classes
[24Jul2025 19:23:32.282] [main/DEBUG] [mixin/]: nyfsspiders.mixins.json:MobEntityMixin from mod nyfsspiders->@Inject::onLivingTick(Lorg/spongepowered/asm/mixin/injection/callback/CallbackInfo;)V won't be passed a CallbackInfo as a result
[24Jul2025 19:23:32.282] [main/DEBUG] [mixin/]: nyfsspiders.mixins.json:MobEntityMixin from mod nyfsspiders->@Inject::onTick(Lorg/spongepowered/asm/mixin/injection/callback/CallbackInfo;)V doesn't use it's CallbackInfo
[24Jul2025 19:23:32.282] [main/DEBUG] [mixin/]: nyfsspiders.mixins.json:MobEntityMixin from mod nyfsspiders->@Inject::onTick(Lorg/spongepowered/asm/mixin/injection/callback/CallbackInfo;)V has 0 override(s) in child classes
[24Jul2025 19:23:32.282] [main/DEBUG] [mixin/]: nyfsspiders.mixins.json:MobEntityMixin from mod nyfsspiders->@Inject::onTick(Lorg/spongepowered/asm/mixin/injection/callback/CallbackInfo;)V won't be passed a CallbackInfo as a result
[24Jul2025 19:23:32.371] [main/DEBUG] [net.minecraftforge.coremod.transformer.CoreModBaseTransformer/COREMOD]: Transforming net/minecraft/world/item/ItemStack
[24Jul2025 19:23:32.371] [main/DEBUG] [mixin/]: Mixing item.ItemStackMixin from connectormod.mixins.json into net.minecraft.world.item.ItemStack
[24Jul2025 19:23:32.375] [main/DEBUG] [mixin/]: Mixing ItemStackMixin from fabric-item-api-v1.mixins.json into net.minecraft.world.item.ItemStack
[24Jul2025 19:23:32.375] [main/DEBUG] [mixin/]: fabric-item-api-v1.mixins.json:ItemStackMixin from mod fabric_item_api_v1: Class version 61 required is higher than the class version supported by the current version of Mixin (JAVA_16 supports class version 60)
[24Jul2025 19:23:32.376] [main/DEBUG] [mixin/]: Mixing item.AnimatedItemNameMixin from necronomicon-common.mixins.json into net.minecraft.world.item.ItemStack
[24Jul2025 19:23:32.380] [main/DEBUG] [mixin/]: Mixing item.LateItemStackMixin from connectormod.mixins.json into net.minecraft.world.item.ItemStack
[24Jul2025 19:23:32.388] [main/DEBUG] [mixin/]: connectormod.mixins.json:item.ItemStackMixin from mod connectormod->@Inject::appyUseOn(Lnet/minecraft/world/item/context/UseOnContext;Lnet/minecraft/world/item/context/UseOnContext;Lorg/spongepowered/asm/mixin/injection/callback/CallbackInfoReturnable;)V does use it's CallbackInfoReturnable
[24Jul2025 19:23:32.388] [main/DEBUG] [mixin/]: necronomicon-common.mixins.json:item.AnimatedItemNameMixin from mod necronomicon->@Inject::getName(Lorg/spongepowered/asm/mixin/injection/callback/CallbackInfoReturnable;)V does use it's CallbackInfoReturnable
[24Jul2025 19:23:33.025] [main/DEBUG] [net.minecraftforge.coremod.transformer.CoreModBaseTransformer/COREMOD]: Transforming net/minecraft/world/entity/animal/frog/Tadpole
[24Jul2025 19:23:33.039] [main/DEBUG] [mixin/]: Mixing TadpoleEntityMixin from fabric-entity-events-v1.mixins.json into net.minecraft.world.entity.animal.frog.Tadpole
[24Jul2025 19:23:33.040] [main/DEBUG] [mixin/]: fabric-entity-events-v1.mixins.json:TadpoleEntityMixin from mod fabric_entity_events_v1: Class version 61 required is higher than the class version supported by the current version of Mixin (JAVA_16 supports class version 60)
[24Jul2025 19:23:33.063] [main/DEBUG] [mixin/]: Mixing SwordItemMixin from fabric-mining-level-api-v1.mixins.json into net.minecraft.world.item.SwordItem
[24Jul2025 19:23:33.063] [main/DEBUG] [mixin/]: fabric-mining-level-api-v1.mixins.json:SwordItemMixin from mod fabric_mining_level_api_v1: Class version 61 required is higher than the class version supported by the current version of Mixin (JAVA_16 supports class version 60)
[24Jul2025 19:23:33.067] [main/DEBUG] [mixin/]: fabric-mining-level-api-v1.mixins.json:SwordItemMixin from mod fabric_mining_level_api_v1->@Inject::fabric$onIsSuitableFor(Lnet/minecraft/world/level/block/state/BlockState;Lorg/spongepowered/asm/mixin/injection/callback/CallbackInfoReturnable;)V does use it's CallbackInfoReturnable
[24Jul2025 19:23:33.067] [main/DEBUG] [mixin/]: fabric-mining-level-api-v1.mixins.json:SwordItemMixin from mod fabric_mining_level_api_v1->@Inject::fabric$onGetMiningSpeedMultiplier(Lnet/minecraft/world/item/ItemStack;Lnet/minecraft/world/level/block/state/BlockState;Lorg/spongepowered/asm/mixin/injection/callback/CallbackInfoReturnable;)V does use it's CallbackInfoReturnable
[24Jul2025 19:23:33.067] [main/DEBUG] [mixin/]: fabric-mining-level-api-v1.mixins.json:SwordItemMixin from mod fabric_mining_level_api_v1->@Inject::fabric$onGetMiningSpeedMultiplier(Lnet/minecraft/world/item/ItemStack;Lnet/minecraft/world/level/block/state/BlockState;Lorg/spongepowered/asm/mixin/injection/callback/CallbackInfoReturnable;)V does use it's CallbackInfoReturnable
[24Jul2025 19:23:33.069] [main/DEBUG] [mixin/]: Mixing ShovelItemAccessor from fabric-content-registries-v0.mixins.json into net.minecraft.world.item.ShovelItem
[24Jul2025 19:23:33.069] [main/DEBUG] [mixin/]: fabric-content-registries-v0.mixins.json:ShovelItemAccessor from mod fabric_content_registries_v0: Class version 61 required is higher than the class version supported by the current version of Mixin (JAVA_16 supports class version 60)
[24Jul2025 19:23:33.069] [main/DEBUG] [mixin/]: Renaming @Accessor method getPathStates()Ljava/util/Map; to getPathStates$fabric_content_registries_v0_$md$c49e9e$0 in fabric-content-registries-v0.mixins.json:ShovelItemAccessor from mod fabric_content_registries_v0
[24Jul2025 19:23:33.071] [main/DEBUG] [mixin/]: Mixing MiningToolItemMixin from fabric-mining-level-api-v1.mixins.json into net.minecraft.world.item.DiggerItem
[24Jul2025 19:23:33.071] [main/DEBUG] [mixin/]: fabric-mining-level-api-v1.mixins.json:MiningToolItemMixin from mod fabric_mining_level_api_v1: Class version 61 required is higher than the class version supported by the current version of Mixin (JAVA_16 supports class version 60)
[24Jul2025 19:23:33.074] [main/DEBUG] [mixin/]: fabric-mining-level-api-v1.mixins.json:MiningToolItemMixin from mod fabric_mining_level_api_v1->@Inject::fabric$onIsSuitableFor(Lnet/minecraft/world/level/block/state/BlockState;Lorg/spongepowered/asm/mixin/injection/callback/CallbackInfoReturnable;)V does use it's CallbackInfoReturnable
[24Jul2025 19:23:33.074] [main/DEBUG] [mixin/]: fabric-mining-level-api-v1.mixins.json:MiningToolItemMixin from mod fabric_mining_level_api_v1->@Inject::fabric$onForgeIsSuitableFor(Lnet/minecraft/world/item/ItemStack;Lnet/minecraft/world/level/block/state/BlockState;Lorg/spongepowered/asm/mixin/injection/callback/CallbackInfoReturnable;)V does use it's CallbackInfoReturnable
[24Jul2025 19:23:33.076] [main/DEBUG] [mixin/]: Mixing AxeItemAccessor from fabric-content-registries-v0.mixins.json into net.minecraft.world.item.AxeItem
[24Jul2025 19:23:33.076] [main/DEBUG] [mixin/]: fabric-content-registries-v0.mixins.json:AxeItemAccessor from mod fabric_content_registries_v0: Class version 61 required is higher than the class version supported by the current version of Mixin (JAVA_16 supports class version 60)
[24Jul2025 19:23:33.076] [main/DEBUG] [mixin/]: Renaming @Accessor method getStrippedBlocks()Ljava/util/Map; to getStrippedBlocks$fabric_content_registries_v0_$md$c49e9e$0 in fabric-content-registries-v0.mixins.json:AxeItemAccessor from mod fabric_content_registries_v0
[24Jul2025 19:23:33.076] [main/DEBUG] [mixin/]: Renaming @Accessor method setStrippedBlocks(Ljava/util/Map;)V to setStrippedBlocks$fabric_content_registries_v0_$md$c49e9e$1 in fabric-content-registries-v0.mixins.json:AxeItemAccessor from mod fabric_content_registries_v0
[24Jul2025 19:23:33.081] [main/DEBUG] [net.minecraftforge.coremod.transformer.CoreModBaseTransformer/COREMOD]: Transforming net/minecraft/world/item/BucketItem
[24Jul2025 19:23:33.081] [main/DEBUG] [mixin/]: Mixing BucketItemMixin from fabric-transfer-api-v1.mixins.json into net.minecraft.world.item.BucketItem
[24Jul2025 19:23:33.081] [main/DEBUG] [mixin/]: fabric-transfer-api-v1.mixins.json:BucketItemMixin from mod fabric_transfer_api_v1: Class version 61 required is higher than the class version supported by the current version of Mixin (JAVA_16 supports class version 60)
[24Jul2025 19:23:33.095] [main/DEBUG] [mixin/]: Mixing ShearsItemMixin from fabric-mining-level-api-v1.mixins.json into net.minecraft.world.item.ShearsItem
[24Jul2025 19:23:33.095] [main/DEBUG] [mixin/]: fabric-mining-level-api-v1.mixins.json:ShearsItemMixin from mod fabric_mining_level_api_v1: Class version 61 required is higher than the class version supported by the current version of Mixin (JAVA_16 supports class version 60)
[24Jul2025 19:23:33.098] [main/DEBUG] [mixin/]: fabric-mining-level-api-v1.mixins.json:ShearsItemMixin from mod fabric_mining_level_api_v1->@Inject::fabric$onIsSuitableFor(Lnet/minecraft/world/level/block/state/BlockState;Lorg/spongepowered/asm/mixin/injection/callback/CallbackInfoReturnable;)V does use it's CallbackInfoReturnable
[24Jul2025 19:23:33.098] [main/DEBUG] [mixin/]: fabric-mining-level-api-v1.mixins.json:ShearsItemMixin from mod fabric_mining_level_api_v1->@Inject::fabric$onGetMiningSpeedMultiplier(Lnet/minecraft/world/item/ItemStack;Lnet/minecraft/world/level/block/state/BlockState;Lorg/spongepowered/asm/mixin/injection/callback/CallbackInfoReturnable;)V does use it's CallbackInfoReturnable
[24Jul2025 19:23:33.098] [main/DEBUG] [mixin/]: fabric-mining-level-api-v1.mixins.json:ShearsItemMixin from mod fabric_mining_level_api_v1->@Inject::fabric$onGetMiningSpeedMultiplier(Lnet/minecraft/world/item/ItemStack;Lnet/minecraft/world/level/block/state/BlockState;Lorg/spongepowered/asm/mixin/injection/callback/CallbackInfoReturnable;)V does use it's CallbackInfoReturnable
[24Jul2025 19:23:33.098] [main/DEBUG] [mixin/]: fabric-mining-level-api-v1.mixins.json:ShearsItemMixin from mod fabric_mining_level_api_v1->@Inject::fabric$onGetMiningSpeedMultiplier(Lnet/minecraft/world/item/ItemStack;Lnet/minecraft/world/level/block/state/BlockState;Lorg/spongepowered/asm/mixin/injection/callback/CallbackInfoReturnable;)V does use it's CallbackInfoReturnable
[24Jul2025 19:23:33.119] [main/DEBUG] [mixin/]: Mixing HoneycombItemMixin from fabric-content-registries-v0.mixins.json into net.minecraft.world.item.HoneycombItem
[24Jul2025 19:23:33.119] [main/DEBUG] [mixin/]: fabric-content-registries-v0.mixins.json:HoneycombItemMixin from mod fabric_content_registries_v0: Class version 61 required is higher than the class version supported by the current version of Mixin (JAVA_16 supports class version 60)
[24Jul2025 19:23:33.120] [main/DEBUG] [mixin/]: fabric-content-registries-v0.mixins.json:HoneycombItemMixin from mod fabric_content_registries_v0->@Inject::createUnwaxedToWaxedMap(Lorg/spongepowered/asm/mixin/injection/callback/CallbackInfoReturnable;)V does use it's CallbackInfoReturnable
[24Jul2025 19:23:33.903] [main/DEBUG] [net.minecraftforge.coremod.transformer.CoreModBaseTransformer/COREMOD]: Transforming net/minecraft/world/entity/monster/Spider
[24Jul2025 19:23:33.922] [main/DEBUG] [mixin/]: Mixing ClimberEntityMixin from nyfsspiders.mixins.json into net.minecraft.world.entity.monster.Spider
[24Jul2025 19:23:33.937] [main/DEBUG] [mixin/]: Renaming synthetic method lambda$updateOffsetsAndOrientation$2(Lnet/minecraft/world/phys/AABB;Lnet/minecraft/world/phys/shapes/Shapes$DoubleLineConsumer;)V to mdc49e9e$nyfsspiders$lambda$updateOffsetsAndOrientation$2$0 in nyfsspiders.mixins.json:ClimberEntityMixin from mod nyfsspiders
[24Jul2025 19:23:33.937] [main/DEBUG] [mixin/]: Renaming synthetic method lambda$getCollisionBoxes$1(Ljava/util/List;DDDDDD)V to mdc49e9e$nyfsspiders$lambda$getCollisionBoxes$1$1 in nyfsspiders.mixins.json:ClimberEntityMixin from mod nyfsspiders
[24Jul2025 19:23:33.937] [main/DEBUG] [mixin/]: Renaming synthetic method lambda$forEachCollisonBox$0(Lnet/minecraft/world/phys/shapes/Shapes$DoubleLineConsumer;Lnet/minecraft/world/phys/shapes/VoxelShape;)V to mdc49e9e$nyfsspiders$lambda$forEachCollisonBox$0$2 in nyfsspiders.mixins.json:ClimberEntityMixin from mod nyfsspiders
[24Jul2025 19:23:34.011] [main/DEBUG] [net.minecraftforge.coremod.transformer.CoreModBaseTransformer/COREMOD]: Transforming net/minecraft/world/effect/MobEffectInstance
[24Jul2025 19:23:34.040] [main/DEBUG] [mixin/]: Mixing BetterSpiderEntityMixin from nyfsspiders.mixins.json into net.minecraft.world.entity.monster.Spider
[24Jul2025 19:23:34.102] [main/DEBUG] [mixin/]: nyfsspiders.mixins.json:ClimberEntityMixin from mod nyfsspiders->@Inject::onConstructed(Lorg/spongepowered/asm/mixin/injection/callback/CallbackInfo;)V doesn't use it's CallbackInfo
[24Jul2025 19:23:34.102] [main/DEBUG] [mixin/]: nyfsspiders.mixins.json:ClimberEntityMixin from mod nyfsspiders->@Inject::onConstructed(Lorg/spongepowered/asm/mixin/injection/callback/CallbackInfo;)V has 0 override(s) in child classes
[24Jul2025 19:23:34.102] [main/DEBUG] [mixin/]: nyfsspiders.mixins.json:ClimberEntityMixin from mod nyfsspiders->@Inject::onConstructed(Lorg/spongepowered/asm/mixin/injection/callback/CallbackInfo;)V won't be passed a CallbackInfo as a result
[24Jul2025 19:23:34.102] [main/DEBUG] [mixin/]: nyfsspiders.mixins.json:ClimberEntityMixin from mod nyfsspiders->@Inject::onCreateNavigator(Lnet/minecraft/world/level/Level;Lorg/spongepowered/asm/mixin/injection/callback/CallbackInfoReturnable;)V does use it's CallbackInfoReturnable
[24Jul2025 19:23:34.102] [main/DEBUG] [mixin/]: nyfsspiders.mixins.json:ClimberEntityMixin from mod nyfsspiders->@Inject::onDefineSynchedData(Lorg/spongepowered/asm/mixin/injection/callback/CallbackInfo;)V doesn't use it's CallbackInfo
[24Jul2025 19:23:34.102] [main/DEBUG] [mixin/]: nyfsspiders.mixins.json:ClimberEntityMixin from mod nyfsspiders->@Inject::onDefineSynchedData(Lorg/spongepowered/asm/mixin/injection/callback/CallbackInfo;)V has 0 override(s) in child classes
[24Jul2025 19:23:34.102] [main/DEBUG] [mixin/]: nyfsspiders.mixins.json:ClimberEntityMixin from mod nyfsspiders->@Inject::onDefineSynchedData(Lorg/spongepowered/asm/mixin/injection/callback/CallbackInfo;)V won't be passed a CallbackInfo as a result
[24Jul2025 19:23:34.102] [main/DEBUG] [mixin/]: nyfsspiders.mixins.json:BetterSpiderEntityMixin from mod nyfsspiders->@Inject::onConstructed(Lorg/spongepowered/asm/mixin/injection/callback/CallbackInfo;)V doesn't use it's CallbackInfo
[24Jul2025 19:23:34.102] [main/DEBUG] [mixin/]: nyfsspiders.mixins.json:BetterSpiderEntityMixin from mod nyfsspiders->@Inject::onConstructed(Lorg/spongepowered/asm/mixin/injection/callback/CallbackInfo;)V has 0 override(s) in child classes
[24Jul2025 19:23:34.102] [main/DEBUG] [mixin/]: nyfsspiders.mixins.json:BetterSpiderEntityMixin from mod nyfsspiders->@Inject::onConstructed(Lorg/spongepowered/asm/mixin/injection/callback/CallbackInfo;)V won't be passed a CallbackInfo as a result
[24Jul2025 19:23:34.102] [main/DEBUG] [mixin/]: nyfsspiders.mixins.json:BetterSpiderEntityMixin from mod nyfsspiders->@Inject::onRegisterData(Lorg/spongepowered/asm/mixin/injection/callback/CallbackInfo;)V doesn't use it's CallbackInfo
[24Jul2025 19:23:34.102] [main/DEBUG] [mixin/]: nyfsspiders.mixins.json:BetterSpiderEntityMixin from mod nyfsspiders->@Inject::onRegisterData(Lorg/spongepowered/asm/mixin/injection/callback/CallbackInfo;)V has 0 override(s) in child classes
[24Jul2025 19:23:34.103] [main/DEBUG] [mixin/]: nyfsspiders.mixins.json:BetterSpiderEntityMixin from mod nyfsspiders->@Inject::onRegisterData(Lorg/spongepowered/asm/mixin/injection/callback/CallbackInfo;)V won't be passed a CallbackInfo as a result
[24Jul2025 19:23:34.152] [main/DEBUG] [net.minecraftforge.coremod.transformer.CoreModBaseTransformer/COREMOD]: Transforming net/minecraft/world/entity/monster/Zombie
[24Jul2025 19:23:34.225] [main/DEBUG] [net.minecraftforge.coremod.transformer.CoreModBaseTransformer/COREMOD]: Transforming net/minecraft/world/entity/monster/ZombieVillager
[24Jul2025 19:23:34.302] [main/DEBUG] [net.minecraftforge.coremod.transformer.CoreModBaseTransformer/COREMOD]: Transforming net/minecraft/world/entity/monster/Evoker$EvokerSummonSpellGoal
[24Jul2025 19:23:34.419] [main/DEBUG] [net.minecraftforge.coremod.transformer.CoreModBaseTransformer/COREMOD]: Transforming net/minecraft/world/entity/animal/horse/SkeletonTrapGoal
[24Jul2025 19:23:34.431] [main/DEBUG] [net.minecraftforge.coremod.transformer.CoreModBaseTransformer/COREMOD]: Transforming m_151311_ with desc (Lnet/minecraft/server/level/ServerLevel;Lnet/minecraft/core/BlockPos;)V
[24Jul2025 19:23:34.441] [main/DEBUG] [net.minecraftforge.coremod.CoreMod.connectormod/COREMODLOG]: Expanded local variable scope for BaseSpawner#serverTick index 3
[24Jul2025 19:23:34.446] [main/DEBUG] [net.minecraftforge.coremod.transformer.CoreModBaseTransformer/COREMOD]: Transforming net/minecraft/world/entity/monster/Strider
[24Jul2025 19:23:34.494] [main/DEBUG] [mixin/]: Mixing ServerPlayerEntityMixin from fabric-screen-handler-api-v1.mixins.json into net.minecraft.server.level.ServerPlayer
[24Jul2025 19:23:34.495] [main/DEBUG] [mixin/]: fabric-screen-handler-api-v1.mixins.json:ServerPlayerEntityMixin from mod fabric_screen_handler_api_v1: Class version 61 required is higher than the class version supported by the current version of Mixin (JAVA_16 supports class version 60)
[24Jul2025 19:23:34.501] [main/DEBUG] [mixin/]: Mixing MixinServerPlayerEntity from surveyor.mixins.json into net.minecraft.server.level.ServerPlayer
[24Jul2025 19:23:34.506] [main/DEBUG] [mixin/]: Mixing ServerPlayerEntityMixin from fabric-entity-events-v1.mixins.json into net.minecraft.server.level.ServerPlayer
[24Jul2025 19:23:34.506] [main/DEBUG] [mixin/]: fabric-entity-events-v1.mixins.json:ServerPlayerEntityMixin from mod fabric_entity_events_v1: Class version 61 required is higher than the class version supported by the current version of Mixin (JAVA_16 supports class version 60)
[24Jul2025 19:23:34.515] [main/DEBUG] [mixin/]: fabric-screen-handler-api-v1.mixins.json:ServerPlayerEntityMixin from mod fabric_screen_handler_api_v1->@Inject::fabric_replaceVanillaScreenPacket(Lnet/minecraft/world/MenuProvider;Lorg/spongepowered/asm/mixin/injection/callback/CallbackInfoReturnable;)V does use it's CallbackInfoReturnable
[24Jul2025 19:23:34.515] [main/DEBUG] [mixin/]: surveyor.mixins.json:MixinServerPlayerEntity from mod surveyor->@Inject::init(Lnet/minecraft/server/MinecraftServer;Lnet/minecraft/server/level/ServerLevel;Lcom/mojang/authlib/GameProfile;Lorg/spongepowered/asm/mixin/injection/callback/CallbackInfo;)V doesn't use it's CallbackInfo
[24Jul2025 19:23:34.515] [main/DEBUG] [mixin/]: surveyor.mixins.json:MixinServerPlayerEntity from mod surveyor->@Inject::init(Lnet/minecraft/server/MinecraftServer;Lnet/minecraft/server/level/ServerLevel;Lcom/mojang/authlib/GameProfile;Lorg/spongepowered/asm/mixin/injection/callback/CallbackInfo;)V has 0 override(s) in child classes
[24Jul2025 19:23:34.515] [main/DEBUG] [mixin/]: surveyor.mixins.json:MixinServerPlayerEntity from mod surveyor->@Inject::init(Lnet/minecraft/server/MinecraftServer;Lnet/minecraft/server/level/ServerLevel;Lcom/mojang/authlib/GameProfile;Lorg/spongepowered/asm/mixin/injection/callback/CallbackInfo;)V won't be passed a CallbackInfo as a result
[24Jul2025 19:23:34.515] [main/DEBUG] [mixin/]: surveyor.mixins.json:MixinServerPlayerEntity from mod surveyor->@Inject::writeSurveyorData(Lnet/minecraft/nbt/CompoundTag;Lorg/spongepowered/asm/mixin/injection/callback/CallbackInfo;)V doesn't use it's CallbackInfo
[24Jul2025 19:23:34.515] [main/DEBUG] [mixin/]: surveyor.mixins.json:MixinServerPlayerEntity from mod surveyor->@Inject::writeSurveyorData(Lnet/minecraft/nbt/CompoundTag;Lorg/spongepowered/asm/mixin/injection/callback/CallbackInfo;)V has 0 override(s) in child classes
[24Jul2025 19:23:34.515] [main/DEBUG] [mixin/]: surveyor.mixins.json:MixinServerPlayerEntity from mod surveyor->@Inject::writeSurveyorData(Lnet/minecraft/nbt/CompoundTag;Lorg/spongepowered/asm/mixin/injection/callback/CallbackInfo;)V won't be passed a CallbackInfo as a result
[24Jul2025 19:23:34.516] [main/DEBUG] [mixin/]: surveyor.mixins.json:MixinServerPlayerEntity from mod surveyor->@Inject::readSurveyorData(Lnet/minecraft/nbt/CompoundTag;Lorg/spongepowered/asm/mixin/injection/callback/CallbackInfo;)V doesn't use it's CallbackInfo
[24Jul2025 19:23:34.516] [main/DEBUG] [mixin/]: surveyor.mixins.json:MixinServerPlayerEntity from mod surveyor->@Inject::readSurveyorData(Lnet/minecraft/nbt/CompoundTag;Lorg/spongepowered/asm/mixin/injection/callback/CallbackInfo;)V has 0 override(s) in child classes
[24Jul2025 19:23:34.516] [main/DEBUG] [mixin/]: surveyor.mixins.json:MixinServerPlayerEntity from mod surveyor->@Inject::readSurveyorData(Lnet/minecraft/nbt/CompoundTag;Lorg/spongepowered/asm/mixin/injection/callback/CallbackInfo;)V won't be passed a CallbackInfo as a result
[24Jul2025 19:23:34.516] [main/DEBUG] [mixin/]: surveyor.mixins.json:MixinServerPlayerEntity from mod surveyor->@Inject::setSurveyorViewDistance(Lnet/minecraft/network/protocol/game/ServerboundClientInformationPacket;Lorg/spongepowered/asm/mixin/injection/callback/CallbackInfo;)V doesn't use it's CallbackInfo
[24Jul2025 19:23:34.516] [main/DEBUG] [mixin/]: surveyor.mixins.json:MixinServerPlayerEntity from mod surveyor->@Inject::setSurveyorViewDistance(Lnet/minecraft/network/protocol/game/ServerboundClientInformationPacket;Lorg/spongepowered/asm/mixin/injection/callback/CallbackInfo;)V has 0 override(s) in child classes
[24Jul2025 19:23:34.516] [main/DEBUG] [mixin/]: surveyor.mixins.json:MixinServerPlayerEntity from mod surveyor->@Inject::setSurveyorViewDistance(Lnet/minecraft/network/protocol/game/ServerboundClientInformationPacket;Lorg/spongepowered/asm/mixin/injection/callback/CallbackInfo;)V won't be passed a CallbackInfo as a result
[24Jul2025 19:23:34.516] [main/DEBUG] [mixin/]: surveyor.mixins.json:MixinServerPlayerEntity from mod surveyor->@Inject::onDeath(Lnet/minecraft/world/damagesource/DamageSource;Lorg/spongepowered/asm/mixin/injection/callback/CallbackInfo;)V doesn't use it's CallbackInfo
[24Jul2025 19:23:34.516] [main/DEBUG] [mixin/]: surveyor.mixins.json:MixinServerPlayerEntity from mod surveyor->@Inject::onDeath(Lnet/minecraft/world/damagesource/DamageSource;Lorg/spongepowered/asm/mixin/injection/callback/CallbackInfo;)V has 0 override(s) in child classes
[24Jul2025 19:23:34.516] [main/DEBUG] [mixin/]: surveyor.mixins.json:MixinServerPlayerEntity from mod surveyor->@Inject::onDeath(Lnet/minecraft/world/damagesource/DamageSource;Lorg/spongepowered/asm/mixin/injection/callback/CallbackInfo;)V won't be passed a CallbackInfo as a result
[24Jul2025 19:23:34.516] [main/DEBUG] [mixin/]: fabric-entity-events-v1.mixins.json:ServerPlayerEntityMixin from mod fabric_entity_events_v1->@Inject::callOnKillForPlayer(Lnet/minecraft/world/damagesource/DamageSource;Lorg/spongepowered/asm/mixin/injection/callback/CallbackInfo;)V doesn't use it's CallbackInfo
[24Jul2025 19:23:34.516] [main/DEBUG] [mixin/]: fabric-entity-events-v1.mixins.json:ServerPlayerEntityMixin from mod fabric_entity_events_v1->@Inject::callOnKillForPlayer(Lnet/minecraft/world/damagesource/DamageSource;Lorg/spongepowered/asm/mixin/injection/callback/CallbackInfo;)V has 0 override(s) in child classes
[24Jul2025 19:23:34.516] [main/DEBUG] [mixin/]: fabric-entity-events-v1.mixins.json:ServerPlayerEntityMixin from mod fabric_entity_events_v1->@Inject::callOnKillForPlayer(Lnet/minecraft/world/damagesource/DamageSource;Lorg/spongepowered/asm/mixin/injection/callback/CallbackInfo;)V won't be passed a CallbackInfo as a result
[24Jul2025 19:23:34.516] [main/DEBUG] [mixin/]: fabric-entity-events-v1.mixins.json:ServerPlayerEntityMixin from mod fabric_entity_events_v1->@Inject::notifyDeath(Lnet/minecraft/world/damagesource/DamageSource;Lorg/spongepowered/asm/mixin/injection/callback/CallbackInfo;)V doesn't use it's CallbackInfo
[24Jul2025 19:23:34.516] [main/DEBUG] [mixin/]: fabric-entity-events-v1.mixins.json:ServerPlayerEntityMixin from mod fabric_entity_events_v1->@Inject::notifyDeath(Lnet/minecraft/world/damagesource/DamageSource;Lorg/spongepowered/asm/mixin/injection/callback/CallbackInfo;)V has 0 override(s) in child classes
[24Jul2025 19:23:34.516] [main/DEBUG] [mixin/]: fabric-entity-events-v1.mixins.json:ServerPlayerEntityMixin from mod fabric_entity_events_v1->@Inject::notifyDeath(Lnet/minecraft/world/damagesource/DamageSource;Lorg/spongepowered/asm/mixin/injection/callback/CallbackInfo;)V won't be passed a CallbackInfo as a result
[24Jul2025 19:23:34.516] [main/DEBUG] [mixin/]: fabric-entity-events-v1.mixins.json:ServerPlayerEntityMixin from mod fabric_entity_events_v1->@Inject::afterWorldChanged(Lnet/minecraft/server/level/ServerLevel;Lorg/spongepowered/asm/mixin/injection/callback/CallbackInfo;)V doesn't use it's CallbackInfo
[24Jul2025 19:23:34.517] [main/DEBUG] [mixin/]: fabric-entity-events-v1.mixins.json:ServerPlayerEntityMixin from mod fabric_entity_events_v1->@Inject::afterWorldChanged(Lnet/minecraft/server/level/ServerLevel;Lorg/spongepowered/asm/mixin/injection/callback/CallbackInfo;)V has 0 override(s) in child classes
[24Jul2025 19:23:34.517] [main/DEBUG] [mixin/]: fabric-entity-events-v1.mixins.json:ServerPlayerEntityMixin from mod fabric_entity_events_v1->@Inject::afterWorldChanged(Lnet/minecraft/server/level/ServerLevel;Lorg/spongepowered/asm/mixin/injection/callback/CallbackInfo;)V won't be passed a CallbackInfo as a result
[24Jul2025 19:23:34.517] [main/DEBUG] [mixin/]: fabric-entity-events-v1.mixins.json:ServerPlayerEntityMixin from mod fabric_entity_events_v1->@Inject::onTrySleepDirectionCheck(Lnet/minecraft/core/BlockPos;Lorg/spongepowered/asm/mixin/injection/callback/CallbackInfoReturnable;Ljava/util/Optional;Lnet/minecraft/world/entity/player/Player$BedSleepingProblem;Lnet/minecraft/core/Direction;)V does use it's CallbackInfoReturnable
[24Jul2025 19:23:34.546] [main/DEBUG] [mixin/]: Mixing AttachmentTargetsMixin from fabric-data-attachment-api-v1.mixins.json into net.minecraft.world.level.chunk.ChunkAccess
[24Jul2025 19:23:34.553] [main/DEBUG] [mixin/]: Mixing WorldChunkMixin from fabric-data-attachment-api-v1.mixins.json into net.minecraft.world.level.chunk.LevelChunk
[24Jul2025 19:23:34.553] [main/DEBUG] [mixin/]: Mixing server.WorldChunkMixin from fabric-lifecycle-events-v1.mixins.json into net.minecraft.world.level.chunk.LevelChunk
[24Jul2025 19:23:34.560] [main/DEBUG] [mixin/]: fabric-data-attachment-api-v1.mixins.json:WorldChunkMixin from mod fabric_data_attachment_api_v1->@Inject::transferProtoChunkAttachement(Lnet/minecraft/server/level/ServerLevel;Lnet/minecraft/world/level/chunk/ProtoChunk;Lnet/minecraft/world/level/chunk/LevelChunk$PostLoadProcessor;Lorg/spongepowered/asm/mixin/injection/callback/CallbackInfo;)V doesn't use it's CallbackInfo
[24Jul2025 19:23:34.560] [main/DEBUG] [mixin/]: fabric-data-attachment-api-v1.mixins.json:WorldChunkMixin from mod fabric_data_attachment_api_v1->@Inject::transferProtoChunkAttachement(Lnet/minecraft/server/level/ServerLevel;Lnet/minecraft/world/level/chunk/ProtoChunk;Lnet/minecraft/world/level/chunk/LevelChunk$PostLoadProcessor;Lorg/spongepowered/asm/mixin/injection/callback/CallbackInfo;)V has 0 override(s) in child classes
[24Jul2025 19:23:34.560] [main/DEBUG] [mixin/]: fabric-data-attachment-api-v1.mixins.json:WorldChunkMixin from mod fabric_data_attachment_api_v1->@Inject::transferProtoChunkAttachement(Lnet/minecraft/server/level/ServerLevel;Lnet/minecraft/world/level/chunk/ProtoChunk;Lnet/minecraft/world/level/chunk/LevelChunk$PostLoadProcessor;Lorg/spongepowered/asm/mixin/injection/callback/CallbackInfo;)V won't be passed a CallbackInfo as a result
[24Jul2025 19:23:34.561] [main/DEBUG] [mixin/]: fabric-lifecycle-events-v1.mixins.json:server.WorldChunkMixin from mod fabric_lifecycle_events_v1->@Inject::onLoadBlockEntity(Lnet/minecraft/world/level/block/entity/BlockEntity;Lorg/spongepowered/asm/mixin/injection/callback/CallbackInfo;Lnet/minecraft/core/BlockPos;Lnet/minecraft/world/level/block/entity/BlockEntity;)V doesn't use it's CallbackInfo
[24Jul2025 19:23:34.561] [main/DEBUG] [mixin/]: fabric-lifecycle-events-v1.mixins.json:server.WorldChunkMixin from mod fabric_lifecycle_events_v1->@Inject::onLoadBlockEntity(Lnet/minecraft/world/level/block/entity/BlockEntity;Lorg/spongepowered/asm/mixin/injection/callback/CallbackInfo;Lnet/minecraft/core/BlockPos;Lnet/minecraft/world/level/block/entity/BlockEntity;)V has 0 override(s) in child classes
[24Jul2025 19:23:34.561] [main/DEBUG] [mixin/]: fabric-lifecycle-events-v1.mixins.json:server.WorldChunkMixin from mod fabric_lifecycle_events_v1->@Inject::onLoadBlockEntity(Lnet/minecraft/world/level/block/entity/BlockEntity;Lorg/spongepowered/asm/mixin/injection/callback/CallbackInfo;Lnet/minecraft/core/BlockPos;Lnet/minecraft/world/level/block/entity/BlockEntity;)V won't be passed a CallbackInfo as a result
[24Jul2025 19:23:34.561] [main/DEBUG] [mixin/]: fabric-lifecycle-events-v1.mixins.json:server.WorldChunkMixin from mod fabric_lifecycle_events_v1->@Inject::onRemoveBlockEntity(Lnet/minecraft/world/level/block/entity/BlockEntity;Lorg/spongepowered/asm/mixin/injection/callback/CallbackInfo;Lnet/minecraft/core/BlockPos;Lnet/minecraft/world/level/block/entity/BlockEntity;)V doesn't use it's CallbackInfo
[24Jul2025 19:23:34.561] [main/DEBUG] [mixin/]: fabric-lifecycle-events-v1.mixins.json:server.WorldChunkMixin from mod fabric_lifecycle_events_v1->@Inject::onRemoveBlockEntity(Lnet/minecraft/world/level/block/entity/BlockEntity;Lorg/spongepowered/asm/mixin/injection/callback/CallbackInfo;Lnet/minecraft/core/BlockPos;Lnet/minecraft/world/level/block/entity/BlockEntity;)V has 0 override(s) in child classes
[24Jul2025 19:23:34.561] [main/DEBUG] [mixin/]: fabric-lifecycle-events-v1.mixins.json:server.WorldChunkMixin from mod fabric_lifecycle_events_v1->@Inject::onRemoveBlockEntity(Lnet/minecraft/world/level/block/entity/BlockEntity;Lorg/spongepowered/asm/mixin/injection/callback/CallbackInfo;Lnet/minecraft/core/BlockPos;Lnet/minecraft/world/level/block/entity/BlockEntity;)V won't be passed a CallbackInfo as a result
[24Jul2025 19:23:34.561] [main/DEBUG] [mixin/]: fabric-lifecycle-events-v1.mixins.json:server.WorldChunkMixin from mod fabric_lifecycle_events_v1->@Inject::onRemoveBlockEntity(Lnet/minecraft/core/BlockPos;Lorg/spongepowered/asm/mixin/injection/callback/CallbackInfo;Lnet/minecraft/world/level/block/entity/BlockEntity;)V doesn't use it's CallbackInfo
[24Jul2025 19:23:34.562] [main/DEBUG] [mixin/]: fabric-lifecycle-events-v1.mixins.json:server.WorldChunkMixin from mod fabric_lifecycle_events_v1->@Inject::onRemoveBlockEntity(Lnet/minecraft/core/BlockPos;Lorg/spongepowered/asm/mixin/injection/callback/CallbackInfo;Lnet/minecraft/world/level/block/entity/BlockEntity;)V has 0 override(s) in child classes
[24Jul2025 19:23:34.562] [main/DEBUG] [mixin/]: fabric-lifecycle-events-v1.mixins.json:server.WorldChunkMixin from mod fabric_lifecycle_events_v1->@Inject::onRemoveBlockEntity(Lnet/minecraft/core/BlockPos;Lorg/spongepowered/asm/mixin/injection/callback/CallbackInfo;Lnet/minecraft/world/level/block/entity/BlockEntity;)V won't be passed a CallbackInfo as a result
[24Jul2025 19:23:34.584] [main/DEBUG] [net.minecraftforge.coremod.transformer.CoreModBaseTransformer/COREMOD]: Transforming net/minecraft/world/entity/npc/Villager
[24Jul2025 19:23:34.702] [main/DEBUG] [mixin/]: Mixing VillagerEntityAccessor from fabric-content-registries-v0.mixins.json into net.minecraft.world.entity.npc.Villager
[24Jul2025 19:23:34.708] [main/DEBUG] [mixin/]: fabric-content-registries-v0.mixins.json:VillagerEntityAccessor from mod fabric_content_registries_v0: Class version 61 required is higher than the class version supported by the current version of Mixin (JAVA_16 supports class version 60)
[24Jul2025 19:23:34.709] [main/DEBUG] [mixin/]: Renaming @Accessor method fabric_setItemFoodValues(Ljava/util/Map;)V to fabric_setItemFoodValues$fabric_content_registries_v0_$md$c49e9e$0 in fabric-content-registries-v0.mixins.json:VillagerEntityAccessor from mod fabric_content_registries_v0
[24Jul2025 19:23:34.709] [main/DEBUG] [mixin/]: Renaming @Accessor method fabric_setGatherableItems(Ljava/util/Set;)V to fabric_setGatherableItems$fabric_content_registries_v0_$md$c49e9e$1 in fabric-content-registries-v0.mixins.json:VillagerEntityAccessor from mod fabric_content_registries_v0
[24Jul2025 19:23:34.709] [main/DEBUG] [mixin/]: Renaming @Accessor method fabric_getGatherableItems()Ljava/util/Set; to fabric_getGatherableItems$fabric_content_registries_v0_$md$c49e9e$2 in fabric-content-registries-v0.mixins.json:VillagerEntityAccessor from mod fabric_content_registries_v0
[24Jul2025 19:23:34.763] [main/DEBUG] [mixin/]: Mixing ingredient.IngredientMixin from fabric-recipe-api-v1.mixins.json into net.minecraft.world.item.crafting.Ingredient
[24Jul2025 19:23:34.769] [main/DEBUG] [net.minecraftforge.coremod.transformer.CoreModBaseTransformer/COREMOD]: Transforming net/minecraft/world/effect/MobEffectInstance
[24Jul2025 19:23:34.794] [main/DEBUG] [mixin/]: Mixing ServerPlayNetworkHandlerMixin from fabric-networking-api-v1.mixins.json into net.minecraft.server.network.ServerGamePacketListenerImpl
[24Jul2025 19:23:34.794] [main/DEBUG] [mixin/]: fabric-networking-api-v1.mixins.json:ServerPlayNetworkHandlerMixin from mod fabric_networking_api_v1: Class version 61 required is higher than the class version supported by the current version of Mixin (JAVA_16 supports class version 60)
[24Jul2025 19:23:34.797] [main/DEBUG] [mixin/]: Mixing accessor.ServerPlayNetworkHandlerAccessor from fabric-networking-api-v1.mixins.json into net.minecraft.server.network.ServerGamePacketListenerImpl
[24Jul2025 19:23:34.797] [main/DEBUG] [mixin/]: fabric-networking-api-v1.mixins.json:accessor.ServerPlayNetworkHandlerAccessor from mod fabric_networking_api_v1: Class version 61 required is higher than the class version supported by the current version of Mixin (JAVA_16 supports class version 60)
[24Jul2025 19:23:34.801] [main/DEBUG] [mixin/]: fabric-networking-api-v1.mixins.json:ServerPlayNetworkHandlerMixin from mod fabric_networking_api_v1->@Inject::initAddon(Lorg/spongepowered/asm/mixin/injection/callback/CallbackInfo;)V doesn't use it's CallbackInfo
[24Jul2025 19:23:34.801] [main/DEBUG] [mixin/]: fabric-networking-api-v1.mixins.json:ServerPlayNetworkHandlerMixin from mod fabric_networking_api_v1->@Inject::initAddon(Lorg/spongepowered/asm/mixin/injection/callback/CallbackInfo;)V has 0 override(s) in child classes
[24Jul2025 19:23:34.801] [main/DEBUG] [mixin/]: fabric-networking-api-v1.mixins.json:ServerPlayNetworkHandlerMixin from mod fabric_networking_api_v1->@Inject::initAddon(Lorg/spongepowered/asm/mixin/injection/callback/CallbackInfo;)V won't be passed a CallbackInfo as a result
[24Jul2025 19:23:34.801] [main/DEBUG] [mixin/]: fabric-networking-api-v1.mixins.json:ServerPlayNetworkHandlerMixin from mod fabric_networking_api_v1->@Inject::handleCustomPayloadReceivedAsync(Lnet/minecraft/network/protocol/game/ServerboundCustomPayloadPacket;Lorg/spongepowered/asm/mixin/injection/callback/CallbackInfo;)V does use it's CallbackInfo
[24Jul2025 19:23:34.801] [main/DEBUG] [mixin/]: fabric-networking-api-v1.mixins.json:ServerPlayNetworkHandlerMixin from mod fabric_networking_api_v1->@Inject::handleDisconnection(Lnet/minecraft/network/chat/Component;Lorg/spongepowered/asm/mixin/injection/callback/CallbackInfo;)V doesn't use it's CallbackInfo
[24Jul2025 19:23:34.801] [main/DEBUG] [mixin/]: fabric-networking-api-v1.mixins.json:ServerPlayNetworkHandlerMixin from mod fabric_networking_api_v1->@Inject::handleDisconnection(Lnet/minecraft/network/chat/Component;Lorg/spongepowered/asm/mixin/injection/callback/CallbackInfo;)V has 0 override(s) in child classes
[24Jul2025 19:23:34.801] [main/DEBUG] [mixin/]: fabric-networking-api-v1.mixins.json:ServerPlayNetworkHandlerMixin from mod fabric_networking_api_v1->@Inject::handleDisconnection(Lnet/minecraft/network/chat/Component;Lorg/spongepowered/asm/mixin/injection/callback/CallbackInfo;)V won't be passed a CallbackInfo as a result
[24Jul2025 19:23:34.831] [main/DEBUG] [mixin/]: Mixing EntitySelectorReaderMixin from fabric-command-api-v2.mixins.json into net.minecraft.commands.arguments.selector.EntitySelectorParser
[24Jul2025 19:23:34.832] [main/DEBUG] [mixin/]: fabric-command-api-v2.mixins.json:EntitySelectorReaderMixin from mod fabric_command_api_v2: Class version 61 required is higher than the class version supported by the current version of Mixin (JAVA_16 supports class version 60)
[24Jul2025 19:23:34.888] [main/DEBUG] [mixin/]: Generating mapped inner class net/minecraft/world/level/block/entity/ChiseledBookShelfBlockEntity$Anonymous$9528536e5452455ca723ad1195726716 (originally net/fabricmc/fabric/mixin/transfer/ChiseledBookshelfBlockEntityMixin$1)
[24Jul2025 19:23:34.930] [main/DEBUG] [mixin/]: Mixing SimpleInventoryMixin from fabric-transfer-api-v1.mixins.json into net.minecraft.world.SimpleContainer
[24Jul2025 19:23:34.930] [main/DEBUG] [mixin/]: fabric-transfer-api-v1.mixins.json:SimpleInventoryMixin from mod fabric_transfer_api_v1: Class version 61 required is higher than the class version supported by the current version of Mixin (JAVA_16 supports class version 60)
[24Jul2025 19:23:34.933] [main/DEBUG] [mixin/]: Mixing SlotAccessor from balm.mixins.json into net.minecraft.world.inventory.Slot
[24Jul2025 19:23:35.252] [main/DEBUG] [net.minecraftforge.coremod.transformer.CoreModBaseTransformer/COREMOD]: Transforming net/minecraft/world/level/levelgen/structure/Structure
[24Jul2025 19:23:35.293] [main/DEBUG] [net.minecraftforge.coremod.transformer.CoreModBaseTransformer/COREMOD]: Transforming net/minecraft/world/level/levelgen/structure/structures/OceanRuinPieces$OceanRuinPiece
[24Jul2025 19:23:35.314] [main/DEBUG] [net.minecraftforge.coremod.transformer.CoreModBaseTransformer/COREMOD]: Transforming net/minecraft/world/level/levelgen/structure/structures/SwampHutPiece
[24Jul2025 19:23:35.331] [main/DEBUG] [net.minecraftforge.coremod.transformer.CoreModBaseTransformer/COREMOD]: Transforming net/minecraft/world/level/levelgen/structure/structures/OceanMonumentPieces$OceanMonumentPiece
[24Jul2025 19:23:35.358] [main/DEBUG] [net.minecraftforge.coremod.transformer.CoreModBaseTransformer/COREMOD]: Transforming net/minecraft/world/level/levelgen/structure/structures/WoodlandMansionPieces$WoodlandMansionPiece
[24Jul2025 19:23:35.392] [main/DEBUG] [mixin/]: Mixing StructureTemplatePoolAccessor from waystones.mixins.json into net.minecraft.world.level.levelgen.structure.pools.StructureTemplatePool
[24Jul2025 19:23:35.459] [main/DEBUG] [mixin/]: Mixing BiomeSourceMixin from fabric-biome-api-v1.mixins.json into net.minecraft.world.level.biome.BiomeSource
[24Jul2025 19:23:35.459] [main/DEBUG] [mixin/]: fabric-biome-api-v1.mixins.json:BiomeSourceMixin from mod fabric_biome_api_v1: Class version 61 required is higher than the class version supported by the current version of Mixin (JAVA_16 supports class version 60)
[24Jul2025 19:23:35.463] [main/DEBUG] [net.minecraftforge.coremod.transformer.CoreModBaseTransformer/COREMOD]: Transforming net/minecraft/world/level/biome/Biome
[24Jul2025 19:23:35.491] [main/DEBUG] [mixin/]: Mixing SpawnSettingsBuilderAccessor from fabric-biome-api-v1.mixins.json into net.minecraft.world.level.biome.MobSpawnSettings$Builder
[24Jul2025 19:23:35.491] [main/DEBUG] [mixin/]: fabric-biome-api-v1.mixins.json:SpawnSettingsBuilderAccessor from mod fabric_biome_api_v1: Class version 61 required is higher than the class version supported by the current version of Mixin (JAVA_16 supports class version 60)
[24Jul2025 19:23:35.509] [main/DEBUG] [mixin/]: Mixing NetherBiomePresetMixin from fabric-biome-api-v1.mixins.json into net.minecraft.world.level.biome.MultiNoiseBiomeSourceParameterList$Preset$1
[24Jul2025 19:23:35.509] [main/DEBUG] [mixin/]: fabric-biome-api-v1.mixins.json:NetherBiomePresetMixin from mod fabric_biome_api_v1: Class version 61 required is higher than the class version supported by the current version of Mixin (JAVA_16 supports class version 60)
[24Jul2025 19:23:35.511] [main/DEBUG] [mixin/]: fabric-biome-api-v1.mixins.json:NetherBiomePresetMixin from mod fabric_biome_api_v1->@Inject::apply(Ljava/util/function/Function;Lorg/spongepowered/asm/mixin/injection/callback/CallbackInfoReturnable;)V does use it's CallbackInfoReturnable
[24Jul2025 19:23:35.515] [main/DEBUG] [mixin/]: Mixing TheEndBiomeSourceMixin from fabric-biome-api-v1.mixins.json into net.minecraft.world.level.biome.TheEndBiomeSource
[24Jul2025 19:23:35.516] [main/DEBUG] [mixin/]: fabric-biome-api-v1.mixins.json:TheEndBiomeSourceMixin from mod fabric_biome_api_v1: Class version 61 required is higher than the class version supported by the current version of Mixin (JAVA_16 supports class version 60)
[24Jul2025 19:23:35.516] [main/DEBUG] [mixin/]: Renaming synthetic method lambda$init$1(Lnet/minecraft/core/HolderGetter;)Lnet/fabricmc/fabric/impl/biome/TheEndBiomeData$Overrides; to mdc49e9e$fabric_biome_api_v1$lambda$init$1$0 in fabric-biome-api-v1.mixins.json:TheEndBiomeSourceMixin from mod fabric_biome_api_v1
[24Jul2025 19:23:35.517] [main/DEBUG] [mixin/]: Renaming synthetic method lambda$modifyCodec$0(Lcom/mojang/serialization/codecs/RecordCodecBuilder$Instance;)Lcom/mojang/datafixers/kinds/App; to mdc49e9e$fabric_biome_api_v1$lambda$modifyCodec$0$1 in fabric-biome-api-v1.mixins.json:TheEndBiomeSourceMixin from mod fabric_biome_api_v1
[24Jul2025 19:23:35.528] [main/DEBUG] [mixin/]: fabric-biome-api-v1.mixins.json:TheEndBiomeSourceMixin from mod fabric_biome_api_v1->@Inject::modifyCodec(Lorg/spongepowered/asm/mixin/injection/callback/CallbackInfo;)V doesn't use it's CallbackInfo
[24Jul2025 19:23:35.528] [main/DEBUG] [mixin/]: fabric-biome-api-v1.mixins.json:TheEndBiomeSourceMixin from mod fabric_biome_api_v1->@Inject::rememberLookup(Lnet/minecraft/core/HolderGetter;Lorg/spongepowered/asm/mixin/injection/callback/CallbackInfoReturnable;)V doesn't use it's CallbackInfoReturnable
[24Jul2025 19:23:35.528] [main/DEBUG] [mixin/]: fabric-biome-api-v1.mixins.json:TheEndBiomeSourceMixin from mod fabric_biome_api_v1->@Inject::clearLookup(Lnet/minecraft/core/HolderGetter;Lorg/spongepowered/asm/mixin/injection/callback/CallbackInfoReturnable;)V doesn't use it's CallbackInfoReturnable
[24Jul2025 19:23:35.528] [main/DEBUG] [mixin/]: fabric-biome-api-v1.mixins.json:TheEndBiomeSourceMixin from mod fabric_biome_api_v1->@Inject::init(Lnet/minecraft/core/Holder;Lnet/minecraft/core/Holder;Lnet/minecraft/core/Holder;Lnet/minecraft/core/Holder;Lnet/minecraft/core/Holder;Lorg/spongepowered/asm/mixin/injection/callback/CallbackInfo;)V doesn't use it's CallbackInfo
[24Jul2025 19:23:35.528] [main/DEBUG] [mixin/]: fabric-biome-api-v1.mixins.json:TheEndBiomeSourceMixin from mod fabric_biome_api_v1->@Inject::init(Lnet/minecraft/core/Holder;Lnet/minecraft/core/Holder;Lnet/minecraft/core/Holder;Lnet/minecraft/core/Holder;Lnet/minecraft/core/Holder;Lorg/spongepowered/asm/mixin/injection/callback/CallbackInfo;)V has 0 override(s) in child classes
[24Jul2025 19:23:35.528] [main/DEBUG] [mixin/]: fabric-biome-api-v1.mixins.json:TheEndBiomeSourceMixin from mod fabric_biome_api_v1->@Inject::init(Lnet/minecraft/core/Holder;Lnet/minecraft/core/Holder;Lnet/minecraft/core/Holder;Lnet/minecraft/core/Holder;Lnet/minecraft/core/Holder;Lorg/spongepowered/asm/mixin/injection/callback/CallbackInfo;)V won't be passed a CallbackInfo as a result
[24Jul2025 19:23:35.528] [main/DEBUG] [mixin/]: fabric-biome-api-v1.mixins.json:TheEndBiomeSourceMixin from mod fabric_biome_api_v1->@Inject::getWeightedEndBiome(IIILnet/minecraft/world/level/biome/Climate$Sampler;Lorg/spongepowered/asm/mixin/injection/callback/CallbackInfoReturnable;)V does use it's CallbackInfoReturnable
[24Jul2025 19:23:35.528] [main/DEBUG] [mixin/]: fabric-biome-api-v1.mixins.json:TheEndBiomeSourceMixin from mod fabric_biome_api_v1->@Inject::getWeightedEndBiome(IIILnet/minecraft/world/level/biome/Climate$Sampler;Lorg/spongepowered/asm/mixin/injection/callback/CallbackInfoReturnable;)V does use it's CallbackInfoReturnable
[24Jul2025 19:23:35.528] [main/DEBUG] [mixin/]: fabric-biome-api-v1.mixins.json:TheEndBiomeSourceMixin from mod fabric_biome_api_v1->@Inject::getWeightedEndBiome(IIILnet/minecraft/world/level/biome/Climate$Sampler;Lorg/spongepowered/asm/mixin/injection/callback/CallbackInfoReturnable;)V does use it's CallbackInfoReturnable
[24Jul2025 19:23:35.528] [main/DEBUG] [mixin/]: fabric-biome-api-v1.mixins.json:TheEndBiomeSourceMixin from mod fabric_biome_api_v1->@Inject::getWeightedEndBiome(IIILnet/minecraft/world/level/biome/Climate$Sampler;Lorg/spongepowered/asm/mixin/injection/callback/CallbackInfoReturnable;)V does use it's CallbackInfoReturnable
[24Jul2025 19:23:35.528] [main/DEBUG] [mixin/]: fabric-biome-api-v1.mixins.json:TheEndBiomeSourceMixin from mod fabric_biome_api_v1->@Inject::getWeightedEndBiome(IIILnet/minecraft/world/level/biome/Climate$Sampler;Lorg/spongepowered/asm/mixin/injection/callback/CallbackInfoReturnable;)V does use it's CallbackInfoReturnable
[24Jul2025 19:23:35.556] [main/DEBUG] [mixin/]: Mixing DebugChunkGeneratorAccessor from fabric-registry-sync-v0.mixins.json into net.minecraft.world.level.levelgen.DebugLevelSource
[24Jul2025 19:23:35.559] [main/DEBUG] [mixin/]: fabric-registry-sync-v0.mixins.json:DebugChunkGeneratorAccessor from mod fabric_registry_sync_v0: Class version 61 required is higher than the class version supported by the current version of Mixin (JAVA_16 supports class version 60)
[24Jul2025 19:23:35.560] [main/DEBUG] [mixin/]: Renaming @Accessor method setBLOCK_STATES(Ljava/util/List;)V to setBLOCK_STATES$fabric_registry_sync_v0_$md$c49e9e$0 in fabric-registry-sync-v0.mixins.json:DebugChunkGeneratorAccessor from mod fabric_registry_sync_v0
[24Jul2025 19:23:35.560] [main/DEBUG] [mixin/]: Renaming @Accessor method setX_SIDE_LENGTH(I)V to setX_SIDE_LENGTH$fabric_registry_sync_v0_$md$c49e9e$1 in fabric-registry-sync-v0.mixins.json:DebugChunkGeneratorAccessor from mod fabric_registry_sync_v0
[24Jul2025 19:23:35.560] [main/DEBUG] [mixin/]: Renaming @Accessor method setZ_SIDE_LENGTH(I)V to setZ_SIDE_LENGTH$fabric_registry_sync_v0_$md$c49e9e$2 in fabric-registry-sync-v0.mixins.json:DebugChunkGeneratorAccessor from mod fabric_registry_sync_v0
[24Jul2025 19:23:35.676] [main/DEBUG] [mixin/]: Mixing SinglePoolElementMixin from waystones.mixins.json into net.minecraft.world.level.levelgen.structure.pools.SinglePoolElement
[24Jul2025 19:23:35.677] [main/DEBUG] [mixin/]: Renaming synthetic method lambda$waystones$isWaystone$1(Lnet/minecraft/world/level/levelgen/structure/templatesystem/StructureTemplate;)V to mdc49e9e$waystones$lambda$waystones$isWaystone$1$0 in waystones.mixins.json:SinglePoolElementMixin from mod waystones
[24Jul2025 19:23:35.677] [main/DEBUG] [mixin/]: Renaming synthetic method lambda$waystones$isWaystone$0(Lnet/minecraft/resources/ResourceLocation;)V to mdc49e9e$waystones$lambda$waystones$isWaystone$0$1 in waystones.mixins.json:SinglePoolElementMixin from mod waystones
[24Jul2025 19:23:35.679] [main/DEBUG] [net.minecraftforge.coremod.transformer.CoreModBaseTransformer/COREMOD]: Transforming net/minecraft/world/level/levelgen/structure/templatesystem/StructureTemplate
[24Jul2025 19:23:35.733] [main/DEBUG] [mixin/]: waystones.mixins.json:SinglePoolElementMixin from mod waystones->@Inject::place(Lnet/minecraft/world/level/levelgen/structure/templatesystem/StructureTemplateManager;Lnet/minecraft/world/level/WorldGenLevel;Lnet/minecraft/world/level/StructureManager;Lnet/minecraft/world/level/chunk/ChunkGenerator;Lnet/minecraft/core/BlockPos;Lnet/minecraft/core/BlockPos;Lnet/minecraft/world/level/block/Rotation;Lnet/minecraft/world/level/levelgen/structure/BoundingBox;Lnet/minecraft/util/RandomSource;ZLorg/spongepowered/asm/mixin/injection/callback/CallbackInfoReturnable;)V does use it's CallbackInfoReturnable
[24Jul2025 19:23:35.802] [main/DEBUG] [net.minecraftforge.coremod.transformer.CoreModBaseTransformer/COREMOD]: Transforming m_236069_ with desc (Lit/unimi/dsi/fastutil/objects/Object2IntOpenHashMap;)V
[24Jul2025 19:23:35.811] [main/DEBUG] [net.minecraftforge.coremod.CoreMod.fabric_resource_conditions_api_v1/COREMODLOG]: Injected DataProvider.FIXED_ORDER_FIELDS conditions key priority
[24Jul2025 19:23:35.811] [main/DEBUG] [net.minecraftforge.coremod.transformer.CoreModBaseTransformer/COREMOD]: Transforming m_236069_ with desc (Lit/unimi/dsi/fastutil/objects/Object2IntOpenHashMap;)V
[24Jul2025 19:23:35.815] [main/DEBUG] [net.minecraftforge.coremod.CoreMod.fabric_data_generation_api_v1/COREMODLOG]: Injected fabric key sort orders hook into DataProvider.FIXED_ORDER_FIELDS
[24Jul2025 19:23:35.815] [main/DEBUG] [net.minecraftforge.coremod.CoreMod.fabric_data_generation_api_v1/COREMODLOG]: Injected fabric key sort orders hook into DataProvider.FIXED_ORDER_FIELDS
[24Jul2025 19:23:35.889] [main/INFO] [surveyor/]: [Surveyor] is not a map mod
[24Jul2025 19:23:35.914] [main/DEBUG] [net.minecraftforge.common.ForgeI18n/CORE]: Loading I18N data entries: 6430
[24Jul2025 19:23:35.934] [main/DEBUG] [net.minecraftforge.fml.ModWorkManager/LOADING]: Using 4 threads for parallel mod-loading
[24Jul2025 19:23:35.939] [main/DEBUG] [net.minecraftforge.fml.javafmlmod.FMLJavaModLanguageProvider/LOADING]: Loading FMLModContainer from classloader cpw.mods.modlauncher.TransformingClassLoader@2e2f20b8 - got cpw.mods.cl.ModuleClassLoader@4fc3c165
[24Jul2025 19:23:35.939] [main/DEBUG] [net.minecraftforge.fml.javafmlmod.FMLModContainer/LOADING]: Creating FMLModContainer instance for net.fabricmc.fabric.impl.transfer.TransferApiImpl
[24Jul2025 19:23:35.944] [main/DEBUG] [net.minecraftforge.fml.javafmlmod.FMLJavaModLanguageProvider/LOADING]: Loading FMLModContainer from classloader cpw.mods.modlauncher.TransformingClassLoader@2e2f20b8 - got cpw.mods.cl.ModuleClassLoader@4fc3c165
[24Jul2025 19:23:35.944] [main/DEBUG] [net.minecraftforge.fml.javafmlmod.FMLModContainer/LOADING]: Creating FMLModContainer instance for net.fabricmc.fabric.impl.dimension.FabricDimensionInternals
[24Jul2025 19:23:35.944] [main/DEBUG] [net.minecraftforge.fml.javafmlmod.FMLJavaModLanguageProvider/LOADING]: Loading FMLModContainer from classloader cpw.mods.modlauncher.TransformingClassLoader@2e2f20b8 - got cpw.mods.cl.ModuleClassLoader@4fc3c165
[24Jul2025 19:23:35.944] [main/DEBUG] [net.minecraftforge.fml.javafmlmod.FMLModContainer/LOADING]: Creating FMLModContainer instance for net.blay09.mods.kuma.forge.ForgeKumaAPI
[24Jul2025 19:23:35.945] [main/DEBUG] [net.minecraftforge.fml.javafmlmod.FMLJavaModLanguageProvider/LOADING]: Loading FMLModContainer from classloader cpw.mods.modlauncher.TransformingClassLoader@2e2f20b8 - got cpw.mods.cl.ModuleClassLoader@4fc3c165
[24Jul2025 19:23:35.945] [main/DEBUG] [net.minecraftforge.fml.javafmlmod.FMLModContainer/LOADING]: Creating FMLModContainer instance for net.fabricmc.fabric.impl.renderer.RendererImpl
[24Jul2025 19:23:35.945] [main/DEBUG] [net.minecraftforge.fml.javafmlmod.FMLJavaModLanguageProvider/LOADING]: Loading FMLModContainer from classloader cpw.mods.modlauncher.TransformingClassLoader@2e2f20b8 - got cpw.mods.cl.ModuleClassLoader@4fc3c165
[24Jul2025 19:23:35.945] [main/DEBUG] [net.minecraftforge.fml.javafmlmod.FMLModContainer/LOADING]: Creating FMLModContainer instance for elocindev.animation_overhaul.AnimationOverhaul
[24Jul2025 19:23:35.946] [main/DEBUG] [net.minecraftforge.fml.javafmlmod.FMLJavaModLanguageProvider/LOADING]: Loading FMLModContainer from classloader cpw.mods.modlauncher.TransformingClassLoader@2e2f20b8 - got cpw.mods.cl.ModuleClassLoader@4fc3c165
[24Jul2025 19:23:35.946] [main/DEBUG] [net.minecraftforge.fml.javafmlmod.FMLModContainer/LOADING]: Creating FMLModContainer instance for software.bernie.example.GeckoLibMod
[24Jul2025 19:23:35.946] [main/DEBUG] [net.minecraftforge.fml.lowcodemod.LowCodeModLanguageProvider.LowCodeModTarget/LOADING]: Loading LowCodeModContainer from classloader cpw.mods.modlauncher.TransformingClassLoader@2e2f20b8 - got cpw.mods.cl.ModuleClassLoader@4fc3c165
[24Jul2025 19:23:35.947] [main/DEBUG] [net.minecraftforge.fml.lowcodemod.LowCodeModContainer/LOADING]: Creating LowCodeModContainer for folk_sisby_kaleido_config
[24Jul2025 19:23:35.947] [main/DEBUG] [net.minecraftforge.fml.javafmlmod.FMLJavaModLanguageProvider/LOADING]: Loading FMLModContainer from classloader cpw.mods.modlauncher.TransformingClassLoader@2e2f20b8 - got cpw.mods.cl.ModuleClassLoader@4fc3c165
[24Jul2025 19:23:35.947] [main/DEBUG] [net.minecraftforge.fml.javafmlmod.FMLModContainer/LOADING]: Creating FMLModContainer instance for dev.kosmx.playerAnim.forge.ForgeModInterface
[24Jul2025 19:23:35.947] [main/DEBUG] [net.minecraftforge.fml.javafmlmod.FMLJavaModLanguageProvider/LOADING]: Loading FMLModContainer from classloader cpw.mods.modlauncher.TransformingClassLoader@2e2f20b8 - got cpw.mods.cl.ModuleClassLoader@4fc3c165
[24Jul2025 19:23:35.947] [main/DEBUG] [net.minecraftforge.fml.javafmlmod.FMLModContainer/LOADING]: Creating FMLModContainer instance for net.fabricmc.fabric.impl.item.FabricItemImpl
[24Jul2025 19:23:35.948] [main/DEBUG] [net.minecraftforge.fml.javafmlmod.FMLJavaModLanguageProvider/LOADING]: Loading FMLModContainer from classloader cpw.mods.modlauncher.TransformingClassLoader@2e2f20b8 - got cpw.mods.cl.ModuleClassLoader@4fc3c165
[24Jul2025 19:23:35.948] [main/DEBUG] [net.minecraftforge.fml.javafmlmod.FMLModContainer/LOADING]: Creating FMLModContainer instance for net.fabricmc.fabric.impl.client.model.loading.ModelLoadingImpl
[24Jul2025 19:23:35.948] [main/DEBUG] [net.minecraftforge.fml.javafmlmod.FMLJavaModLanguageProvider/LOADING]: Loading FMLModContainer from classloader cpw.mods.modlauncher.TransformingClassLoader@2e2f20b8 - got cpw.mods.cl.ModuleClassLoader@4fc3c165
[24Jul2025 19:23:35.948] [main/DEBUG] [net.minecraftforge.fml.javafmlmod.FMLModContainer/LOADING]: Creating FMLModContainer instance for net.fabricmc.fabric.impl.client.rendering.fluid.FluidRenderingImpl
[24Jul2025 19:23:35.949] [main/DEBUG] [net.minecraftforge.fml.javafmlmod.FMLJavaModLanguageProvider/LOADING]: Loading FMLModContainer from classloader cpw.mods.modlauncher.TransformingClassLoader@2e2f20b8 - got cpw.mods.cl.ModuleClassLoader@4fc3c165
[24Jul2025 19:23:35.949] [main/DEBUG] [net.minecraftforge.fml.javafmlmod.FMLModContainer/LOADING]: Creating FMLModContainer instance for net.fabricmc.fabric.impl.screenhandler.ScreenHandlerImpl
[24Jul2025 19:23:35.949] [main/DEBUG] [net.minecraftforge.fml.javafmlmod.FMLJavaModLanguageProvider/LOADING]: Loading FMLModContainer from classloader cpw.mods.modlauncher.TransformingClassLoader@2e2f20b8 - got cpw.mods.cl.ModuleClassLoader@4fc3c165
[24Jul2025 19:23:35.949] [main/DEBUG] [net.minecraftforge.fml.javafmlmod.FMLModContainer/LOADING]: Creating FMLModContainer instance for net.fabricmc.fabric.impl.client.model.ModelsImpl
[24Jul2025 19:23:35.950] [main/DEBUG] [net.minecraftforge.fml.javafmlmod.FMLJavaModLanguageProvider/LOADING]: Loading FMLModContainer from classloader cpw.mods.modlauncher.TransformingClassLoader@2e2f20b8 - got cpw.mods.cl.ModuleClassLoader@4fc3c165
[24Jul2025 19:23:35.950] [main/DEBUG] [net.minecraftforge.fml.javafmlmod.FMLModContainer/LOADING]: Creating FMLModContainer instance for net.fabricmc.fabric.impl.resource.loader.ResourceLoaderImpl
[24Jul2025 19:23:35.950] [main/DEBUG] [net.minecraftforge.fml.javafmlmod.FMLJavaModLanguageProvider/LOADING]: Loading FMLModContainer from classloader cpw.mods.modlauncher.TransformingClassLoader@2e2f20b8 - got cpw.mods.cl.ModuleClassLoader@4fc3c165
[24Jul2025 19:23:35.950] [main/DEBUG] [net.minecraftforge.fml.javafmlmod.FMLModContainer/LOADING]: Creating FMLModContainer instance for net.fabricmc.fabric.impl.client.rendering.RenderingImpl
[24Jul2025 19:23:35.951] [main/DEBUG] [net.minecraftforge.fml.javafmlmod.FMLJavaModLanguageProvider/LOADING]: Loading FMLModContainer from classloader cpw.mods.modlauncher.TransformingClassLoader@2e2f20b8 - got cpw.mods.cl.ModuleClassLoader@4fc3c165
[24Jul2025 19:23:35.951] [main/DEBUG] [net.minecraftforge.fml.javafmlmod.FMLModContainer/LOADING]: Creating FMLModContainer instance for net.blay09.mods.waystones.ForgeWaystones
[24Jul2025 19:23:35.951] [main/DEBUG] [net.minecraftforge.fml.javafmlmod.FMLJavaModLanguageProvider/LOADING]: Loading FMLModContainer from classloader cpw.mods.modlauncher.TransformingClassLoader@2e2f20b8 - got cpw.mods.cl.ModuleClassLoader@4fc3c165
[24Jul2025 19:23:35.952] [main/DEBUG] [net.minecraftforge.fml.javafmlmod.FMLModContainer/LOADING]: Creating FMLModContainer instance for net.fabricmc.fabric.impl.client.indigo.IndigoMod
[24Jul2025 19:23:35.952] [main/DEBUG] [net.minecraftforge.fml.javafmlmod.FMLJavaModLanguageProvider/LOADING]: Loading FMLModContainer from classloader cpw.mods.modlauncher.TransformingClassLoader@2e2f20b8 - got cpw.mods.cl.ModuleClassLoader@4fc3c165
[24Jul2025 19:23:35.952] [main/DEBUG] [net.minecraftforge.fml.javafmlmod.FMLModContainer/LOADING]: Creating FMLModContainer instance for net.fabricmc.fabric.impl.tag.convention.ConventionTagsImpl
[24Jul2025 19:23:35.952] [main/DEBUG] [net.minecraftforge.fml.javafmlmod.FMLJavaModLanguageProvider/LOADING]: Loading FMLModContainer from classloader cpw.mods.modlauncher.TransformingClassLoader@2e2f20b8 - got cpw.mods.cl.ModuleClassLoader@4fc3c165
[24Jul2025 19:23:35.953] [main/DEBUG] [net.minecraftforge.fml.javafmlmod.FMLModContainer/LOADING]: Creating FMLModContainer instance for net.fabricmc.fabric.impl.mininglevel.MiningLevelImpl
[24Jul2025 19:23:35.953] [main/DEBUG] [net.minecraftforge.fml.javafmlmod.FMLJavaModLanguageProvider/LOADING]: Loading FMLModContainer from classloader cpw.mods.modlauncher.TransformingClassLoader@2e2f20b8 - got cpw.mods.cl.ModuleClassLoader@4fc3c165
[24Jul2025 19:23:35.953] [main/DEBUG] [net.minecraftforge.fml.javafmlmod.FMLModContainer/LOADING]: Creating FMLModContainer instance for net.fabricmc.fabric.impl.command.v1.LegacyHandler
[24Jul2025 19:23:35.953] [main/DEBUG] [net.minecraftforge.fml.javafmlmod.FMLJavaModLanguageProvider/LOADING]: Loading FMLModContainer from classloader cpw.mods.modlauncher.TransformingClassLoader@2e2f20b8 - got cpw.mods.cl.ModuleClassLoader@4fc3c165
[24Jul2025 19:23:35.953] [main/DEBUG] [net.minecraftforge.fml.javafmlmod.FMLModContainer/LOADING]: Creating FMLModContainer instance for net.sonmok14.fromtheshadows.server.Fromtheshadows
[24Jul2025 19:23:35.954] [main/DEBUG] [net.minecraftforge.fml.javafmlmod.FMLJavaModLanguageProvider/LOADING]: Loading FMLModContainer from classloader cpw.mods.modlauncher.TransformingClassLoader@2e2f20b8 - got cpw.mods.cl.ModuleClassLoader@4fc3c165
[24Jul2025 19:23:35.954] [main/DEBUG] [net.minecraftforge.fml.javafmlmod.FMLModContainer/LOADING]: Creating FMLModContainer instance for net.fabricmc.fabric.impl.blockview.BlockViewImpl
[24Jul2025 19:23:35.955] [main/DEBUG] [net.minecraftforge.fml.javafmlmod.FMLJavaModLanguageProvider/LOADING]: Loading FMLModContainer from classloader cpw.mods.modlauncher.TransformingClassLoader@2e2f20b8 - got cpw.mods.cl.ModuleClassLoader@4fc3c165
[24Jul2025 19:23:35.955] [main/DEBUG] [net.minecraftforge.fml.javafmlmod.FMLModContainer/LOADING]: Creating FMLModContainer instance for net.fabricmc.fabric.impl.command.CommandApiImpl
[24Jul2025 19:23:35.955] [main/DEBUG] [net.minecraftforge.fml.javafmlmod.FMLJavaModLanguageProvider/LOADING]: Loading FMLModContainer from classloader cpw.mods.modlauncher.TransformingClassLoader@2e2f20b8 - got cpw.mods.cl.ModuleClassLoader@4fc3c165
[24Jul2025 19:23:35.955] [main/DEBUG] [net.minecraftforge.fml.javafmlmod.FMLModContainer/LOADING]: Creating FMLModContainer instance for com.mrcrayfish.configured.Configured
[24Jul2025 19:23:35.956] [main/DEBUG] [net.minecraftforge.fml.javafmlmod.FMLJavaModLanguageProvider/LOADING]: Loading FMLModContainer from classloader cpw.mods.modlauncher.TransformingClassLoader@2e2f20b8 - got cpw.mods.cl.ModuleClassLoader@4fc3c165
[24Jul2025 19:23:35.956] [main/DEBUG] [net.minecraftforge.fml.javafmlmod.FMLModContainer/LOADING]: Creating FMLModContainer instance for net.fabricmc.fabric.impl.attachment.AttachmentEntrypoint
[24Jul2025 19:23:35.957] [main/DEBUG] [net.minecraftforge.fml.javafmlmod.FMLJavaModLanguageProvider/LOADING]: Loading FMLModContainer from classloader cpw.mods.modlauncher.TransformingClassLoader@2e2f20b8 - got cpw.mods.cl.ModuleClassLoader@4fc3c165
[24Jul2025 19:23:35.957] [main/DEBUG] [net.minecraftforge.fml.javafmlmod.FMLModContainer/LOADING]: Creating FMLModContainer instance for com.llamalad7.mixinextras.platform.forge.MixinExtrasMod
[24Jul2025 19:23:35.957] [main/DEBUG] [net.minecraftforge.fml.javafmlmod.FMLJavaModLanguageProvider/LOADING]: Loading FMLModContainer from classloader cpw.mods.modlauncher.TransformingClassLoader@2e2f20b8 - got cpw.mods.cl.ModuleClassLoader@4fc3c165
[24Jul2025 19:23:35.958] [main/DEBUG] [net.minecraftforge.fml.javafmlmod.FMLModContainer/LOADING]: Creating FMLModContainer instance for org.sinytra.generated.surveyor_nGmCg.Entrypoint_surveyor
[24Jul2025 19:23:35.958] [main/DEBUG] [net.minecraftforge.fml.javafmlmod.FMLJavaModLanguageProvider/LOADING]: Loading FMLModContainer from classloader cpw.mods.modlauncher.TransformingClassLoader@2e2f20b8 - got cpw.mods.cl.ModuleClassLoader@4fc3c165
[24Jul2025 19:23:35.958] [main/DEBUG] [net.minecraftforge.fml.javafmlmod.FMLModContainer/LOADING]: Creating FMLModContainer instance for net.blay09.mods.balm.forge.ForgeBalm
[24Jul2025 19:23:35.959] [main/DEBUG] [net.minecraftforge.fml.javafmlmod.FMLJavaModLanguageProvider/LOADING]: Loading FMLModContainer from classloader cpw.mods.modlauncher.TransformingClassLoader@2e2f20b8 - got cpw.mods.cl.ModuleClassLoader@4fc3c165
[24Jul2025 19:23:35.959] [main/DEBUG] [net.minecraftforge.fml.javafmlmod.FMLModContainer/LOADING]: Creating FMLModContainer instance for net.fabricmc.fabric.impl.client.screen.ScreenApiImpl
[24Jul2025 19:23:35.959] [main/DEBUG] [net.minecraftforge.fml.javafmlmod.FMLJavaModLanguageProvider/LOADING]: Loading FMLModContainer from classloader cpw.mods.modlauncher.TransformingClassLoader@2e2f20b8 - got cpw.mods.cl.ModuleClassLoader@4fc3c165
[24Jul2025 19:23:35.959] [main/DEBUG] [net.minecraftforge.fml.javafmlmod.FMLModContainer/LOADING]: Creating FMLModContainer instance for org.sinytra.generated.antique_atlas_wjRdv.Entrypoint_antique_atlas
[24Jul2025 19:23:35.959] [main/DEBUG] [net.minecraftforge.fml.javafmlmod.FMLJavaModLanguageProvider/LOADING]: Loading FMLModContainer from classloader cpw.mods.modlauncher.TransformingClassLoader@2e2f20b8 - got cpw.mods.cl.ModuleClassLoader@4fc3c165
[24Jul2025 19:23:35.959] [main/DEBUG] [net.minecraftforge.fml.javafmlmod.FMLModContainer/LOADING]: Creating FMLModContainer instance for mirsario.cameraoverhaul.CameraOverhaulEntryPoint
[24Jul2025 19:23:35.960] [main/DEBUG] [net.minecraftforge.fml.javafmlmod.FMLJavaModLanguageProvider/LOADING]: Loading FMLModContainer from classloader cpw.mods.modlauncher.TransformingClassLoader@2e2f20b8 - got cpw.mods.cl.ModuleClassLoader@4fc3c165
[24Jul2025 19:23:35.960] [main/DEBUG] [net.minecraftforge.fml.javafmlmod.FMLModContainer/LOADING]: Creating FMLModContainer instance for net.fabricmc.fabric.impl.particle.ParticlesImpl
[24Jul2025 19:23:35.960] [main/DEBUG] [net.minecraftforge.fml.javafmlmod.FMLJavaModLanguageProvider/LOADING]: Loading FMLModContainer from classloader cpw.mods.modlauncher.TransformingClassLoader@2e2f20b8 - got cpw.mods.cl.ModuleClassLoader@4fc3c165
[24Jul2025 19:23:35.960] [main/DEBUG] [net.minecraftforge.fml.javafmlmod.FMLModContainer/LOADING]: Creating FMLModContainer instance for net.minecraftforge.common.ForgeMod
[24Jul2025 19:23:35.961] [main/DEBUG] [net.minecraftforge.fml.javafmlmod.FMLJavaModLanguageProvider/LOADING]: Loading FMLModContainer from classloader cpw.mods.modlauncher.TransformingClassLoader@2e2f20b8 - got cpw.mods.cl.ModuleClassLoader@4fc3c165
[24Jul2025 19:23:35.961] [main/DEBUG] [net.minecraftforge.fml.javafmlmod.FMLModContainer/LOADING]: Creating FMLModContainer instance for net.fabricmc.fabric.impl.sinytra.SinytraFabric
[24Jul2025 19:23:35.961] [main/DEBUG] [net.minecraftforge.fml.javafmlmod.FMLJavaModLanguageProvider/LOADING]: Loading FMLModContainer from classloader cpw.mods.modlauncher.TransformingClassLoader@2e2f20b8 - got cpw.mods.cl.ModuleClassLoader@4fc3c165
[24Jul2025 19:23:35.961] [main/DEBUG] [net.minecraftforge.fml.javafmlmod.FMLModContainer/LOADING]: Creating FMLModContainer instance for net.fabricmc.fabric.impl.content.registry.ContentRegistryImpl
[24Jul2025 19:23:35.962] [main/DEBUG] [net.minecraftforge.fml.lowcodemod.LowCodeModLanguageProvider.LowCodeModTarget/LOADING]: Loading LowCodeModContainer from classloader cpw.mods.modlauncher.TransformingClassLoader@2e2f20b8 - got cpw.mods.cl.ModuleClassLoader@4fc3c165
[24Jul2025 19:23:35.962] [main/DEBUG] [net.minecraftforge.fml.lowcodemod.LowCodeModContainer/LOADING]: Creating LowCodeModContainer for fabric_transitive_access_wideners_v1
[24Jul2025 19:23:35.962] [main/DEBUG] [net.minecraftforge.fml.javafmlmod.FMLJavaModLanguageProvider/LOADING]: Loading FMLModContainer from classloader cpw.mods.modlauncher.TransformingClassLoader@2e2f20b8 - got cpw.mods.cl.ModuleClassLoader@4fc3c165
[24Jul2025 19:23:35.962] [main/DEBUG] [net.minecraftforge.fml.javafmlmod.FMLModContainer/LOADING]: Creating FMLModContainer instance for com.nyfaria.nyfsspiders.NyfsSpiders
[24Jul2025 19:23:35.963] [main/DEBUG] [net.minecraftforge.fml.javafmlmod.FMLJavaModLanguageProvider/LOADING]: Loading FMLModContainer from classloader cpw.mods.modlauncher.TransformingClassLoader@2e2f20b8 - got cpw.mods.cl.ModuleClassLoader@4fc3c165
[24Jul2025 19:23:35.963] [main/DEBUG] [net.minecraftforge.fml.javafmlmod.FMLModContainer/LOADING]: Creating FMLModContainer instance for net.mcreator.deathangels.DeathAngelsMod
[24Jul2025 19:23:35.963] [main/DEBUG] [net.minecraftforge.fml.javafmlmod.FMLJavaModLanguageProvider/LOADING]: Loading FMLModContainer from classloader cpw.mods.modlauncher.TransformingClassLoader@2e2f20b8 - got cpw.mods.cl.ModuleClassLoader@4fc3c165
[24Jul2025 19:23:35.964] [main/DEBUG] [net.minecraftforge.fml.javafmlmod.FMLModContainer/LOADING]: Creating FMLModContainer instance for net.mcreator.befalltwo.BefalltwoMod
[24Jul2025 19:23:35.964] [main/DEBUG] [net.minecraftforge.fml.javafmlmod.FMLJavaModLanguageProvider/LOADING]: Loading FMLModContainer from classloader cpw.mods.modlauncher.TransformingClassLoader@2e2f20b8 - got cpw.mods.cl.ModuleClassLoader@4fc3c165
[24Jul2025 19:23:35.964] [main/DEBUG] [net.minecraftforge.fml.javafmlmod.FMLModContainer/LOADING]: Creating FMLModContainer instance for net.mcreator.midnightlurker.MidnightlurkerMod
[24Jul2025 19:23:35.965] [main/DEBUG] [net.minecraftforge.fml.javafmlmod.FMLJavaModLanguageProvider/LOADING]: Loading FMLModContainer from classloader cpw.mods.modlauncher.TransformingClassLoader@2e2f20b8 - got cpw.mods.cl.ModuleClassLoader@4fc3c165
[24Jul2025 19:23:35.965] [main/DEBUG] [net.minecraftforge.fml.javafmlmod.FMLModContainer/LOADING]: Creating FMLModContainer instance for net.fabricmc.fabric.impl.gamerule.GameRuleApiImpl
[24Jul2025 19:23:35.965] [main/DEBUG] [net.minecraftforge.fml.javafmlmod.FMLJavaModLanguageProvider/LOADING]: Loading FMLModContainer from classloader cpw.mods.modlauncher.TransformingClassLoader@2e2f20b8 - got cpw.mods.cl.ModuleClassLoader@4fc3c165
[24Jul2025 19:23:35.965] [main/DEBUG] [net.minecraftforge.fml.javafmlmod.FMLModContainer/LOADING]: Creating FMLModContainer instance for net.fabricmc.fabric.impl.base.event.FabricApiBaseMod
[24Jul2025 19:23:35.966] [main/DEBUG] [net.minecraftforge.fml.javafmlmod.FMLJavaModLanguageProvider/LOADING]: Loading FMLModContainer from classloader cpw.mods.modlauncher.TransformingClassLoader@2e2f20b8 - got cpw.mods.cl.ModuleClassLoader@4fc3c165
[24Jul2025 19:23:35.966] [main/DEBUG] [net.minecraftforge.fml.javafmlmod.FMLModContainer/LOADING]: Creating FMLModContainer instance for elocindev.necronomicon.CommonInitializer
[24Jul2025 19:23:35.966] [main/DEBUG] [net.minecraftforge.fml.javafmlmod.FMLJavaModLanguageProvider/LOADING]: Loading FMLModContainer from classloader cpw.mods.modlauncher.TransformingClassLoader@2e2f20b8 - got cpw.mods.cl.ModuleClassLoader@4fc3c165
[24Jul2025 19:23:35.966] [main/DEBUG] [net.minecraftforge.fml.javafmlmod.FMLModContainer/LOADING]: Creating FMLModContainer instance for net.fabricmc.fabric.impl.lookup.ApiLookupImpl
[24Jul2025 19:23:35.967] [main/DEBUG] [net.minecraftforge.fml.javafmlmod.FMLJavaModLanguageProvider/LOADING]: Loading FMLModContainer from classloader cpw.mods.modlauncher.TransformingClassLoader@2e2f20b8 - got cpw.mods.cl.ModuleClassLoader@4fc3c165
[24Jul2025 19:23:35.967] [main/DEBUG] [net.minecraftforge.fml.javafmlmod.FMLModContainer/LOADING]: Creating FMLModContainer instance for net.fabricmc.fabric.impl.blockrenderlayer.BlockRenderLayerImpl
[24Jul2025 19:23:35.967] [main/DEBUG] [net.minecraftforge.fml.javafmlmod.FMLJavaModLanguageProvider/LOADING]: Loading FMLModContainer from classloader cpw.mods.modlauncher.TransformingClassLoader@2e2f20b8 - got cpw.mods.cl.ModuleClassLoader@4fc3c165
[24Jul2025 19:23:35.967] [main/DEBUG] [net.minecraftforge.fml.javafmlmod.FMLModContainer/LOADING]: Creating FMLModContainer instance for snownee.jade.util.CommonProxy
[24Jul2025 19:23:35.969] [main/DEBUG] [net.minecraftforge.fml.javafmlmod.FMLJavaModLanguageProvider/LOADING]: Loading FMLModContainer from classloader cpw.mods.modlauncher.TransformingClassLoader@2e2f20b8 - got cpw.mods.cl.ModuleClassLoader@4fc3c165
[24Jul2025 19:23:35.969] [main/DEBUG] [net.minecraftforge.fml.javafmlmod.FMLModContainer/LOADING]: Creating FMLModContainer instance for com.obscuria.tooltips.ObscureTooltips
[24Jul2025 19:23:35.970] [main/DEBUG] [net.minecraftforge.fml.javafmlmod.FMLJavaModLanguageProvider/LOADING]: Loading FMLModContainer from classloader cpw.mods.modlauncher.TransformingClassLoader@2e2f20b8 - got cpw.mods.cl.ModuleClassLoader@4fc3c165
[24Jul2025 19:23:35.970] [main/DEBUG] [net.minecraftforge.fml.javafmlmod.FMLModContainer/LOADING]: Creating FMLModContainer instance for team.creative.creativecore.CreativeCore
[24Jul2025 19:23:35.970] [main/DEBUG] [net.minecraftforge.fml.javafmlmod.FMLJavaModLanguageProvider/LOADING]: Loading FMLModContainer from classloader cpw.mods.modlauncher.TransformingClassLoader@2e2f20b8 - got cpw.mods.cl.ModuleClassLoader@4fc3c165
[24Jul2025 19:23:35.971] [main/DEBUG] [net.minecraftforge.fml.javafmlmod.FMLModContainer/LOADING]: Creating FMLModContainer instance for org.popcraft.chunky.ChunkyForge
[24Jul2025 19:23:35.972] [main/DEBUG] [net.minecraftforge.fml.javafmlmod.FMLJavaModLanguageProvider/LOADING]: Loading FMLModContainer from classloader cpw.mods.modlauncher.TransformingClassLoader@2e2f20b8 - got cpw.mods.cl.ModuleClassLoader@4fc3c165
[24Jul2025 19:23:35.972] [main/DEBUG] [net.minecraftforge.fml.javafmlmod.FMLModContainer/LOADING]: Creating FMLModContainer instance for net.fabricmc.fabric.impl.block.BlockApiImpl
[24Jul2025 19:23:35.972] [main/DEBUG] [net.minecraftforge.fml.javafmlmod.FMLJavaModLanguageProvider/LOADING]: Loading FMLModContainer from classloader cpw.mods.modlauncher.TransformingClassLoader@2e2f20b8 - got cpw.mods.cl.ModuleClassLoader@4fc3c165
[24Jul2025 19:23:35.972] [main/DEBUG] [net.minecraftforge.fml.javafmlmod.FMLModContainer/LOADING]: Creating FMLModContainer instance for net.fabricmc.fabric.impl.resource.conditions.ResourceConditionsMod
[24Jul2025 19:23:35.972] [main/DEBUG] [net.minecraftforge.fml.javafmlmod.FMLJavaModLanguageProvider/LOADING]: Loading FMLModContainer from classloader cpw.mods.modlauncher.TransformingClassLoader@2e2f20b8 - got cpw.mods.cl.ModuleClassLoader@4fc3c165
[24Jul2025 19:23:35.972] [main/DEBUG] [net.minecraftforge.fml.javafmlmod.FMLModContainer/LOADING]: Creating FMLModContainer instance for nl.enjarai.a_good_place.forge.AGoodPlaceImpl
[24Jul2025 19:23:35.974] [main/DEBUG] [net.minecraftforge.fml.javafmlmod.FMLJavaModLanguageProvider/LOADING]: Loading FMLModContainer from classloader cpw.mods.modlauncher.TransformingClassLoader@2e2f20b8 - got cpw.mods.cl.ModuleClassLoader@4fc3c165
[24Jul2025 19:23:35.974] [main/DEBUG] [net.minecraftforge.fml.javafmlmod.FMLModContainer/LOADING]: Creating FMLModContainer instance for net.mcreator.man.ManMod
[24Jul2025 19:23:35.974] [main/DEBUG] [net.minecraftforge.fml.javafmlmod.FMLJavaModLanguageProvider/LOADING]: Loading FMLModContainer from classloader cpw.mods.modlauncher.TransformingClassLoader@2e2f20b8 - got cpw.mods.cl.ModuleClassLoader@4fc3c165
[24Jul2025 19:23:35.974] [main/DEBUG] [net.minecraftforge.fml.javafmlmod.FMLModContainer/LOADING]: Creating FMLModContainer instance for net.fabricmc.fabric.impl.itemgroup.ItemGroupsApiImpl
[24Jul2025 19:23:35.975] [main/DEBUG] [net.minecraftforge.fml.javafmlmod.FMLJavaModLanguageProvider/LOADING]: Loading FMLModContainer from classloader cpw.mods.modlauncher.TransformingClassLoader@2e2f20b8 - got cpw.mods.cl.ModuleClassLoader@4fc3c165
[24Jul2025 19:23:35.975] [main/DEBUG] [net.minecraftforge.fml.javafmlmod.FMLModContainer/LOADING]: Creating FMLModContainer instance for org.sinytra.connector.mod.ConnectorMod
[24Jul2025 19:23:35.975] [main/DEBUG] [net.minecraftforge.fml.javafmlmod.FMLJavaModLanguageProvider/LOADING]: Loading FMLModContainer from classloader cpw.mods.modlauncher.TransformingClassLoader@2e2f20b8 - got cpw.mods.cl.ModuleClassLoader@4fc3c165
[24Jul2025 19:23:35.975] [main/DEBUG] [net.minecraftforge.fml.javafmlmod.FMLModContainer/LOADING]: Creating FMLModContainer instance for net.fabricmc.fabric.impl.biome.BiomeApiImpl
[24Jul2025 19:23:35.976] [main/DEBUG] [net.minecraftforge.fml.javafmlmod.FMLJavaModLanguageProvider/LOADING]: Loading FMLModContainer from classloader cpw.mods.modlauncher.TransformingClassLoader@2e2f20b8 - got cpw.mods.cl.ModuleClassLoader@4fc3c165
[24Jul2025 19:23:35.976] [main/DEBUG] [net.minecraftforge.fml.javafmlmod.FMLModContainer/LOADING]: Creating FMLModContainer instance for net.fabricmc.fabric.impl.entity.event.EntityEventsImpl
[24Jul2025 19:23:35.976] [main/DEBUG] [net.minecraftforge.fml.javafmlmod.FMLJavaModLanguageProvider/LOADING]: Loading FMLModContainer from classloader cpw.mods.modlauncher.TransformingClassLoader@2e2f20b8 - got cpw.mods.cl.ModuleClassLoader@4fc3c165
[24Jul2025 19:23:35.976] [main/DEBUG] [net.minecraftforge.fml.javafmlmod.FMLModContainer/LOADING]: Creating FMLModContainer instance for net.mcreator.antlers.AntlersMod
[24Jul2025 19:23:35.977] [main/DEBUG] [net.minecraftforge.fml.javafmlmod.FMLJavaModLanguageProvider/LOADING]: Loading FMLModContainer from classloader cpw.mods.modlauncher.TransformingClassLoader@2e2f20b8 - got cpw.mods.cl.ModuleClassLoader@4fc3c165
[24Jul2025 19:23:35.977] [main/DEBUG] [net.minecraftforge.fml.javafmlmod.FMLModContainer/LOADING]: Creating FMLModContainer instance for net.fabricmc.fabric.impl.registry.sync.FabricRegistryInit
[24Jul2025 19:23:35.977] [main/DEBUG] [net.minecraftforge.fml.javafmlmod.FMLJavaModLanguageProvider/LOADING]: Loading FMLModContainer from classloader cpw.mods.modlauncher.TransformingClassLoader@2e2f20b8 - got cpw.mods.cl.ModuleClassLoader@4fc3c165
[24Jul2025 19:23:35.977] [main/DEBUG] [net.minecraftforge.fml.javafmlmod.FMLModContainer/LOADING]: Creating FMLModContainer instance for net.mcreator.vapor.BwrtherainMod
[24Jul2025 19:23:35.978] [main/DEBUG] [net.minecraftforge.fml.javafmlmod.FMLJavaModLanguageProvider/LOADING]: Loading FMLModContainer from classloader cpw.mods.modlauncher.TransformingClassLoader@2e2f20b8 - got cpw.mods.cl.ModuleClassLoader@4fc3c165
[24Jul2025 19:23:35.978] [main/DEBUG] [net.minecraftforge.fml.javafmlmod.FMLModContainer/LOADING]: Creating FMLModContainer instance for net.fabricmc.fabric.impl.recipe.ingredient.RecipesImpl
[24Jul2025 19:23:35.979] [main/DEBUG] [net.minecraftforge.fml.javafmlmod.FMLJavaModLanguageProvider/LOADING]: Loading FMLModContainer from classloader cpw.mods.modlauncher.TransformingClassLoader@2e2f20b8 - got cpw.mods.cl.ModuleClassLoader@4fc3c165
[24Jul2025 19:23:35.979] [main/DEBUG] [net.minecraftforge.fml.javafmlmod.FMLModContainer/LOADING]: Creating FMLModContainer instance for net.fabricmc.fabric.impl.loot.LootImpl
[24Jul2025 19:23:35.979] [main/DEBUG] [net.minecraftforge.fml.javafmlmod.FMLJavaModLanguageProvider/LOADING]: Loading FMLModContainer from classloader cpw.mods.modlauncher.TransformingClassLoader@2e2f20b8 - got cpw.mods.cl.ModuleClassLoader@4fc3c165
[24Jul2025 19:23:35.979] [main/DEBUG] [net.minecraftforge.fml.javafmlmod.FMLModContainer/LOADING]: Creating FMLModContainer instance for net.fabricmc.fabric.impl.object.builder.ObjectBuilderApiImpl
[24Jul2025 19:23:35.979] [main/DEBUG] [net.minecraftforge.fml.javafmlmod.FMLJavaModLanguageProvider/LOADING]: Loading FMLModContainer from classloader cpw.mods.modlauncher.TransformingClassLoader@2e2f20b8 - got cpw.mods.cl.ModuleClassLoader@4fc3c165
[24Jul2025 19:23:35.979] [main/DEBUG] [net.minecraftforge.fml.javafmlmod.FMLModContainer/LOADING]: Creating FMLModContainer instance for net.fabricmc.fabric.impl.rendering.data.RenderingDataAttachmentImpl
[24Jul2025 19:23:35.980] [main/DEBUG] [net.minecraftforge.fml.javafmlmod.FMLJavaModLanguageProvider/LOADING]: Loading FMLModContainer from classloader cpw.mods.modlauncher.TransformingClassLoader@2e2f20b8 - got cpw.mods.cl.ModuleClassLoader@4fc3c165
[24Jul2025 19:23:35.980] [main/DEBUG] [net.minecraftforge.fml.javafmlmod.FMLModContainer/LOADING]: Creating FMLModContainer instance for net.mcreator.itsnotreal.ItsnotrealMod
[24Jul2025 19:23:35.980] [main/DEBUG] [net.minecraftforge.fml.javafmlmod.FMLJavaModLanguageProvider/LOADING]: Loading FMLModContainer from classloader cpw.mods.modlauncher.TransformingClassLoader@2e2f20b8 - got cpw.mods.cl.ModuleClassLoader@4fc3c165
[24Jul2025 19:23:35.980] [main/DEBUG] [net.minecraftforge.fml.javafmlmod.FMLModContainer/LOADING]: Creating FMLModContainer instance for net.mcreator.theanomaly.TheAnomalyMod
[24Jul2025 19:23:35.981] [main/DEBUG] [net.minecraftforge.fml.javafmlmod.FMLJavaModLanguageProvider/LOADING]: Loading FMLModContainer from classloader cpw.mods.modlauncher.TransformingClassLoader@2e2f20b8 - got cpw.mods.cl.ModuleClassLoader@4fc3c165
[24Jul2025 19:23:35.981] [main/DEBUG] [net.minecraftforge.fml.javafmlmod.FMLModContainer/LOADING]: Creating FMLModContainer instance for net.fabricmc.fabric.impl.networking.NetworkingImpl
[24Jul2025 19:23:35.981] [main/DEBUG] [net.minecraftforge.fml.javafmlmod.FMLJavaModLanguageProvider/LOADING]: Loading FMLModContainer from classloader cpw.mods.modlauncher.TransformingClassLoader@2e2f20b8 - got cpw.mods.cl.ModuleClassLoader@4fc3c165
[24Jul2025 19:23:35.981] [main/DEBUG] [net.minecraftforge.fml.javafmlmod.FMLModContainer/LOADING]: Creating FMLModContainer instance for net.fabricmc.fabric.impl.client.sound.SoundsImpl
[24Jul2025 19:23:35.982] [main/DEBUG] [net.minecraftforge.fml.javafmlmod.FMLJavaModLanguageProvider/LOADING]: Loading FMLModContainer from classloader cpw.mods.modlauncher.TransformingClassLoader@2e2f20b8 - got cpw.mods.cl.ModuleClassLoader@4fc3c165
[24Jul2025 19:23:35.982] [main/DEBUG] [net.minecraftforge.fml.javafmlmod.FMLModContainer/LOADING]: Creating FMLModContainer instance for com.modrinth.EuloLapn.ModrinthWrapper
[24Jul2025 19:23:35.982] [main/DEBUG] [net.minecraftforge.fml.javafmlmod.FMLJavaModLanguageProvider/LOADING]: Loading FMLModContainer from classloader cpw.mods.modlauncher.TransformingClassLoader@2e2f20b8 - got cpw.mods.cl.ModuleClassLoader@4fc3c165
[24Jul2025 19:23:35.982] [main/DEBUG] [net.minecraftforge.fml.javafmlmod.FMLModContainer/LOADING]: Creating FMLModContainer instance for net.fabricmc.fabric.impl.message.MessagesImpl
[24Jul2025 19:23:35.982] [main/DEBUG] [net.minecraftforge.fml.javafmlmod.FMLJavaModLanguageProvider/LOADING]: Loading FMLModContainer from classloader cpw.mods.modlauncher.TransformingClassLoader@2e2f20b8 - got cpw.mods.cl.ModuleClassLoader@4fc3c165
[24Jul2025 19:23:35.983] [main/DEBUG] [net.minecraftforge.fml.javafmlmod.FMLModContainer/LOADING]: Creating FMLModContainer instance for net.mcreator.nomoon.NoMoonMod
[24Jul2025 19:23:35.983] [main/DEBUG] [net.minecraftforge.fml.javafmlmod.FMLJavaModLanguageProvider/LOADING]: Loading FMLModContainer from classloader cpw.mods.modlauncher.TransformingClassLoader@2e2f20b8 - got cpw.mods.cl.ModuleClassLoader@4fc3c165
[24Jul2025 19:23:35.983] [main/DEBUG] [net.minecraftforge.fml.javafmlmod.FMLModContainer/LOADING]: Creating FMLModContainer instance for net.fabricmc.fabric.impl.event.lifecycle.LifecycleEventsImpl
[24Jul2025 19:23:35.984] [main/DEBUG] [net.minecraftforge.fml.javafmlmod.FMLJavaModLanguageProvider/LOADING]: Loading FMLModContainer from classloader cpw.mods.modlauncher.TransformingClassLoader@2e2f20b8 - got cpw.mods.cl.ModuleClassLoader@4fc3c165
[24Jul2025 19:23:35.984] [main/DEBUG] [net.minecraftforge.fml.javafmlmod.FMLModContainer/LOADING]: Creating FMLModContainer instance for net.lionarius.skinrestorer.forge.SkinRestorerForge
[24Jul2025 19:23:35.984] [main/DEBUG] [net.minecraftforge.fml.javafmlmod.FMLJavaModLanguageProvider/LOADING]: Loading FMLModContainer from classloader cpw.mods.modlauncher.TransformingClassLoader@2e2f20b8 - got cpw.mods.cl.ModuleClassLoader@4fc3c165
[24Jul2025 19:23:35.984] [main/DEBUG] [net.minecraftforge.fml.javafmlmod.FMLModContainer/LOADING]: Creating FMLModContainer instance for net.fabricmc.fabric.impl.datagen.FabricDatagenImpl
[24Jul2025 19:23:35.985] [main/DEBUG] [net.minecraftforge.fml.javafmlmod.FMLJavaModLanguageProvider/LOADING]: Loading FMLModContainer from classloader cpw.mods.modlauncher.TransformingClassLoader@2e2f20b8 - got cpw.mods.cl.ModuleClassLoader@4fc3c165
[24Jul2025 19:23:35.985] [main/DEBUG] [net.minecraftforge.fml.javafmlmod.FMLModContainer/LOADING]: Creating FMLModContainer instance for net.fabricmc.fabric.impl.event.interaction.InteractionEventsRouter
[24Jul2025 19:23:35.986] [main/DEBUG] [net.minecraftforge.fml.javafmlmod.FMLJavaModLanguageProvider/LOADING]: Loading FMLModContainer from classloader cpw.mods.modlauncher.TransformingClassLoader@2e2f20b8 - got cpw.mods.cl.ModuleClassLoader@4fc3c165
[24Jul2025 19:23:35.986] [main/DEBUG] [net.minecraftforge.fml.javafmlmod.FMLModContainer/LOADING]: Creating FMLModContainer instance for net.fabricmc.fabric.impl.client.keybinding.KeyBindingMod
[24Jul2025 19:23:35.986] [main/DEBUG] [net.minecraftforge.fml.javafmlmod.FMLJavaModLanguageProvider/LOADING]: Loading FMLModContainer from classloader cpw.mods.modlauncher.TransformingClassLoader@2e2f20b8 - got cpw.mods.cl.ModuleClassLoader@4fc3c165
[24Jul2025 19:23:35.986] [main/DEBUG] [net.minecraftforge.fml.javafmlmod.FMLModContainer/LOADING]: Creating FMLModContainer instance for net.fabricmc.fabric.impl.tag.client.ClientTagsImpl
[24Jul2025 19:23:35.999] [modloading-worker-0/DEBUG] [net.minecraftforge.fml.javafmlmod.AutomaticEventSubscriber/LOADING]: Attempting to inject @EventBusSubscriber classes into the eventbus for fabric_dimensions_v1
[24Jul2025 19:23:36.001] [modloading-worker-0/DEBUG] [net.minecraftforge.fml.javafmlmod.AutomaticEventSubscriber/LOADING]: Attempting to inject @EventBusSubscriber classes into the eventbus for kuma_api
[24Jul2025 19:23:36.001] [modloading-worker-0/DEBUG] [net.minecraftforge.fml.javafmlmod.AutomaticEventSubscriber/LOADING]: Attempting to inject @EventBusSubscriber classes into the eventbus for fabric_renderer_api_v1
[24Jul2025 19:23:36.013] [modloading-worker-0/DEBUG] [net.minecraftforge.fml.javafmlmod.AutomaticEventSubscriber/LOADING]: Attempting to inject @EventBusSubscriber classes into the eventbus for fabric_transfer_api_v1
[24Jul2025 19:23:36.014] [modloading-worker-0/DEBUG] [net.minecraftforge.fml.javafmlmod.AutomaticEventSubscriber/LOADING]: Attempting to inject @EventBusSubscriber classes into the eventbus for playeranimator
[24Jul2025 19:23:36.015] [modloading-worker-0/DEBUG] [net.minecraftforge.fml.javafmlmod.AutomaticEventSubscriber/LOADING]: Attempting to inject @EventBusSubscriber classes into the eventbus for fabric_item_api_v1
[24Jul2025 19:23:36.016] [modloading-worker-0/DEBUG] [net.minecraftforge.fml.javafmlmod.AutomaticEventSubscriber/LOADING]: Attempting to inject @EventBusSubscriber classes into the eventbus for fabric_model_loading_api_v1
[24Jul2025 19:23:36.016] [modloading-worker-0/DEBUG] [net.minecraftforge.fml.javafmlmod.AutomaticEventSubscriber/LOADING]: Attempting to inject @EventBusSubscriber classes into the eventbus for fabric_rendering_fluids_v1
[24Jul2025 19:23:36.016] [modloading-worker-0/DEBUG] [net.minecraftforge.fml.javafmlmod.AutomaticEventSubscriber/LOADING]: Attempting to inject @EventBusSubscriber classes into the eventbus for fabric_screen_handler_api_v1
[24Jul2025 19:23:36.017] [modloading-worker-0/DEBUG] [net.minecraftforge.fml.javafmlmod.AutomaticEventSubscriber/LOADING]: Attempting to inject @EventBusSubscriber classes into the eventbus for fabric_models_v0
[24Jul2025 19:23:36.018] [modloading-worker-0/DEBUG] [net.minecraftforge.fml.javafmlmod.AutomaticEventSubscriber/LOADING]: Attempting to inject @EventBusSubscriber classes into the eventbus for fabric_rendering_v1
[24Jul2025 19:23:36.022] [modloading-worker-0/DEBUG] [net.minecraftforge.fml.javafmlmod.AutomaticEventSubscriber/LOADING]: Attempting to inject @EventBusSubscriber classes into the eventbus for fabric_resource_loader_v0
[24Jul2025 19:23:36.022] [modloading-worker-0/DEBUG] [net.minecraftforge.fml.javafmlmod.AutomaticEventSubscriber/LOADING]: Attempting to inject @EventBusSubscriber classes into the eventbus for fabric_renderer_indigo
[24Jul2025 19:23:36.022] [modloading-worker-0/DEBUG] [net.minecraftforge.fml.javafmlmod.AutomaticEventSubscriber/LOADING]: Attempting to inject @EventBusSubscriber classes into the eventbus for fabric_convention_tags_v1
[24Jul2025 19:23:36.023] [modloading-worker-0/DEBUG] [net.minecraftforge.fml.javafmlmod.AutomaticEventSubscriber/LOADING]: Attempting to inject @EventBusSubscriber classes into the eventbus for fabric_mining_level_api_v1
[24Jul2025 19:23:36.021] [modloading-worker-0/INFO] [necronomicon/]: File exists, reading config for elocindev.animation_overhaul.config.AnimationsConfig.
[24Jul2025 19:23:36.024] [modloading-worker-0/DEBUG] [net.minecraftforge.fml.javafmlmod.AutomaticEventSubscriber/LOADING]: Attempting to inject @EventBusSubscriber classes into the eventbus for fabric_command_api_v1
[24Jul2025 19:23:36.068] [modloading-worker-0/INFO] [necronomicon/]: Config for elocindev.animation_overhaul.config.AnimationsConfig read successfully.
[24Jul2025 19:23:36.086] [modloading-worker-0/INFO] [necronomicon/]: File exists, reading config for elocindev.animation_overhaul.config.PlayerConfig.
[24Jul2025 19:23:36.087] [modloading-worker-0/INFO] [necronomicon/]: Config for elocindev.animation_overhaul.config.PlayerConfig read successfully.
[24Jul2025 19:23:36.089] [modloading-worker-0/INFO] [animation_overhaul/]: Animation Overhaul's Config initialized
[24Jul2025 19:23:36.090] [modloading-worker-0/DEBUG] [net.minecraftforge.fml.javafmlmod.AutomaticEventSubscriber/LOADING]: Attempting to inject @EventBusSubscriber classes into the eventbus for animation_overhaul
[24Jul2025 19:23:36.090] [modloading-worker-0/DEBUG] [net.minecraftforge.fml.javafmlmod.AutomaticEventSubscriber/LOADING]: Attempting to inject @EventBusSubscriber classes into the eventbus for fabric_block_view_api_v2
[24Jul2025 19:23:36.092] [modloading-worker-0/DEBUG] [net.minecraftforge.fml.javafmlmod.AutomaticEventSubscriber/LOADING]: Attempting to inject @EventBusSubscriber classes into the eventbus for fabric_command_api_v2
[24Jul2025 19:23:36.099] [modloading-worker-0/DEBUG] [net.minecraftforge.fml.javafmlmod.AutomaticEventSubscriber/LOADING]: Attempting to inject @EventBusSubscriber classes into the eventbus for configured
[24Jul2025 19:23:36.108] [modloading-worker-0/DEBUG] [net.minecraftforge.fml.javafmlmod.AutomaticEventSubscriber/LOADING]: Attempting to inject @EventBusSubscriber classes into the eventbus for geckolib
[24Jul2025 19:23:36.108] [modloading-worker-0/DEBUG] [net.minecraftforge.fml.javafmlmod.AutomaticEventSubscriber/LOADING]: Auto-subscribing software.bernie.example.GeckoLibMod to FORGE
[24Jul2025 19:23:36.109] [modloading-worker-0/DEBUG] [net.minecraftforge.fml.javafmlmod.AutomaticEventSubscriber/LOADING]: Auto-subscribing software.bernie.example.CommonListener to MOD
[24Jul2025 19:23:36.117] [modloading-worker-0/DEBUG] [net.minecraftforge.fml.javafmlmod.AutomaticEventSubscriber/LOADING]: Attempting to inject @EventBusSubscriber classes into the eventbus for mixinextras
[24Jul2025 19:23:36.118] [modloading-worker-0/DEBUG] [net.minecraftforge.fml.javafmlmod.AutomaticEventSubscriber/LOADING]: Attempting to inject @EventBusSubscriber classes into the eventbus for surveyor
[24Jul2025 19:23:36.133] [modloading-worker-0/DEBUG] [net.minecraftforge.fml.javafmlmod.AutomaticEventSubscriber/LOADING]: Attempting to inject @EventBusSubscriber classes into the eventbus for fabric_data_attachment_api_v1
[24Jul2025 19:23:36.134] [modloading-worker-0/DEBUG] [net.minecraftforge.fml.javafmlmod.AutomaticEventSubscriber/LOADING]: Attempting to inject @EventBusSubscriber classes into the eventbus for fabric_screen_api_v1
[24Jul2025 19:23:36.134] [modloading-worker-0/DEBUG] [net.minecraftforge.fml.javafmlmod.AutomaticEventSubscriber/LOADING]: Attempting to inject @EventBusSubscriber classes into the eventbus for antique_atlas
[24Jul2025 19:23:36.137] [modloading-worker-0/DEBUG] [net.minecraftforge.fml.javafmlmod.AutomaticEventSubscriber/LOADING]: Attempting to inject @EventBusSubscriber classes into the eventbus for cameraoverhaul
[24Jul2025 19:23:36.137] [modloading-worker-0/DEBUG] [net.minecraftforge.fml.javafmlmod.AutomaticEventSubscriber/LOADING]: Attempting to inject @EventBusSubscriber classes into the eventbus for fabric_particles_v1
[24Jul2025 19:23:36.139] [modloading-worker-0/DEBUG] [net.minecraftforge.versions.forge.ForgeVersion/CORE]: Forge Version package package net.minecraftforge.versions.forge, Forge, version 47.3 from cpw.mods.modlauncher.TransformingClassLoader@2e2f20b8
[24Jul2025 19:23:36.139] [modloading-worker-0/DEBUG] [net.minecraftforge.versions.forge.ForgeVersion/CORE]: Found Forge version 47.3.7
[24Jul2025 19:23:36.139] [modloading-worker-0/DEBUG] [net.minecraftforge.versions.forge.ForgeVersion/CORE]: Found Forge spec 47.3
[24Jul2025 19:23:36.139] [modloading-worker-0/DEBUG] [net.minecraftforge.versions.forge.ForgeVersion/CORE]: Found Forge group net.minecraftforge
[24Jul2025 19:23:36.143] [modloading-worker-0/DEBUG] [net.minecraftforge.versions.mcp.MCPVersion/CORE]: MCP Version package package net.minecraftforge.versions.mcp, Minecraft, version 1.20.1 from cpw.mods.modlauncher.TransformingClassLoader@2e2f20b8
[24Jul2025 19:23:36.143] [modloading-worker-0/DEBUG] [net.minecraftforge.versions.mcp.MCPVersion/CORE]: Found MC version information 1.20.1
[24Jul2025 19:23:36.143] [modloading-worker-0/DEBUG] [net.minecraftforge.versions.mcp.MCPVersion/CORE]: Found MCP version information 20230612.114412
[24Jul2025 19:23:36.144] [modloading-worker-0/INFO] [net.minecraftforge.common.ForgeMod/FORGEMOD]: Forge mod loading, version 47.3.7, for MC 1.20.1 with MCP 20230612.114412
[24Jul2025 19:23:36.144] [modloading-worker-0/INFO] [net.minecraftforge.common.MinecraftForge/FORGE]: MinecraftForge v47.3.7 Initialized
[24Jul2025 19:23:36.162] [modloading-worker-0/DEBUG] [net.minecraftforge.fml.config.ConfigTracker/CONFIG]: Config file from_the_shadows.toml for fromtheshadows tracking
[24Jul2025 19:23:36.237] [modloading-worker-0/DEBUG] [net.minecraftforge.fml.javafmlmod.AutomaticEventSubscriber/LOADING]: Attempting to inject @EventBusSubscriber classes into the eventbus for fromtheshadows
[24Jul2025 19:23:36.238] [modloading-worker-0/DEBUG] [net.minecraftforge.fml.javafmlmod.AutomaticEventSubscriber/LOADING]: Auto-subscribing net.sonmok14.fromtheshadows.server.world.biome.FTSWorldRegistry to MOD
[24Jul2025 19:23:36.241] [modloading-worker-0/DEBUG] [net.minecraftforge.fml.javafmlmod.AutomaticEventSubscriber/LOADING]: Auto-subscribing net.sonmok14.fromtheshadows.server.utils.registry.SoundRegistry to MOD
[24Jul2025 19:23:36.241] [modloading-worker-0/DEBUG] [net.minecraftforge.fml.javafmlmod.AutomaticEventSubscriber/LOADING]: Auto-subscribing net.sonmok14.fromtheshadows.server.utils.registry.EntityRegistry to MOD
[24Jul2025 19:23:36.243] [modloading-worker-0/DEBUG] [net.minecraftforge.fml.javafmlmod.AutomaticEventSubscriber/LOADING]: Auto-subscribing net.sonmok14.fromtheshadows.server.utils.event.EntityEvent to FORGE
[24Jul2025 19:23:36.255] [modloading-worker-0/DEBUG] [net.minecraftforge.fml.javafmlmod.AutomaticEventSubscriber/LOADING]: Attempting to inject @EventBusSubscriber classes into the eventbus for fabric_api
[24Jul2025 19:23:36.264] [modloading-worker-0/DEBUG] [net.minecraftforge.fml.javafmlmod.AutomaticEventSubscriber/LOADING]: Attempting to inject @EventBusSubscriber classes into the eventbus for fabric_content_registries_v0
[24Jul2025 19:23:36.265] [modloading-worker-0/DEBUG] [mixin/]: Mixing accessor.CustomPayloadC2SPacketAccessor from fabric-networking-api-v1.mixins.json into net.minecraft.network.protocol.game.ServerboundCustomPayloadPacket
[24Jul2025 19:23:36.265] [modloading-worker-0/DEBUG] [mixin/]: fabric-networking-api-v1.mixins.json:accessor.CustomPayloadC2SPacketAccessor from mod fabric_networking_api_v1: Class version 61 required is higher than the class version supported by the current version of Mixin (JAVA_16 supports class version 60)
[24Jul2025 19:23:36.268] [modloading-worker-0/DEBUG] [net.minecraftforge.fml.config.ConfigTracker/CONFIG]: Config file nyfsspiders.toml for nyfsspiders tracking
[24Jul2025 19:23:36.272] [modloading-worker-0/DEBUG] [mixin/]: Mixing accessor.LoginQueryResponseC2SPacketAccessor from fabric-networking-api-v1.mixins.json into net.minecraft.network.protocol.login.ServerboundCustomQueryPacket
[24Jul2025 19:23:36.272] [modloading-worker-0/DEBUG] [mixin/]: fabric-networking-api-v1.mixins.json:accessor.LoginQueryResponseC2SPacketAccessor from mod fabric_networking_api_v1: Class version 61 required is higher than the class version supported by the current version of Mixin (JAVA_16 supports class version 60)
[24Jul2025 19:23:36.300] [modloading-worker-0/DEBUG] [net.minecraftforge.fml.javafmlmod.AutomaticEventSubscriber/LOADING]: Attempting to inject @EventBusSubscriber classes into the eventbus for nyfsspiders
[24Jul2025 19:23:36.300] [modloading-worker-0/DEBUG] [net.minecraftforge.fml.javafmlmod.AutomaticEventSubscriber/LOADING]: Auto-subscribing com.nyfaria.nyfsspiders.NyfsSpiders to MOD
[24Jul2025 19:23:36.303] [modloading-worker-0/DEBUG] [mixin/]: Mixing DataGeneratorMixin from fabric-data-generation-api-v1.mixins.json into net.minecraft.data.DataGenerator
[24Jul2025 19:23:36.303] [modloading-worker-0/DEBUG] [mixin/]: fabric-data-generation-api-v1.mixins.json:DataGeneratorMixin from mod fabric_data_generation_api_v1: Class version 61 required is higher than the class version supported by the current version of Mixin (JAVA_16 supports class version 60)
[24Jul2025 19:23:36.307] [modloading-worker-0/DEBUG] [net.minecraftforge.fml.config.ConfigTracker/CONFIG]: Config file waystones-common.toml for waystones tracking
[24Jul2025 19:23:36.317] [modloading-worker-0/DEBUG] [net.minecraftforge.fml.config.ConfigTracker/CONFIG]: Config file balm-client.toml for balm tracking
[24Jul2025 19:23:36.334] [modloading-worker-0/DEBUG] [io.netty.util.internal.PlatformDependent0/]: -Dio.netty.noUnsafe: false
[24Jul2025 19:23:36.334] [modloading-worker-0/DEBUG] [io.netty.util.internal.PlatformDependent0/]: Java version: 17
[24Jul2025 19:23:36.335] [modloading-worker-0/DEBUG] [io.netty.util.internal.PlatformDependent0/]: sun.misc.Unsafe.theUnsafe: available
[24Jul2025 19:23:36.335] [modloading-worker-0/DEBUG] [net.minecraftforge.fml.config.ConfigTracker/CONFIG]: Config file balm-common.toml for balm tracking
[24Jul2025 19:23:36.337] [modloading-worker-0/DEBUG] [io.netty.util.internal.PlatformDependent0/]: sun.misc.Unsafe.copyMemory: available
[24Jul2025 19:23:36.338] [modloading-worker-0/DEBUG] [io.netty.util.internal.PlatformDependent0/]: sun.misc.Unsafe.storeFence: available
[24Jul2025 19:23:36.338] [modloading-worker-0/DEBUG] [io.netty.util.internal.PlatformDependent0/]: java.nio.Buffer.address: available
[24Jul2025 19:23:36.338] [modloading-worker-0/DEBUG] [io.netty.util.internal.PlatformDependent0/]: direct buffer constructor: unavailable
java.lang.UnsupportedOperationException: Reflective setAccessible(true) disabled
	at io.netty.util.internal.ReflectionUtil.trySetAccessible(ReflectionUtil.java:31) ~[netty-common-4.1.82.Final.jar%2382!/:4.1.82.Final]
	at io.netty.util.internal.PlatformDependent0$5.run(PlatformDependent0.java:288) ~[netty-common-4.1.82.Final.jar%2382!/:4.1.82.Final]
	at java.security.AccessController.doPrivileged(AccessController.java:318) ~[?:?]
	at io.netty.util.internal.PlatformDependent0.<clinit>(PlatformDependent0.java:282) ~[netty-common-4.1.82.Final.jar%2382!/:4.1.82.Final]
	at io.netty.util.internal.PlatformDependent.isAndroid(PlatformDependent.java:333) ~[netty-common-4.1.82.Final.jar%2382!/:4.1.82.Final]
	at io.netty.util.internal.PlatformDependent.<clinit>(PlatformDependent.java:88) ~[netty-common-4.1.82.Final.jar%2382!/:4.1.82.Final]
	at io.netty.util.ConstantPool.<init>(ConstantPool.java:34) ~[netty-common-4.1.82.Final.jar%2382!/:4.1.82.Final]
	at io.netty.util.AttributeKey$1.<init>(AttributeKey.java:27) ~[netty-common-4.1.82.Final.jar%2382!/:4.1.82.Final]
	at io.netty.util.AttributeKey.<clinit>(AttributeKey.java:27) ~[netty-common-4.1.82.Final.jar%2382!/:4.1.82.Final]
	at net.minecraftforge.network.NetworkConstants.<clinit>(NetworkConstants.java:34) ~[forge-1.20.1-47.3.7-universal.jar%23166!/:?]
	at net.minecraftforge.common.ForgeMod.<init>(ForgeMod.java:429) ~[forge-1.20.1-47.3.7-universal.jar%23166!/:?]
	at jdk.internal.reflect.NativeConstructorAccessorImpl.newInstance0(Native Method) ~[?:?]
	at jdk.internal.reflect.NativeConstructorAccessorImpl.newInstance(NativeConstructorAccessorImpl.java:77) ~[?:?]
	at jdk.internal.reflect.DelegatingConstructorAccessorImpl.newInstance(DelegatingConstructorAccessorImpl.java:45) ~[?:?]
	at java.lang.reflect.Constructor.newInstanceWithCaller(Constructor.java:500) ~[?:?]
	at java.lang.reflect.Constructor.newInstance(Constructor.java:481) ~[?:?]
	at net.minecraftforge.fml.javafmlmod.FMLModContainer.constructMod(FMLModContainer.java:70) ~[javafmllanguage-1.20.1-47.3.7.jar%23163!/:?]
	at net.minecraftforge.fml.ModContainer.lambda$buildTransitionHandler$4(ModContainer.java:124) ~[fmlcore-1.20.1-47.3.7.jar%23162!/:?]
	at java.util.concurrent.CompletableFuture$AsyncRun.run(CompletableFuture.java:1804) ~[?:?]
	at java.util.concurrent.CompletableFuture$AsyncRun.exec(CompletableFuture.java:1796) ~[?:?]
	at java.util.concurrent.ForkJoinTask.doExec(ForkJoinTask.java:373) ~[?:?]
	at java.util.concurrent.ForkJoinPool$WorkQueue.topLevelExec(ForkJoinPool.java:1182) ~[?:?]
	at java.util.concurrent.ForkJoinPool.scan(ForkJoinPool.java:1655) ~[?:?]
	at java.util.concurrent.ForkJoinPool.runWorker(ForkJoinPool.java:1622) ~[?:?]
	at java.util.concurrent.ForkJoinWorkerThread.run(ForkJoinWorkerThread.java:165) ~[?:?]
[24Jul2025 19:23:36.339] [modloading-worker-0/DEBUG] [io.netty.util.internal.PlatformDependent0/]: java.nio.Bits.unaligned: available, true
[24Jul2025 19:23:36.343] [modloading-worker-0/DEBUG] [io.netty.util.internal.PlatformDependent0/]: jdk.internal.misc.Unsafe.allocateUninitializedArray(int): unavailable
java.lang.IllegalAccessException: class io.netty.util.internal.PlatformDependent0$7 (in module io.netty.common) cannot access class jdk.internal.misc.Unsafe (in module java.base) because module java.base does not export jdk.internal.misc to module io.netty.common
	at jdk.internal.reflect.Reflection.newIllegalAccessException(Reflection.java:392) ~[?:?]
	at java.lang.reflect.AccessibleObject.checkAccess(AccessibleObject.java:674) ~[?:?]
	at java.lang.reflect.Method.invoke(Method.java:561) ~[?:?]
	at io.netty.util.internal.PlatformDependent0$7.run(PlatformDependent0.java:410) ~[netty-common-4.1.82.Final.jar%2382!/:4.1.82.Final]
	at java.security.AccessController.doPrivileged(AccessController.java:318) ~[?:?]
	at io.netty.util.internal.PlatformDependent0.<clinit>(PlatformDependent0.java:401) ~[netty-common-4.1.82.Final.jar%2382!/:4.1.82.Final]
	at io.netty.util.internal.PlatformDependent.isAndroid(PlatformDependent.java:333) ~[netty-common-4.1.82.Final.jar%2382!/:4.1.82.Final]
	at io.netty.util.internal.PlatformDependent.<clinit>(PlatformDependent.java:88) ~[netty-common-4.1.82.Final.jar%2382!/:4.1.82.Final]
	at io.netty.util.ConstantPool.<init>(ConstantPool.java:34) ~[netty-common-4.1.82.Final.jar%2382!/:4.1.82.Final]
	at io.netty.util.AttributeKey$1.<init>(AttributeKey.java:27) ~[netty-common-4.1.82.Final.jar%2382!/:4.1.82.Final]
	at io.netty.util.AttributeKey.<clinit>(AttributeKey.java:27) ~[netty-common-4.1.82.Final.jar%2382!/:4.1.82.Final]
	at net.minecraftforge.network.NetworkConstants.<clinit>(NetworkConstants.java:34) ~[forge-1.20.1-47.3.7-universal.jar%23166!/:?]
	at net.minecraftforge.common.ForgeMod.<init>(ForgeMod.java:429) ~[forge-1.20.1-47.3.7-universal.jar%23166!/:?]
	at jdk.internal.reflect.NativeConstructorAccessorImpl.newInstance0(Native Method) ~[?:?]
	at jdk.internal.reflect.NativeConstructorAccessorImpl.newInstance(NativeConstructorAccessorImpl.java:77) ~[?:?]
	at jdk.internal.reflect.DelegatingConstructorAccessorImpl.newInstance(DelegatingConstructorAccessorImpl.java:45) ~[?:?]
	at java.lang.reflect.Constructor.newInstanceWithCaller(Constructor.java:500) ~[?:?]
	at java.lang.reflect.Constructor.newInstance(Constructor.java:481) ~[?:?]
	at net.minecraftforge.fml.javafmlmod.FMLModContainer.constructMod(FMLModContainer.java:70) ~[javafmllanguage-1.20.1-47.3.7.jar%23163!/:?]
	at net.minecraftforge.fml.ModContainer.lambda$buildTransitionHandler$4(ModContainer.java:124) ~[fmlcore-1.20.1-47.3.7.jar%23162!/:?]
	at java.util.concurrent.CompletableFuture$AsyncRun.run(CompletableFuture.java:1804) ~[?:?]
	at java.util.concurrent.CompletableFuture$AsyncRun.exec(CompletableFuture.java:1796) ~[?:?]
	at java.util.concurrent.ForkJoinTask.doExec(ForkJoinTask.java:373) ~[?:?]
	at java.util.concurrent.ForkJoinPool$WorkQueue.topLevelExec(ForkJoinPool.java:1182) ~[?:?]
	at java.util.concurrent.ForkJoinPool.scan(ForkJoinPool.java:1655) ~[?:?]
	at java.util.concurrent.ForkJoinPool.runWorker(ForkJoinPool.java:1622) ~[?:?]
	at java.util.concurrent.ForkJoinWorkerThread.run(ForkJoinWorkerThread.java:165) ~[?:?]
[24Jul2025 19:23:36.344] [modloading-worker-0/DEBUG] [io.netty.util.internal.PlatformDependent0/]: java.nio.DirectByteBuffer.<init>(long, int): unavailable
[24Jul2025 19:23:36.344] [modloading-worker-0/DEBUG] [io.netty.util.internal.PlatformDependent/]: sun.misc.Unsafe: available
[24Jul2025 19:23:36.344] [modloading-worker-0/DEBUG] [io.netty.util.internal.PlatformDependent/]: maxDirectMemory: 17179869184 bytes (maybe)
[24Jul2025 19:23:36.345] [modloading-worker-0/DEBUG] [io.netty.util.internal.PlatformDependent/]: -Dio.netty.tmpdir: /tmp (java.io.tmpdir)
[24Jul2025 19:23:36.345] [modloading-worker-0/DEBUG] [io.netty.util.internal.PlatformDependent/]: -Dio.netty.bitMode: 64 (sun.arch.data.model)
[24Jul2025 19:23:36.345] [modloading-worker-0/DEBUG] [io.netty.util.internal.PlatformDependent/]: -Dio.netty.maxDirectMemory: -1 bytes
[24Jul2025 19:23:36.345] [modloading-worker-0/DEBUG] [io.netty.util.internal.PlatformDependent/]: -Dio.netty.uninitializedArrayAllocationThreshold: -1
[24Jul2025 19:23:36.350] [modloading-worker-0/DEBUG] [io.netty.util.internal.CleanerJava9/]: java.nio.ByteBuffer.cleaner(): available
[24Jul2025 19:23:36.350] [modloading-worker-0/DEBUG] [io.netty.util.internal.PlatformDependent/]: -Dio.netty.noPreferDirect: false
[24Jul2025 19:23:36.351] [modloading-worker-0/DEBUG] [net.minecraftforge.fml.javafmlmod.AutomaticEventSubscriber/LOADING]: Attempting to inject @EventBusSubscriber classes into the eventbus for balm
[24Jul2025 19:23:36.361] [modloading-worker-0/DEBUG] [mixin/]: Mixing network.HandshakeHandlerMixin from connectormod.mixins.json into net.minecraftforge.network.HandshakeHandler
[24Jul2025 19:23:36.384] [modloading-worker-0/DEBUG] [net.minecraftforge.fml.javafmlmod.AutomaticEventSubscriber/LOADING]: Attempting to inject @EventBusSubscriber classes into the eventbus for befalltwo
[24Jul2025 19:23:36.384] [modloading-worker-0/DEBUG] [net.minecraftforge.fml.javafmlmod.AutomaticEventSubscriber/LOADING]: Auto-subscribing net.mcreator.befalltwo.procedures.PlayerTickUpdateTwoProcedure to FORGE
[24Jul2025 19:23:36.386] [modloading-worker-0/DEBUG] [net.minecraftforge.fml.javafmlmod.AutomaticEventSubscriber/LOADING]: Auto-subscribing net.mcreator.befalltwo.procedures.PlayerTickUpdateProcedure to FORGE
[24Jul2025 19:23:36.393] [modloading-worker-0/DEBUG] [net.minecraftforge.fml.javafmlmod.AutomaticEventSubscriber/LOADING]: Auto-subscribing net.mcreator.befalltwo.procedures.PlayerTickUpdate2Procedure to FORGE
[24Jul2025 19:23:36.397] [modloading-worker-0/DEBUG] [net.minecraftforge.fml.javafmlmod.AutomaticEventSubscriber/LOADING]: Auto-subscribing net.mcreator.befalltwo.procedures.PlayerTickUpdate1Procedure to FORGE
[24Jul2025 19:23:36.399] [modloading-worker-0/DEBUG] [net.minecraftforge.fml.javafmlmod.AutomaticEventSubscriber/LOADING]: Auto-subscribing net.mcreator.befalltwo.network.BefalltwoModVariables to MOD
[24Jul2025 19:23:36.399] [modloading-worker-0/DEBUG] [net.minecraftforge.fml.javafmlmod.AutomaticEventSubscriber/LOADING]: Auto-subscribing net.mcreator.befalltwo.network.BefalltwoModVariables$EventBusVariableHandlers to FORGE
[24Jul2025 19:23:36.408] [modloading-worker-0/DEBUG] [net.minecraftforge.fml.javafmlmod.AutomaticEventSubscriber/LOADING]: Auto-subscribing net.mcreator.befalltwo.init.EntityAnimationFactory to FORGE
[24Jul2025 19:23:36.408] [modloading-worker-0/DEBUG] [net.minecraftforge.common.ForgeMod/FORGEMOD]: Loading Network data for FML net version: FML3
[24Jul2025 19:23:36.409] [modloading-worker-0/DEBUG] [net.minecraftforge.fml.javafmlmod.AutomaticEventSubscriber/LOADING]: Auto-subscribing net.mcreator.befalltwo.init.BefalltwoModEntities to MOD
[24Jul2025 19:23:36.453] [modloading-worker-0/DEBUG] [net.minecraftforge.fml.config.ConfigTracker/CONFIG]: Config file forge-client.toml for forge tracking
[24Jul2025 19:23:36.453] [modloading-worker-0/DEBUG] [net.minecraftforge.fml.config.ConfigTracker/CONFIG]: Config file forge-server.toml for forge tracking
[24Jul2025 19:23:36.454] [modloading-worker-0/DEBUG] [net.minecraftforge.fml.ModLoadingContext/]: Attempted to register an empty config for type COMMON on mod forge
[24Jul2025 19:23:36.463] [modloading-worker-0/DEBUG] [mixin/]: Mixing JsonDataLoaderMixin from fabric-resource-conditions-api-v1.mixins.json into net.minecraft.server.packs.resources.SimpleJsonResourceReloadListener
[24Jul2025 19:23:36.463] [modloading-worker-0/DEBUG] [mixin/]: fabric-resource-conditions-api-v1.mixins.json:JsonDataLoaderMixin from mod fabric_resource_conditions_api_v1: Class version 61 required is higher than the class version supported by the current version of Mixin (JAVA_16 supports class version 60)
[24Jul2025 19:23:36.470] [modloading-worker-0/DEBUG] [mixin/]: Mixing SinglePreparationResourceReloaderMixin from fabric-resource-conditions-api-v1.mixins.json into net.minecraft.server.packs.resources.SimplePreparableReloadListener
[24Jul2025 19:23:36.470] [modloading-worker-0/DEBUG] [mixin/]: fabric-resource-conditions-api-v1.mixins.json:SinglePreparationResourceReloaderMixin from mod fabric_resource_conditions_api_v1: Class version 61 required is higher than the class version supported by the current version of Mixin (JAVA_16 supports class version 60)
[24Jul2025 19:23:36.471] [modloading-worker-0/DEBUG] [mixin/]: fabric-resource-conditions-api-v1.mixins.json:SinglePreparationResourceReloaderMixin from mod fabric_resource_conditions_api_v1->@Inject::applyResourceConditions(Lnet/minecraft/server/packs/resources/ResourceManager;Lnet/minecraft/util/profiling/ProfilerFiller;Ljava/lang/Object;Lorg/spongepowered/asm/mixin/injection/callback/CallbackInfo;)V doesn't use it's CallbackInfo
[24Jul2025 19:23:36.471] [modloading-worker-0/DEBUG] [mixin/]: fabric-resource-conditions-api-v1.mixins.json:SinglePreparationResourceReloaderMixin from mod fabric_resource_conditions_api_v1->@Inject::applyResourceConditions(Lnet/minecraft/server/packs/resources/ResourceManager;Lnet/minecraft/util/profiling/ProfilerFiller;Ljava/lang/Object;Lorg/spongepowered/asm/mixin/injection/callback/CallbackInfo;)V has 0 override(s) in child classes
[24Jul2025 19:23:36.471] [modloading-worker-0/DEBUG] [mixin/]: fabric-resource-conditions-api-v1.mixins.json:SinglePreparationResourceReloaderMixin from mod fabric_resource_conditions_api_v1->@Inject::applyResourceConditions(Lnet/minecraft/server/packs/resources/ResourceManager;Lnet/minecraft/util/profiling/ProfilerFiller;Ljava/lang/Object;Lorg/spongepowered/asm/mixin/injection/callback/CallbackInfo;)V won't be passed a CallbackInfo as a result
[24Jul2025 19:23:36.476] [modloading-worker-0/DEBUG] [net.minecraftforge.fml.javafmlmod.AutomaticEventSubscriber/LOADING]: Attempting to inject @EventBusSubscriber classes into the eventbus for waystones
[24Jul2025 19:23:36.477] [modloading-worker-0/DEBUG] [mixin/]: Mixing ReloadableServerResourcesMixin from balm.mixins.json into net.minecraft.server.ReloadableServerResources
[24Jul2025 19:23:36.478] [modloading-worker-0/DEBUG] [net.minecraftforge.fml.javafmlmod.AutomaticEventSubscriber/LOADING]: Attempting to inject @EventBusSubscriber classes into the eventbus for fabric_game_rule_api_v1
[24Jul2025 19:23:36.478] [modloading-worker-0/DEBUG] [mixin/]: Renaming synthetic method lambda$loadResources$0(Lnet/minecraft/server/ReloadableServerResources;)V to mdc49e9e$balm$lambda$loadResources$0$0 in balm.mixins.json:ReloadableServerResourcesMixin from mod balm
[24Jul2025 19:23:36.478] [modloading-worker-0/DEBUG] [net.minecraftforge.fml.javafmlmod.AutomaticEventSubscriber/LOADING]: Attempting to inject @EventBusSubscriber classes into the eventbus for fabric_api_base
[24Jul2025 19:23:36.478] [modloading-worker-0/DEBUG] [mixin/]: Mixing DataPackContentsMixin from fabric-resource-conditions-api-v1.mixins.json into net.minecraft.server.ReloadableServerResources
[24Jul2025 19:23:36.478] [modloading-worker-0/DEBUG] [mixin/]: fabric-resource-conditions-api-v1.mixins.json:DataPackContentsMixin from mod fabric_resource_conditions_api_v1: Class version 61 required is higher than the class version supported by the current version of Mixin (JAVA_16 supports class version 60)
[24Jul2025 19:23:36.478] [modloading-worker-0/INFO] [necronomicon/]: Necronomicon Initialized
[24Jul2025 19:23:36.479] [modloading-worker-0/DEBUG] [mixin/]: Mixing DataPackContentsMixin from fabric-lifecycle-events-v1.mixins.json into net.minecraft.server.ReloadableServerResources
[24Jul2025 19:23:36.481] [modloading-worker-0/DEBUG] [mixin/]: balm.mixins.json:ReloadableServerResourcesMixin from mod balm->@Inject::loadResources(Lnet/minecraft/server/packs/resources/ResourceManager;Lnet/minecraft/core/RegistryAccess$Frozen;Lnet/minecraft/world/flag/FeatureFlagSet;Lnet/minecraft/commands/Commands$CommandSelection;ILjava/util/concurrent/Executor;Ljava/util/concurrent/Executor;Lorg/spongepowered/asm/mixin/injection/callback/CallbackInfoReturnable;)V does use it's CallbackInfoReturnable
[24Jul2025 19:23:36.482] [modloading-worker-0/DEBUG] [mixin/]: fabric-resource-conditions-api-v1.mixins.json:DataPackContentsMixin from mod fabric_resource_conditions_api_v1->@Inject::hookRefresh(Lnet/minecraft/core/RegistryAccess;Lorg/spongepowered/asm/mixin/injection/callback/CallbackInfo;)V doesn't use it's CallbackInfo
[24Jul2025 19:23:36.482] [modloading-worker-0/DEBUG] [mixin/]: fabric-resource-conditions-api-v1.mixins.json:DataPackContentsMixin from mod fabric_resource_conditions_api_v1->@Inject::hookRefresh(Lnet/minecraft/core/RegistryAccess;Lorg/spongepowered/asm/mixin/injection/callback/CallbackInfo;)V has 0 override(s) in child classes
[24Jul2025 19:23:36.482] [modloading-worker-0/DEBUG] [mixin/]: fabric-resource-conditions-api-v1.mixins.json:DataPackContentsMixin from mod fabric_resource_conditions_api_v1->@Inject::hookRefresh(Lnet/minecraft/core/RegistryAccess;Lorg/spongepowered/asm/mixin/injection/callback/CallbackInfo;)V won't be passed a CallbackInfo as a result
[24Jul2025 19:23:36.482] [modloading-worker-0/DEBUG] [mixin/]: fabric-resource-conditions-api-v1.mixins.json:DataPackContentsMixin from mod fabric_resource_conditions_api_v1->@Inject::hookReload(Lnet/minecraft/server/packs/resources/ResourceManager;Lnet/minecraft/core/RegistryAccess$Frozen;Lnet/minecraft/world/flag/FeatureFlagSet;Lnet/minecraft/commands/Commands$CommandSelection;ILjava/util/concurrent/Executor;Ljava/util/concurrent/Executor;Lorg/spongepowered/asm/mixin/injection/callback/CallbackInfoReturnable;)V doesn't use it's CallbackInfoReturnable
[24Jul2025 19:23:36.482] [modloading-worker-0/DEBUG] [mixin/]: fabric-lifecycle-events-v1.mixins.json:DataPackContentsMixin from mod fabric_lifecycle_events_v1->@Inject::hookRefresh(Lnet/minecraft/core/RegistryAccess;Lorg/spongepowered/asm/mixin/injection/callback/CallbackInfo;)V doesn't use it's CallbackInfo
[24Jul2025 19:23:36.482] [modloading-worker-0/DEBUG] [mixin/]: fabric-lifecycle-events-v1.mixins.json:DataPackContentsMixin from mod fabric_lifecycle_events_v1->@Inject::hookRefresh(Lnet/minecraft/core/RegistryAccess;Lorg/spongepowered/asm/mixin/injection/callback/CallbackInfo;)V has 0 override(s) in child classes
[24Jul2025 19:23:36.482] [modloading-worker-0/DEBUG] [mixin/]: fabric-lifecycle-events-v1.mixins.json:DataPackContentsMixin from mod fabric_lifecycle_events_v1->@Inject::hookRefresh(Lnet/minecraft/core/RegistryAccess;Lorg/spongepowered/asm/mixin/injection/callback/CallbackInfo;)V won't be passed a CallbackInfo as a result
[24Jul2025 19:23:36.486] [modloading-worker-0/INFO] [necronomicon/]: File exists, reading config for elocindev.necronomicon.NecronomiconConfig.
[24Jul2025 19:23:36.486] [modloading-worker-0/DEBUG] [net.minecraftforge.fml.javafmlmod.AutomaticEventSubscriber/LOADING]: Attempting to inject @EventBusSubscriber classes into the eventbus for forge
[24Jul2025 19:23:36.486] [modloading-worker-0/DEBUG] [net.minecraftforge.fml.javafmlmod.AutomaticEventSubscriber/LOADING]: Auto-subscribing net.minecraftforge.common.ForgeSpawnEggItem$CommonHandler to MOD
[24Jul2025 19:23:36.487] [modloading-worker-0/INFO] [necronomicon/]: Config for elocindev.necronomicon.NecronomiconConfig read successfully.
[24Jul2025 19:23:36.489] [modloading-worker-0/DEBUG] [net.minecraftforge.fml.javafmlmod.AutomaticEventSubscriber/LOADING]: Attempting to inject @EventBusSubscriber classes into the eventbus for necronomicon
[24Jul2025 19:23:36.492] [modloading-worker-0/DEBUG] [net.minecraftforge.fml.javafmlmod.AutomaticEventSubscriber/LOADING]: Attempting to inject @EventBusSubscriber classes into the eventbus for fabric_blockrenderlayer_v1
[24Jul2025 19:23:36.498] [modloading-worker-0/DEBUG] [net.minecraftforge.fml.javafmlmod.AutomaticEventSubscriber/LOADING]: Attempting to inject @EventBusSubscriber classes into the eventbus for fabric_api_lookup_api_v1
[24Jul2025 19:23:36.500] [modloading-worker-0/DEBUG] [net.minecraftforge.fml.config.ConfigTracker/CONFIG]: Config file Obscuria/obscure-tooltips-client.toml for obscure_tooltips tracking
[24Jul2025 19:23:36.501] [modloading-worker-0/DEBUG] [net.minecraftforge.fml.javafmlmod.AutomaticEventSubscriber/LOADING]: Attempting to inject @EventBusSubscriber classes into the eventbus for obscure_tooltips
[24Jul2025 19:23:36.508] [modloading-worker-0/DEBUG] [net.minecraftforge.fml.javafmlmod.AutomaticEventSubscriber/LOADING]: Attempting to inject @EventBusSubscriber classes into the eventbus for jade
[24Jul2025 19:23:36.536] [modloading-worker-0/DEBUG] [net.minecraftforge.fml.javafmlmod.AutomaticEventSubscriber/LOADING]: Attempting to inject @EventBusSubscriber classes into the eventbus for chunky
[24Jul2025 19:23:36.536] [modloading-worker-0/DEBUG] [net.minecraftforge.fml.javafmlmod.AutomaticEventSubscriber/LOADING]: Attempting to inject @EventBusSubscriber classes into the eventbus for fabric_block_api_v1
[24Jul2025 19:23:36.540] [modloading-worker-0/DEBUG] [net.minecraftforge.fml.javafmlmod.AutomaticEventSubscriber/LOADING]: Attempting to inject @EventBusSubscriber classes into the eventbus for fabric_resource_conditions_api_v1
[24Jul2025 19:23:36.541] [modloading-worker-0/DEBUG] [net.minecraftforge.fml.javafmlmod.AutomaticEventSubscriber/LOADING]: Attempting to inject @EventBusSubscriber classes into the eventbus for a_good_place
[24Jul2025 19:23:36.592] [modloading-worker-0/DEBUG] [creativecore/]: Created network creativecore:main
[24Jul2025 19:23:36.599] [modloading-worker-0/DEBUG] [net.minecraftforge.fml.javafmlmod.AutomaticEventSubscriber/LOADING]: Attempting to inject @EventBusSubscriber classes into the eventbus for creativecore
[24Jul2025 19:23:36.599] [modloading-worker-0/DEBUG] [net.minecraftforge.fml.javafmlmod.AutomaticEventSubscriber/LOADING]: Attempting to inject @EventBusSubscriber classes into the eventbus for death_angels
[24Jul2025 19:23:36.599] [modloading-worker-0/DEBUG] [net.minecraftforge.fml.javafmlmod.AutomaticEventSubscriber/LOADING]: Auto-subscribing net.mcreator.deathangels.procedures.SoundSystemProcedure to FORGE
[24Jul2025 19:23:36.601] [modloading-worker-0/DEBUG] [net.minecraftforge.fml.javafmlmod.AutomaticEventSubscriber/LOADING]: Auto-subscribing net.mcreator.deathangels.procedures.SoundIsActiveProcedure to FORGE
[24Jul2025 19:23:36.603] [modloading-worker-0/DEBUG] [net.minecraftforge.fml.javafmlmod.AutomaticEventSubscriber/LOADING]: Attempting to inject @EventBusSubscriber classes into the eventbus for fabric_item_group_api_v1
[24Jul2025 19:23:36.604] [modloading-worker-0/DEBUG] [net.minecraftforge.fml.javafmlmod.AutomaticEventSubscriber/LOADING]: Auto-subscribing net.mcreator.deathangels.procedures.ShieldBreaksProcedure to FORGE
[24Jul2025 19:23:36.608] [modloading-worker-0/DEBUG] [net.minecraftforge.fml.javafmlmod.AutomaticEventSubscriber/LOADING]: Auto-subscribing net.mcreator.deathangels.procedures.ResetCooldownMeteorProcedure to FORGE
[24Jul2025 19:23:36.611] [modloading-worker-0/DEBUG] [net.minecraftforge.fml.javafmlmod.AutomaticEventSubscriber/LOADING]: Attempting to inject @EventBusSubscriber classes into the eventbus for man
[24Jul2025 19:23:36.611] [modloading-worker-0/DEBUG] [net.minecraftforge.fml.javafmlmod.AutomaticEventSubscriber/LOADING]: Attempting to inject @EventBusSubscriber classes into the eventbus for connectormod
[24Jul2025 19:23:36.613] [modloading-worker-0/DEBUG] [net.minecraftforge.fml.javafmlmod.AutomaticEventSubscriber/LOADING]: Auto-subscribing net.mcreator.deathangels.procedures.RedstoneActivateProcedure to FORGE
[24Jul2025 19:23:36.613] [modloading-worker-0/DEBUG] [net.minecraftforge.fml.javafmlmod.AutomaticEventSubscriber/LOADING]: Auto-subscribing net.mcreator.man.procedures.TimerglobalProcedure to FORGE
[24Jul2025 19:23:36.614] [modloading-worker-0/DEBUG] [net.minecraftforge.fml.javafmlmod.AutomaticEventSubscriber/LOADING]: Auto-subscribing net.mcreator.man.procedures.NosleepProcedure to FORGE
[24Jul2025 19:23:36.616] [modloading-worker-0/DEBUG] [net.minecraftforge.fml.javafmlmod.AutomaticEventSubscriber/LOADING]: Attempting to inject @EventBusSubscriber classes into the eventbus for fabric_biome_api_v1
[24Jul2025 19:23:36.617] [modloading-worker-0/DEBUG] [net.minecraftforge.fml.javafmlmod.AutomaticEventSubscriber/LOADING]: Auto-subscribing net.mcreator.man.procedures.NewworldProcedure to FORGE
[24Jul2025 19:23:36.617] [modloading-worker-0/DEBUG] [net.minecraftforge.fml.javafmlmod.AutomaticEventSubscriber/LOADING]: Auto-subscribing net.mcreator.man.procedures.ManaggresiveOnInitialEntitySpawnProcedure to FORGE
[24Jul2025 19:23:36.619] [modloading-worker-0/DEBUG] [net.minecraftforge.fml.javafmlmod.AutomaticEventSubscriber/LOADING]: Auto-subscribing net.mcreator.man.procedures.LookProcedure to FORGE
[24Jul2025 19:23:36.614] [modloading-worker-0/DEBUG] [net.minecraftforge.fml.javafmlmod.AutomaticEventSubscriber/LOADING]: Auto-subscribing net.mcreator.deathangels.procedures.ProjectileHitsBlockProcedure to FORGE
[24Jul2025 19:23:36.620] [modloading-worker-0/DEBUG] [net.minecraftforge.fml.javafmlmod.AutomaticEventSubscriber/LOADING]: Auto-subscribing net.mcreator.man.procedures.KilledManProcedure to FORGE
[24Jul2025 19:23:36.621] [modloading-worker-0/DEBUG] [net.minecraftforge.fml.javafmlmod.AutomaticEventSubscriber/LOADING]: Auto-subscribing net.mcreator.deathangels.procedures.PreventWaterProcedure to FORGE
[24Jul2025 19:23:36.624] [modloading-worker-0/DEBUG] [net.minecraftforge.fml.javafmlmod.AutomaticEventSubscriber/LOADING]: Attempting to inject @EventBusSubscriber classes into the eventbus for fabric_entity_events_v1
[24Jul2025 19:23:36.625] [modloading-worker-0/DEBUG] [net.minecraftforge.fml.javafmlmod.AutomaticEventSubscriber/LOADING]: Auto-subscribing net.mcreator.deathangels.procedures.PlayerUsesItemSoundCheckProcedure to FORGE
[24Jul2025 19:23:36.628] [modloading-worker-0/DEBUG] [net.minecraftforge.fml.javafmlmod.AutomaticEventSubscriber/LOADING]: Auto-subscribing net.mcreator.man.procedures.JumpscareoverlayingameProcedure to FORGE
[24Jul2025 19:23:36.629] [modloading-worker-0/DEBUG] [net.minecraftforge.fml.javafmlmod.AutomaticEventSubscriber/LOADING]: Auto-subscribing net.mcreator.man.procedures.JumpscareDisplayOverlayIngameProcedure to FORGE
[24Jul2025 19:23:36.629] [modloading-worker-0/DEBUG] [net.minecraftforge.fml.javafmlmod.AutomaticEventSubscriber/LOADING]: Auto-subscribing net.mcreator.deathangels.procedures.PlayerSprintProcedure to FORGE
[24Jul2025 19:23:36.630] [modloading-worker-0/DEBUG] [net.minecraftforge.fml.javafmlmod.AutomaticEventSubscriber/LOADING]: Auto-subscribing net.mcreator.deathangels.procedures.PlayerJumpsSoundCheckProcedure to FORGE
[24Jul2025 19:23:36.633] [modloading-worker-0/DEBUG] [net.minecraftforge.fml.javafmlmod.AutomaticEventSubscriber/LOADING]: Auto-subscribing net.mcreator.deathangels.procedures.PlayerIsHurtCSoundCheckProcedure to FORGE
[24Jul2025 19:23:36.632] [modloading-worker-0/DEBUG] [net.minecraftforge.fml.javafmlmod.AutomaticEventSubscriber/LOADING]: Auto-subscribing net.mcreator.man.procedures.EntchantmentTickProcedure to FORGE
[24Jul2025 19:23:36.635] [modloading-worker-0/DEBUG] [net.minecraftforge.fml.javafmlmod.AutomaticEventSubscriber/LOADING]: Auto-subscribing net.mcreator.man.network.ManModVariables to MOD
[24Jul2025 19:23:36.635] [modloading-worker-0/DEBUG] [net.minecraftforge.fml.javafmlmod.AutomaticEventSubscriber/LOADING]: Auto-subscribing net.mcreator.deathangels.procedures.PlayerFirstJoinProcedure to FORGE
[24Jul2025 19:23:36.636] [modloading-worker-0/DEBUG] [net.minecraftforge.fml.javafmlmod.AutomaticEventSubscriber/LOADING]: Auto-subscribing net.mcreator.deathangels.procedures.PlayerCheckWriteInChatProcedure to FORGE
[24Jul2025 19:23:36.639] [modloading-worker-0/DEBUG] [net.minecraftforge.fml.javafmlmod.AutomaticEventSubscriber/LOADING]: Auto-subscribing net.mcreator.deathangels.procedures.PlayerCheckWalkProcedure to FORGE
[24Jul2025 19:23:36.637] [modloading-worker-0/DEBUG] [net.minecraftforge.fml.javafmlmod.AutomaticEventSubscriber/LOADING]: Auto-subscribing net.mcreator.man.network.ManModVariables$PlayerVariablesProvider to FORGE
[24Jul2025 19:23:36.640] [modloading-worker-0/DEBUG] [net.minecraftforge.fml.javafmlmod.AutomaticEventSubscriber/LOADING]: Auto-subscribing net.mcreator.man.network.ManModVariables$EventBusVariableHandlers to FORGE
[24Jul2025 19:23:36.641] [modloading-worker-0/DEBUG] [net.minecraftforge.fml.javafmlmod.AutomaticEventSubscriber/LOADING]: Auto-subscribing net.mcreator.deathangels.procedures.PlayerCheckPlaceBlockProcedure to FORGE
[24Jul2025 19:23:36.644] [modloading-worker-0/DEBUG] [net.minecraftforge.fml.javafmlmod.AutomaticEventSubscriber/LOADING]: Auto-subscribing net.mcreator.deathangels.procedures.PlayerCheckForItemPickUpProcedure to FORGE
[24Jul2025 19:23:36.649] [modloading-worker-0/DEBUG] [net.minecraftforge.fml.javafmlmod.AutomaticEventSubscriber/LOADING]: Auto-subscribing net.mcreator.deathangels.procedures.PlayerCheckBlockIsBrokenProcedure to FORGE
[24Jul2025 19:23:36.647] [modloading-worker-0/DEBUG] [net.minecraftforge.fml.javafmlmod.AutomaticEventSubscriber/LOADING]: Auto-subscribing net.mcreator.man.network.CassetteRecorderGuiSlotMessage to MOD
[24Jul2025 19:23:36.650] [modloading-worker-0/DEBUG] [net.minecraftforge.fml.javafmlmod.AutomaticEventSubscriber/LOADING]: Auto-subscribing net.mcreator.man.network.CassetteRecorderGuiButtonMessage to MOD
[24Jul2025 19:23:36.651] [modloading-worker-0/DEBUG] [net.minecraftforge.fml.javafmlmod.AutomaticEventSubscriber/LOADING]: Auto-subscribing net.mcreator.man.init.ManModVillagerProfessions to MOD
[24Jul2025 19:23:36.652] [modloading-worker-0/DEBUG] [net.minecraftforge.fml.javafmlmod.AutomaticEventSubscriber/LOADING]: Auto-subscribing net.mcreator.man.init.ManModTrades to FORGE
[24Jul2025 19:23:36.653] [modloading-worker-0/DEBUG] [net.minecraftforge.fml.javafmlmod.AutomaticEventSubscriber/LOADING]: Auto-subscribing net.mcreator.man.init.ManModTabs to MOD
[24Jul2025 19:23:36.654] [modloading-worker-0/DEBUG] [net.minecraftforge.fml.javafmlmod.AutomaticEventSubscriber/LOADING]: Auto-subscribing net.mcreator.deathangels.procedures.PlayerBreakBlockSoundCheckProcedure to FORGE
[24Jul2025 19:23:36.656] [modloading-worker-0/DEBUG] [net.minecraftforge.fml.javafmlmod.AutomaticEventSubscriber/LOADING]: Auto-subscribing net.mcreator.deathangels.procedures.PlayerAlertedDACooldownProcedure to FORGE
[24Jul2025 19:23:36.657] [modloading-worker-0/DEBUG] [net.minecraftforge.fml.javafmlmod.AutomaticEventSubscriber/LOADING]: Auto-subscribing net.mcreator.man.init.ManModEntities to MOD
[24Jul2025 19:23:36.658] [modloading-worker-0/DEBUG] [net.minecraftforge.fml.javafmlmod.AutomaticEventSubscriber/LOADING]: Auto-subscribing net.mcreator.man.init.ManModConfigs to MOD
[24Jul2025 19:23:36.658] [modloading-worker-0/DEBUG] [net.minecraftforge.fml.javafmlmod.AutomaticEventSubscriber/LOADING]: Auto-subscribing net.mcreator.man.init.EntityAnimationFactory to FORGE
[24Jul2025 19:23:36.659] [modloading-worker-0/DEBUG] [net.minecraftforge.fml.javafmlmod.AutomaticEventSubscriber/LOADING]: Auto-subscribing net.mcreator.man.command.TimerCommand to FORGE
[24Jul2025 19:23:36.660] [modloading-worker-0/DEBUG] [net.minecraftforge.fml.javafmlmod.AutomaticEventSubscriber/LOADING]: Auto-subscribing net.mcreator.deathangels.procedures.PanicAppliedProcedure to FORGE
[24Jul2025 19:23:36.663] [modloading-worker-0/DEBUG] [net.minecraftforge.fml.javafmlmod.AutomaticEventSubscriber/LOADING]: Auto-subscribing net.mcreator.deathangels.procedures.MakeWorldTimerProcedure to FORGE
[24Jul2025 19:23:36.664] [modloading-worker-0/DEBUG] [net.minecraftforge.fml.javafmlmod.AutomaticEventSubscriber/LOADING]: Auto-subscribing net.mcreator.deathangels.procedures.MakeFrodoProcedure to FORGE
[24Jul2025 19:23:36.667] [modloading-worker-0/DEBUG] [net.minecraftforge.fml.javafmlmod.AutomaticEventSubscriber/LOADING]: Auto-subscribing net.mcreator.deathangels.procedures.ImmuneTamedProcedure to FORGE
[24Jul2025 19:23:36.668] [modloading-worker-0/DEBUG] [net.minecraftforge.fml.javafmlmod.AutomaticEventSubscriber/LOADING]: Auto-subscribing net.mcreator.deathangels.procedures.GetShieldProcedure to FORGE
[24Jul2025 19:23:36.666] [modloading-worker-0/DEBUG] [net.minecraftforge.fml.javafmlmod.AutomaticEventSubscriber/LOADING]: Attempting to inject @EventBusSubscriber classes into the eventbus for fabric_registry_sync_v0
[24Jul2025 19:23:36.672] [modloading-worker-0/DEBUG] [net.minecraftforge.fml.javafmlmod.AutomaticEventSubscriber/LOADING]: Auto-subscribing net.mcreator.deathangels.procedures.FirstSpawnProcedure to FORGE
[24Jul2025 19:23:36.673] [modloading-worker-0/DEBUG] [net.minecraftforge.fml.javafmlmod.AutomaticEventSubscriber/LOADING]: Auto-subscribing net.mcreator.deathangels.procedures.FCImmuneProcedure to FORGE
[24Jul2025 19:23:36.676] [modloading-worker-0/DEBUG] [net.minecraftforge.fml.javafmlmod.AutomaticEventSubscriber/LOADING]: Auto-subscribing net.mcreator.deathangels.procedures.ExplosionProcedure to FORGE
[24Jul2025 19:23:36.674] [modloading-worker-0/DEBUG] [net.minecraftforge.fml.javafmlmod.AutomaticEventSubscriber/LOADING]: Attempting to inject @EventBusSubscriber classes into the eventbus for antlers
[24Jul2025 19:23:36.677] [modloading-worker-0/DEBUG] [net.minecraftforge.fml.javafmlmod.AutomaticEventSubscriber/LOADING]: Auto-subscribing net.mcreator.antlers.procedures.WendigomadOnEntityTickUpdateProcedure to FORGE
[24Jul2025 19:23:36.678] [modloading-worker-0/DEBUG] [net.minecraftforge.fml.javafmlmod.AutomaticEventSubscriber/LOADING]: Auto-subscribing net.mcreator.antlers.procedures.WendigoOnEntityTickUpdateProcedure to FORGE
[24Jul2025 19:23:36.682] [modloading-worker-0/DEBUG] [net.minecraftforge.fml.javafmlmod.AutomaticEventSubscriber/LOADING]: Auto-subscribing net.mcreator.antlers.procedures.WendigoFluteOnEntityTickUpdateProcedure to FORGE
[24Jul2025 19:23:36.683] [modloading-worker-0/DEBUG] [net.minecraftforge.fml.javafmlmod.AutomaticEventSubscriber/LOADING]: Auto-subscribing net.mcreator.antlers.procedures.TogetjerkeyProcedure to FORGE
[24Jul2025 19:23:36.684] [modloading-worker-0/DEBUG] [net.minecraftforge.fml.javafmlmod.AutomaticEventSubscriber/LOADING]: Auto-subscribing net.mcreator.antlers.procedures.SetstargetProcedure to FORGE
[24Jul2025 19:23:36.689] [modloading-worker-0/DEBUG] [net.minecraftforge.fml.javafmlmod.AutomaticEventSubscriber/LOADING]: Auto-subscribing net.mcreator.antlers.procedures.GameruleProcedure to FORGE
[24Jul2025 19:23:36.691] [modloading-worker-0/DEBUG] [net.minecraftforge.fml.javafmlmod.AutomaticEventSubscriber/LOADING]: Auto-subscribing net.mcreator.antlers.procedures.DayCounterProcedure to FORGE
[24Jul2025 19:23:36.690] [modloading-worker-0/DEBUG] [net.minecraftforge.fml.javafmlmod.AutomaticEventSubscriber/LOADING]: Auto-subscribing net.mcreator.deathangels.procedures.EventStaffLivingEntityIsHitWithItemProcedure to FORGE
[24Jul2025 19:23:36.693] [modloading-worker-0/DEBUG] [net.minecraftforge.fml.javafmlmod.AutomaticEventSubscriber/LOADING]: Auto-subscribing net.mcreator.deathangels.procedures.DetectWeatherProcedure to FORGE
[24Jul2025 19:23:36.693] [modloading-worker-0/DEBUG] [net.minecraftforge.fml.javafmlmod.AutomaticEventSubscriber/LOADING]: Auto-subscribing net.mcreator.antlers.procedures.AttackedProcedure to FORGE
[24Jul2025 19:23:36.694] [modloading-worker-0/DEBUG] [net.minecraftforge.fml.javafmlmod.AutomaticEventSubscriber/LOADING]: Auto-subscribing net.mcreator.antlers.network.AntlersModVariables to MOD
[24Jul2025 19:23:36.696] [modloading-worker-0/DEBUG] [net.minecraftforge.fml.javafmlmod.AutomaticEventSubscriber/LOADING]: Auto-subscribing net.mcreator.antlers.network.AntlersModVariables$EventBusVariableHandlers to FORGE
[24Jul2025 19:23:36.695] [modloading-worker-0/DEBUG] [net.minecraftforge.fml.javafmlmod.AutomaticEventSubscriber/LOADING]: Auto-subscribing net.mcreator.deathangels.procedures.DeathAngelsGoDownInWaterProcedure to FORGE
[24Jul2025 19:23:36.697] [modloading-worker-0/DEBUG] [net.minecraftforge.fml.javafmlmod.AutomaticEventSubscriber/LOADING]: Auto-subscribing net.mcreator.deathangels.procedures.DeathAngelsAttackTargetsProcedure to FORGE
[24Jul2025 19:23:36.699] [modloading-worker-0/DEBUG] [net.minecraftforge.fml.javafmlmod.AutomaticEventSubscriber/LOADING]: Auto-subscribing net.mcreator.deathangels.procedures.CheckForSandProcedure to FORGE
[24Jul2025 19:23:36.701] [modloading-worker-0/DEBUG] [net.minecraftforge.fml.javafmlmod.AutomaticEventSubscriber/LOADING]: Auto-subscribing net.mcreator.deathangels.procedures.ChatAlertEffectExpiresProcedure to FORGE
[24Jul2025 19:23:36.700] [modloading-worker-0/DEBUG] [net.minecraftforge.fml.javafmlmod.AutomaticEventSubscriber/LOADING]: Auto-subscribing net.mcreator.antlers.init.EntityAnimationFactory to FORGE
[24Jul2025 19:23:36.702] [modloading-worker-0/DEBUG] [net.minecraftforge.fml.javafmlmod.AutomaticEventSubscriber/LOADING]: Auto-subscribing net.mcreator.antlers.init.AntlersModTabs to MOD
[24Jul2025 19:23:36.703] [modloading-worker-0/DEBUG] [net.minecraftforge.fml.javafmlmod.AutomaticEventSubscriber/LOADING]: Auto-subscribing net.mcreator.antlers.init.AntlersModGameRules to MOD
[24Jul2025 19:23:36.702] [modloading-worker-0/DEBUG] [net.minecraftforge.fml.javafmlmod.AutomaticEventSubscriber/LOADING]: Auto-subscribing net.mcreator.deathangels.network.RealisticModeButtonMessage to MOD
[24Jul2025 19:23:36.704] [modloading-worker-0/DEBUG] [net.minecraftforge.fml.javafmlmod.AutomaticEventSubscriber/LOADING]: Auto-subscribing net.mcreator.deathangels.network.ModeSettingMessage to MOD
[24Jul2025 19:23:36.705] [modloading-worker-0/DEBUG] [mixin/]: Mixing GameRulesBooleanRuleAccessor from fabric-game-rule-api-v1.mixins.json into net.minecraft.world.level.GameRules$BooleanValue
[24Jul2025 19:23:36.706] [modloading-worker-0/DEBUG] [mixin/]: fabric-game-rule-api-v1.mixins.json:GameRulesBooleanRuleAccessor from mod fabric_game_rule_api_v1: Class version 61 required is higher than the class version supported by the current version of Mixin (JAVA_16 supports class version 60)
[24Jul2025 19:23:36.706] [modloading-worker-0/DEBUG] [mixin/]: Renaming @Invoker method invokeCreate(ZLjava/util/function/BiConsumer;)Lnet/minecraft/world/level/GameRules$Type; to invokeCreate$fabric_game_rule_api_v1_$md$c49e9e$0 in fabric-game-rule-api-v1.mixins.json:GameRulesBooleanRuleAccessor from mod fabric_game_rule_api_v1
[24Jul2025 19:23:36.711] [modloading-worker-0/DEBUG] [mixin/]: Mixing GameRulesAccessor from fabric-game-rule-api-v1.mixins.json into net.minecraft.world.level.GameRules
[24Jul2025 19:23:36.711] [modloading-worker-0/DEBUG] [mixin/]: fabric-game-rule-api-v1.mixins.json:GameRulesAccessor from mod fabric_game_rule_api_v1: Class version 61 required is higher than the class version supported by the current version of Mixin (JAVA_16 supports class version 60)
[24Jul2025 19:23:36.711] [modloading-worker-0/DEBUG] [mixin/]: Renaming @Invoker method callRegister(Ljava/lang/String;Lnet/minecraft/world/level/GameRules$Category;Lnet/minecraft/world/level/GameRules$Type;)Lnet/minecraft/world/level/GameRules$Key; to callRegister$fabric_game_rule_api_v1_$md$c49e9e$0 in fabric-game-rule-api-v1.mixins.json:GameRulesAccessor from mod fabric_game_rule_api_v1
[24Jul2025 19:23:36.712] [modloading-worker-0/DEBUG] [mixin/]: Renaming @Accessor method getRuleTypes()Ljava/util/Map; to getRuleTypes$fabric_game_rule_api_v1_$md$c49e9e$1 in fabric-game-rule-api-v1.mixins.json:GameRulesAccessor from mod fabric_game_rule_api_v1
[24Jul2025 19:23:36.714] [modloading-worker-0/DEBUG] [net.minecraftforge.fml.javafmlmod.AutomaticEventSubscriber/LOADING]: Auto-subscribing net.mcreator.deathangels.network.LauncherGUIButtonMessage to MOD
[24Jul2025 19:23:36.716] [modloading-worker-0/DEBUG] [net.minecraftforge.fml.javafmlmod.AutomaticEventSubscriber/LOADING]: Auto-subscribing net.mcreator.deathangels.network.DeathAngelsModVariables to MOD
[24Jul2025 19:23:36.720] [modloading-worker-0/DEBUG] [mixin/]: Mixing GameRulesKeyMixin from fabric-game-rule-api-v1.mixins.json into net.minecraft.world.level.GameRules$Key
[24Jul2025 19:23:36.720] [modloading-worker-0/DEBUG] [mixin/]: fabric-game-rule-api-v1.mixins.json:GameRulesKeyMixin from mod fabric_game_rule_api_v1: Class version 61 required is higher than the class version supported by the current version of Mixin (JAVA_16 supports class version 60)
[24Jul2025 19:23:36.724] [modloading-worker-0/DEBUG] [net.minecraftforge.fml.javafmlmod.AutomaticEventSubscriber/LOADING]: Auto-subscribing net.mcreator.deathangels.network.DeathAngelsModVariables$PlayerVariablesProvider to FORGE
[24Jul2025 19:23:36.725] [modloading-worker-0/DEBUG] [net.minecraftforge.fml.javafmlmod.AutomaticEventSubscriber/LOADING]: Auto-subscribing net.mcreator.deathangels.network.DeathAngelsModVariables$EventBusVariableHandlers to FORGE
[24Jul2025 19:23:36.727] [modloading-worker-0/DEBUG] [net.minecraftforge.fml.javafmlmod.AutomaticEventSubscriber/LOADING]: Attempting to inject @EventBusSubscriber classes into the eventbus for bwrtherain
[24Jul2025 19:23:36.727] [modloading-worker-0/DEBUG] [mixin/]: Mixing GameRulesIntRuleAccessor from fabric-game-rule-api-v1.mixins.json into net.minecraft.world.level.GameRules$IntegerValue
[24Jul2025 19:23:36.727] [modloading-worker-0/DEBUG] [net.minecraftforge.fml.javafmlmod.AutomaticEventSubscriber/LOADING]: Auto-subscribing net.mcreator.vapor.procedures.VaporSpawnProcedureProcedure to FORGE
[24Jul2025 19:23:36.727] [modloading-worker-0/DEBUG] [mixin/]: fabric-game-rule-api-v1.mixins.json:GameRulesIntRuleAccessor from mod fabric_game_rule_api_v1: Class version 61 required is higher than the class version supported by the current version of Mixin (JAVA_16 supports class version 60)
[24Jul2025 19:23:36.730] [modloading-worker-0/DEBUG] [net.minecraftforge.fml.javafmlmod.AutomaticEventSubscriber/LOADING]: Auto-subscribing net.mcreator.antlers.init.AntlersModEntities to MOD
[24Jul2025 19:23:36.732] [modloading-worker-0/DEBUG] [net.minecraftforge.fml.javafmlmod.AutomaticEventSubscriber/LOADING]: Attempting to inject @EventBusSubscriber classes into the eventbus for fabric_recipe_api_v1
[24Jul2025 19:23:36.732] [modloading-worker-0/DEBUG] [net.minecraftforge.fml.javafmlmod.AutomaticEventSubscriber/LOADING]: Attempting to inject @EventBusSubscriber classes into the eventbus for fabric_loot_api_v2
[24Jul2025 19:23:36.734] [modloading-worker-0/DEBUG] [net.minecraftforge.fml.javafmlmod.AutomaticEventSubscriber/LOADING]: Auto-subscribing net.mcreator.vapor.procedures.VaporDiedProcedure to FORGE
[24Jul2025 19:23:36.735] [modloading-worker-0/DEBUG] [net.minecraftforge.fml.javafmlmod.AutomaticEventSubscriber/LOADING]: Auto-subscribing net.mcreator.vapor.procedures.ValemSpawnProcedureProcedure to FORGE
[24Jul2025 19:23:36.735] [modloading-worker-0/DEBUG] [net.minecraftforge.fml.javafmlmod.AutomaticEventSubscriber/LOADING]: Attempting to inject @EventBusSubscriber classes into the eventbus for fabric_object_builder_api_v1
[24Jul2025 19:23:36.735] [modloading-worker-0/DEBUG] [net.minecraftforge.fml.javafmlmod.AutomaticEventSubscriber/LOADING]: Attempting to inject @EventBusSubscriber classes into the eventbus for fabric_rendering_data_attachment_v1
[24Jul2025 19:23:36.738] [modloading-worker-0/DEBUG] [net.minecraftforge.fml.javafmlmod.AutomaticEventSubscriber/LOADING]: Auto-subscribing net.mcreator.deathangels.network.CalmMessage to MOD
[24Jul2025 19:23:36.739] [modloading-worker-0/DEBUG] [net.minecraftforge.fml.javafmlmod.AutomaticEventSubscriber/LOADING]: Auto-subscribing net.mcreator.deathangels.network.AdmintoolguiButtonMessage to MOD
[24Jul2025 19:23:36.739] [modloading-worker-0/DEBUG] [net.minecraftforge.fml.javafmlmod.AutomaticEventSubscriber/LOADING]: Auto-subscribing net.mcreator.vapor.procedures.ValemNoSleepProcedure to FORGE
[24Jul2025 19:23:36.740] [modloading-worker-0/DEBUG] [net.minecraftforge.fml.javafmlmod.AutomaticEventSubscriber/LOADING]: Auto-subscribing net.mcreator.deathangels.init.ItemAnimationFactory to FORGE
[24Jul2025 19:23:36.740] [modloading-worker-0/DEBUG] [net.minecraftforge.fml.javafmlmod.AutomaticEventSubscriber/LOADING]: Auto-subscribing net.mcreator.vapor.procedures.ValemKillProcedure to FORGE
[24Jul2025 19:23:36.744] [modloading-worker-0/DEBUG] [net.minecraftforge.fml.javafmlmod.AutomaticEventSubscriber/LOADING]: Auto-subscribing net.mcreator.vapor.procedures.SkullChaseSoundProcedure to FORGE
[24Jul2025 19:23:36.745] [modloading-worker-0/DEBUG] [net.minecraftforge.fml.javafmlmod.AutomaticEventSubscriber/LOADING]: Auto-subscribing net.mcreator.vapor.procedures.RoseDiedProcedure to FORGE
[24Jul2025 19:23:36.746] [modloading-worker-0/DEBUG] [net.minecraftforge.fml.javafmlmod.AutomaticEventSubscriber/LOADING]: Auto-subscribing net.mcreator.deathangels.init.EntityAnimationFactory to FORGE
[24Jul2025 19:23:36.747] [modloading-worker-0/DEBUG] [net.minecraftforge.fml.javafmlmod.AutomaticEventSubscriber/LOADING]: Auto-subscribing net.mcreator.deathangels.init.DeathAngelsModTabs to MOD
[24Jul2025 19:23:36.748] [modloading-worker-0/DEBUG] [net.minecraftforge.fml.javafmlmod.AutomaticEventSubscriber/LOADING]: Auto-subscribing net.mcreator.deathangels.init.DeathAngelsModGameRules to MOD
[24Jul2025 19:23:36.749] [modloading-worker-0/DEBUG] [net.minecraftforge.fml.javafmlmod.AutomaticEventSubscriber/LOADING]: Auto-subscribing net.mcreator.deathangels.init.DeathAngelsModEntities to MOD
[24Jul2025 19:23:36.749] [modloading-worker-0/DEBUG] [net.minecraftforge.fml.javafmlmod.AutomaticEventSubscriber/LOADING]: Auto-subscribing net.mcreator.vapor.procedures.RoseAttacksProcedure to FORGE
[24Jul2025 19:23:36.750] [modloading-worker-0/DEBUG] [net.minecraftforge.fml.javafmlmod.AutomaticEventSubscriber/LOADING]: Auto-subscribing net.mcreator.vapor.procedures.ResetReqsProcedure to FORGE
[24Jul2025 19:23:36.754] [modloading-worker-0/DEBUG] [net.minecraftforge.fml.javafmlmod.AutomaticEventSubscriber/LOADING]: Auto-subscribing net.mcreator.deathangels.command.ShowDirectionCommand to FORGE
[24Jul2025 19:23:36.755] [modloading-worker-0/DEBUG] [net.minecraftforge.fml.javafmlmod.AutomaticEventSubscriber/LOADING]: Auto-subscribing net.mcreator.deathangels.command.SetStageCommand to FORGE
[24Jul2025 19:23:36.756] [modloading-worker-0/DEBUG] [net.minecraftforge.fml.javafmlmod.AutomaticEventSubscriber/LOADING]: Auto-subscribing net.mcreator.vapor.procedures.ResetReqsAgainProcedure to FORGE
[24Jul2025 19:23:36.757] [modloading-worker-0/DEBUG] [net.minecraftforge.fml.javafmlmod.AutomaticEventSubscriber/LOADING]: Auto-subscribing net.mcreator.vapor.procedures.RemoveEffectsProcedure to FORGE
[24Jul2025 19:23:36.757] [modloading-worker-0/DEBUG] [net.minecraftforge.fml.javafmlmod.AutomaticEventSubscriber/LOADING]: Auto-subscribing net.mcreator.deathangels.command.SetMeteorSpawnCommand to FORGE
[24Jul2025 19:23:36.761] [modloading-worker-0/DEBUG] [net.minecraftforge.fml.javafmlmod.AutomaticEventSubscriber/LOADING]: Auto-subscribing net.mcreator.vapor.procedures.ActivateDeathScreenProcedure to FORGE
[24Jul2025 19:23:36.769] [modloading-worker-0/DEBUG] [net.minecraftforge.fml.javafmlmod.AutomaticEventSubscriber/LOADING]: Auto-subscribing net.mcreator.vapor.network.BwrtherainModVariables to MOD
[24Jul2025 19:23:36.770] [modloading-worker-0/DEBUG] [net.minecraftforge.fml.javafmlmod.AutomaticEventSubscriber/LOADING]: Auto-subscribing net.mcreator.vapor.network.BwrtherainModVariables$EventBusVariableHandlers to FORGE
[24Jul2025 19:23:36.771] [modloading-worker-0/DEBUG] [net.minecraftforge.fml.javafmlmod.AutomaticEventSubscriber/LOADING]: Auto-subscribing net.mcreator.deathangels.command.SetDeathAngelKillsCommand to FORGE
[24Jul2025 19:23:36.772] [modloading-worker-0/DEBUG] [net.minecraftforge.fml.javafmlmod.AutomaticEventSubscriber/LOADING]: Auto-subscribing net.mcreator.deathangels.command.SetAlertebleCommand to FORGE
[24Jul2025 19:23:36.773] [modloading-worker-0/DEBUG] [net.minecraftforge.fml.javafmlmod.AutomaticEventSubscriber/LOADING]: Auto-subscribing net.mcreator.deathangels.command.ResetcooldownCommand to FORGE
[24Jul2025 19:23:36.774] [modloading-worker-0/DEBUG] [net.minecraftforge.fml.javafmlmod.AutomaticEventSubscriber/LOADING]: Auto-subscribing net.mcreator.deathangels.command.ResetWorldTimeCommand to FORGE
[24Jul2025 19:23:36.777] [modloading-worker-0/DEBUG] [net.minecraftforge.fml.javafmlmod.AutomaticEventSubscriber/LOADING]: Auto-subscribing net.mcreator.vapor.init.EntityAnimationFactory to FORGE
[24Jul2025 19:23:36.777] [modloading-worker-0/DEBUG] [net.minecraftforge.fml.javafmlmod.AutomaticEventSubscriber/LOADING]: Auto-subscribing net.mcreator.vapor.init.BwrtherainModTabs to MOD
[24Jul2025 19:23:36.778] [modloading-worker-0/DEBUG] [net.minecraftforge.fml.javafmlmod.AutomaticEventSubscriber/LOADING]: Auto-subscribing net.mcreator.vapor.init.BwrtherainModEntities to MOD
[24Jul2025 19:23:36.780] [modloading-worker-0/DEBUG] [net.minecraftforge.fml.javafmlmod.AutomaticEventSubscriber/LOADING]: Auto-subscribing net.mcreator.deathangels.command.KillDeathAngelsCommand to FORGE
[24Jul2025 19:23:36.782] [modloading-worker-0/DEBUG] [net.minecraftforge.fml.javafmlmod.AutomaticEventSubscriber/LOADING]: Auto-subscribing net.mcreator.deathangels.command.FungusSpreadRateCommand to FORGE
[24Jul2025 19:23:36.783] [modloading-worker-0/DEBUG] [net.minecraftforge.fml.javafmlmod.AutomaticEventSubscriber/LOADING]: Auto-subscribing net.mcreator.deathangels.block.listener.ClientListener to MOD
[24Jul2025 19:23:36.787] [modloading-worker-0/DEBUG] [net.minecraftforge.fml.javafmlmod.AutomaticEventSubscriber/LOADING]: Attempting to inject @EventBusSubscriber classes into the eventbus for midnightlurker
[24Jul2025 19:23:36.787] [modloading-worker-0/DEBUG] [net.minecraftforge.fml.javafmlmod.AutomaticEventSubscriber/LOADING]: Auto-subscribing net.mcreator.midnightlurker.procedures.VoidGatewayEntityIsHurtProcedure to FORGE
[24Jul2025 19:23:36.788] [modloading-worker-0/DEBUG] [net.minecraftforge.fml.javafmlmod.AutomaticEventSubscriber/LOADING]: Auto-subscribing net.mcreator.midnightlurker.procedures.TriestosleepwhilemonstersnearProcedure to FORGE
[24Jul2025 19:23:36.790] [modloading-worker-0/DEBUG] [net.minecraftforge.fml.javafmlmod.AutomaticEventSubscriber/LOADING]: Auto-subscribing net.mcreator.midnightlurker.procedures.ScreenShakeProcedure to FORGE
[24Jul2025 19:23:36.790] [modloading-worker-0/DEBUG] [mixin/]: Mixing ServerLoginNetworkHandlerMixin from fabric-networking-api-v1.mixins.json into net.minecraft.server.network.ServerLoginPacketListenerImpl
[24Jul2025 19:23:36.792] [modloading-worker-0/DEBUG] [mixin/]: fabric-networking-api-v1.mixins.json:ServerLoginNetworkHandlerMixin from mod fabric_networking_api_v1: Class version 61 required is higher than the class version supported by the current version of Mixin (JAVA_16 supports class version 60)
[24Jul2025 19:23:36.797] [modloading-worker-0/DEBUG] [mixin/]: Mixing accessor.ServerLoginNetworkHandlerAccessor from fabric-networking-api-v1.mixins.json into net.minecraft.server.network.ServerLoginPacketListenerImpl
[24Jul2025 19:23:36.797] [modloading-worker-0/DEBUG] [mixin/]: fabric-networking-api-v1.mixins.json:accessor.ServerLoginNetworkHandlerAccessor from mod fabric_networking_api_v1: Class version 61 required is higher than the class version supported by the current version of Mixin (JAVA_16 supports class version 60)
[24Jul2025 19:23:36.797] [modloading-worker-0/DEBUG] [mixin/]: Mixing ServerLoginPacketListenerImplMixin from skinrestorer.mixins.json into net.minecraft.server.network.ServerLoginPacketListenerImpl
[24Jul2025 19:23:36.798] [modloading-worker-0/DEBUG] [mixin/]: Renaming synthetic method lambda$skinrestorer$fetchSkin$2(Lnet/lionarius/skinrestorer/skin/provider/SkinProviderContext;)Lnet/lionarius/skinrestorer/util/Result; to mdc49e9e$skinrestorer$lambda$skinrestorer$fetchSkin$2$0 in skinrestorer.mixins.json:ServerLoginPacketListenerImplMixin from mod skinrestorer
[24Jul2025 19:23:36.798] [modloading-worker-0/DEBUG] [mixin/]: Renaming synthetic method lambda$skinrestorer$fetchSkin$1(Lnet/lionarius/skinrestorer/skin/provider/SkinProviderContext;Lnet/lionarius/skinrestorer/skin/provider/SkinProvider;)Lnet/lionarius/skinrestorer/util/Result; to mdc49e9e$skinrestorer$lambda$skinrestorer$fetchSkin$1$1 in skinrestorer.mixins.json:ServerLoginPacketListenerImplMixin from mod skinrestorer
[24Jul2025 19:23:36.798] [modloading-worker-0/DEBUG] [mixin/]: Renaming synthetic method lambda$waitForSkin$0()Ljava/lang/Void; to mdc49e9e$skinrestorer$lambda$waitForSkin$0$2 in skinrestorer.mixins.json:ServerLoginPacketListenerImplMixin from mod skinrestorer
[24Jul2025 19:23:36.813] [modloading-worker-0/DEBUG] [mixin/]: fabric-networking-api-v1.mixins.json:ServerLoginNetworkHandlerMixin from mod fabric_networking_api_v1->@Inject::initAddon(Lorg/spongepowered/asm/mixin/injection/callback/CallbackInfo;)V doesn't use it's CallbackInfo
[24Jul2025 19:23:36.813] [modloading-worker-0/DEBUG] [mixin/]: fabric-networking-api-v1.mixins.json:ServerLoginNetworkHandlerMixin from mod fabric_networking_api_v1->@Inject::initAddon(Lorg/spongepowered/asm/mixin/injection/callback/CallbackInfo;)V has 0 override(s) in child classes
[24Jul2025 19:23:36.813] [modloading-worker-0/DEBUG] [mixin/]: fabric-networking-api-v1.mixins.json:ServerLoginNetworkHandlerMixin from mod fabric_networking_api_v1->@Inject::initAddon(Lorg/spongepowered/asm/mixin/injection/callback/CallbackInfo;)V won't be passed a CallbackInfo as a result
[24Jul2025 19:23:36.814] [modloading-worker-0/DEBUG] [mixin/]: fabric-networking-api-v1.mixins.json:ServerLoginNetworkHandlerMixin from mod fabric_networking_api_v1->@Inject::handleCustomPayloadReceivedAsync(Lnet/minecraft/network/protocol/login/ServerboundCustomQueryPacket;Lorg/spongepowered/asm/mixin/injection/callback/CallbackInfo;)V does use it's CallbackInfo
[24Jul2025 19:23:36.814] [modloading-worker-0/DEBUG] [mixin/]: fabric-networking-api-v1.mixins.json:ServerLoginNetworkHandlerMixin from mod fabric_networking_api_v1->@Inject::handleDisconnection(Lnet/minecraft/network/chat/Component;Lorg/spongepowered/asm/mixin/injection/callback/CallbackInfo;)V doesn't use it's CallbackInfo
[24Jul2025 19:23:36.814] [modloading-worker-0/DEBUG] [mixin/]: fabric-networking-api-v1.mixins.json:ServerLoginNetworkHandlerMixin from mod fabric_networking_api_v1->@Inject::handleDisconnection(Lnet/minecraft/network/chat/Component;Lorg/spongepowered/asm/mixin/injection/callback/CallbackInfo;)V has 0 override(s) in child classes
[24Jul2025 19:23:36.814] [modloading-worker-0/DEBUG] [mixin/]: fabric-networking-api-v1.mixins.json:ServerLoginNetworkHandlerMixin from mod fabric_networking_api_v1->@Inject::handleDisconnection(Lnet/minecraft/network/chat/Component;Lorg/spongepowered/asm/mixin/injection/callback/CallbackInfo;)V won't be passed a CallbackInfo as a result
[24Jul2025 19:23:36.814] [modloading-worker-0/DEBUG] [mixin/]: fabric-networking-api-v1.mixins.json:ServerLoginNetworkHandlerMixin from mod fabric_networking_api_v1->@Inject::handlePlayTransitionNormal(Lnet/minecraft/server/level/ServerPlayer;Lorg/spongepowered/asm/mixin/injection/callback/CallbackInfo;)V doesn't use it's CallbackInfo
[24Jul2025 19:23:36.814] [modloading-worker-0/DEBUG] [mixin/]: fabric-networking-api-v1.mixins.json:ServerLoginNetworkHandlerMixin from mod fabric_networking_api_v1->@Inject::handlePlayTransitionNormal(Lnet/minecraft/server/level/ServerPlayer;Lorg/spongepowered/asm/mixin/injection/callback/CallbackInfo;)V has 0 override(s) in child classes
[24Jul2025 19:23:36.814] [modloading-worker-0/DEBUG] [mixin/]: fabric-networking-api-v1.mixins.json:ServerLoginNetworkHandlerMixin from mod fabric_networking_api_v1->@Inject::handlePlayTransitionNormal(Lnet/minecraft/server/level/ServerPlayer;Lorg/spongepowered/asm/mixin/injection/callback/CallbackInfo;)V won't be passed a CallbackInfo as a result
[24Jul2025 19:23:36.814] [modloading-worker-0/DEBUG] [mixin/]: skinrestorer.mixins.json:ServerLoginPacketListenerImplMixin from mod skinrestorer->@Inject::waitForSkin(Lorg/spongepowered/asm/mixin/injection/callback/CallbackInfo;)V does use it's CallbackInfo
[24Jul2025 19:23:36.819] [modloading-worker-0/DEBUG] [net.minecraftforge.fml.javafmlmod.AutomaticEventSubscriber/LOADING]: Auto-subscribing net.mcreator.midnightlurker.procedures.PlayerHitByAggroProcedure to FORGE
[24Jul2025 19:23:36.824] [modloading-worker-0/DEBUG] [net.minecraftforge.fml.javafmlmod.AutomaticEventSubscriber/LOADING]: Auto-subscribing net.mcreator.midnightlurker.procedures.PlayerDeathProcedure to FORGE
[24Jul2025 19:23:36.825] [modloading-worker-0/DEBUG] [net.minecraftforge.fml.javafmlmod.AutomaticEventSubscriber/LOADING]: Auto-subscribing net.mcreator.midnightlurker.procedures.PlayerBlockingLurkernotinvulnerableProcedure to FORGE
[24Jul2025 19:23:36.826] [modloading-worker-0/DEBUG] [net.minecraftforge.fml.javafmlmod.AutomaticEventSubscriber/LOADING]: Auto-subscribing net.mcreator.midnightlurker.procedures.MidnightLurkerStareEntityIsHurtProcedure to FORGE
[24Jul2025 19:23:36.830] [modloading-worker-0/DEBUG] [net.minecraftforge.fml.javafmlmod.AutomaticEventSubscriber/LOADING]: Auto-subscribing net.mcreator.midnightlurker.procedures.MidnightLurkerShadowEyesEntityIsHurtProcedure to FORGE
[24Jul2025 19:23:36.830] [modloading-worker-0/DEBUG] [net.minecraftforge.fml.javafmlmod.AutomaticEventSubscriber/LOADING]: Auto-subscribing net.mcreator.midnightlurker.procedures.MidnightLurkerShadowEntityIsHurtProcedure to FORGE
[24Jul2025 19:23:36.831] [modloading-worker-0/DEBUG] [net.minecraftforge.fml.javafmlmod.AutomaticEventSubscriber/LOADING]: Attempting to inject @EventBusSubscriber classes into the eventbus for fabric_networking_api_v1
[24Jul2025 19:23:36.831] [modloading-worker-0/DEBUG] [net.minecraftforge.fml.javafmlmod.AutomaticEventSubscriber/LOADING]: Attempting to inject @EventBusSubscriber classes into the eventbus for fabric_sound_api_v1
[24Jul2025 19:23:36.831] [modloading-worker-0/DEBUG] [net.minecraftforge.fml.javafmlmod.AutomaticEventSubscriber/LOADING]: Auto-subscribing net.mcreator.midnightlurker.procedures.MidnightLurkerRuntrueEntityIsHurtProcedure to FORGE
[24Jul2025 19:23:36.831] [modloading-worker-0/DEBUG] [net.minecraftforge.fml.javafmlmod.AutomaticEventSubscriber/LOADING]: Attempting to inject @EventBusSubscriber classes into the eventbus for mr_animated_doors
[24Jul2025 19:23:36.833] [modloading-worker-0/DEBUG] [net.minecraftforge.fml.javafmlmod.AutomaticEventSubscriber/LOADING]: Auto-subscribing net.mcreator.midnightlurker.procedures.MidnightLurkerHiderEntityIsHurtProcedure to FORGE
[24Jul2025 19:23:36.833] [modloading-worker-0/DEBUG] [net.minecraftforge.fml.javafmlmod.AutomaticEventSubscriber/LOADING]: Attempting to inject @EventBusSubscriber classes into the eventbus for fabric_message_api_v1
[24Jul2025 19:23:36.837] [modloading-worker-0/DEBUG] [net.minecraftforge.fml.javafmlmod.AutomaticEventSubscriber/LOADING]: Auto-subscribing net.mcreator.midnightlurker.procedures.MidnightLurkerFakerWatcherEntityIsHurtProcedure to FORGE
[24Jul2025 19:23:36.840] [modloading-worker-0/DEBUG] [net.minecraftforge.fml.javafmlmod.AutomaticEventSubscriber/LOADING]: Auto-subscribing net.mcreator.midnightlurker.procedures.MidnightLurkerFakerEntityIsHurtProcedure to FORGE
[24Jul2025 19:23:36.841] [modloading-worker-0/DEBUG] [net.minecraftforge.fml.javafmlmod.AutomaticEventSubscriber/LOADING]: Auto-subscribing net.mcreator.midnightlurker.procedures.MidnightLurkerFakerAggroEntityIsHurtProcedure to FORGE
[24Jul2025 19:23:36.842] [modloading-worker-0/DEBUG] [net.minecraftforge.fml.javafmlmod.AutomaticEventSubscriber/LOADING]: Auto-subscribing net.mcreator.midnightlurker.procedures.MidnightLurkerAggressiveEntityIsHurtProcedure to FORGE
[24Jul2025 19:23:36.843] [modloading-worker-0/DEBUG] [net.minecraftforge.fml.javafmlmod.AutomaticEventSubscriber/LOADING]: Auto-subscribing net.mcreator.midnightlurker.procedures.LurkerfaceparticleprocedureProcedure to FORGE
[24Jul2025 19:23:36.844] [modloading-worker-0/DEBUG] [net.minecraftforge.fml.javafmlmod.AutomaticEventSubscriber/LOADING]: Auto-subscribing net.mcreator.midnightlurker.procedures.LurkerconfigProcedure to MOD
[24Jul2025 19:23:36.845] [modloading-worker-0/DEBUG] [net.minecraftforge.fml.javafmlmod.AutomaticEventSubscriber/LOADING]: Auto-subscribing net.mcreator.midnightlurker.procedures.JumpscareTimerProcedure to FORGE
[24Jul2025 19:23:36.847] [modloading-worker-0/DEBUG] [net.minecraftforge.fml.javafmlmod.AutomaticEventSubscriber/LOADING]: Auto-subscribing net.mcreator.midnightlurker.procedures.Insanitystage7Procedure to FORGE
[24Jul2025 19:23:36.851] [modloading-worker-0/DEBUG] [net.minecraftforge.fml.javafmlmod.AutomaticEventSubscriber/LOADING]: Auto-subscribing net.mcreator.midnightlurker.procedures.InsanityoverlayrendersProcedure to FORGE
[24Jul2025 19:23:36.852] [modloading-worker-0/DEBUG] [net.minecraftforge.fml.javafmlmod.AutomaticEventSubscriber/LOADING]: Auto-subscribing net.mcreator.midnightlurker.procedures.InsanityStageTimerProcedure to FORGE
[24Jul2025 19:23:36.855] [modloading-worker-0/DEBUG] [net.minecraftforge.fml.javafmlmod.AutomaticEventSubscriber/LOADING]: Auto-subscribing net.mcreator.midnightlurker.procedures.InsanitySleepProcedure to FORGE
[24Jul2025 19:23:36.856] [modloading-worker-0/DEBUG] [net.minecraftforge.fml.javafmlmod.AutomaticEventSubscriber/LOADING]: Attempting to inject @EventBusSubscriber classes into the eventbus for itsnotreal
[24Jul2025 19:23:36.856] [modloading-worker-0/DEBUG] [net.minecraftforge.fml.javafmlmod.AutomaticEventSubscriber/LOADING]: Auto-subscribing net.mcreator.itsnotreal.world.features.StructureFeature to FORGE
[24Jul2025 19:23:36.856] [modloading-worker-0/DEBUG] [net.minecraftforge.fml.javafmlmod.AutomaticEventSubscriber/LOADING]: Auto-subscribing net.mcreator.midnightlurker.procedures.InsanityReduceProcedure to FORGE
[24Jul2025 19:23:36.858] [modloading-worker-0/DEBUG] [net.minecraftforge.fml.javafmlmod.AutomaticEventSubscriber/LOADING]: Auto-subscribing net.mcreator.midnightlurker.procedures.InsanityFoodReduceProcedure to FORGE
[24Jul2025 19:23:36.859] [modloading-worker-0/DEBUG] [net.minecraftforge.fml.javafmlmod.AutomaticEventSubscriber/LOADING]: Auto-subscribing net.mcreator.itsnotreal.world.dimension.ItsYourFaultDimension to FORGE
[24Jul2025 19:23:36.860] [modloading-worker-0/DEBUG] [net.minecraftforge.fml.javafmlmod.AutomaticEventSubscriber/LOADING]: Auto-subscribing net.mcreator.midnightlurker.procedures.GetDoorRecipeSmeltProcedure to FORGE
[24Jul2025 19:23:36.860] [modloading-worker-0/DEBUG] [net.minecraftforge.fml.javafmlmod.AutomaticEventSubscriber/LOADING]: Auto-subscribing net.mcreator.itsnotreal.world.dimension.ItsYourFaultDimension$DimensionSpecialEffectsHandler to MOD
[24Jul2025 19:23:36.861] [modloading-worker-0/DEBUG] [net.minecraftforge.fml.javafmlmod.AutomaticEventSubscriber/LOADING]: Auto-subscribing net.mcreator.itsnotreal.world.dimension.ITSNOTREALDimensionDimension to FORGE
[24Jul2025 19:23:36.862] [modloading-worker-0/DEBUG] [net.minecraftforge.fml.javafmlmod.AutomaticEventSubscriber/LOADING]: Auto-subscribing net.mcreator.itsnotreal.world.dimension.ITSNOTREALDimensionDimension$DimensionSpecialEffectsHandler to MOD
[24Jul2025 19:23:36.862] [modloading-worker-0/DEBUG] [net.minecraftforge.fml.javafmlmod.AutomaticEventSubscriber/LOADING]: Auto-subscribing net.mcreator.itsnotreal.procedures.TreeGrowProcedure to FORGE
[24Jul2025 19:23:36.863] [modloading-worker-0/DEBUG] [net.minecraftforge.fml.javafmlmod.AutomaticEventSubscriber/LOADING]: Auto-subscribing net.mcreator.itsnotreal.procedures.StupidFuckingBugGRAHHProcedure to FORGE
[24Jul2025 19:23:36.861] [modloading-worker-0/DEBUG] [net.minecraftforge.fml.javafmlmod.AutomaticEventSubscriber/LOADING]: Auto-subscribing net.mcreator.midnightlurker.procedures.GetDoorRecipePickupProcedure to FORGE
[24Jul2025 19:23:36.864] [modloading-worker-0/DEBUG] [net.minecraftforge.fml.javafmlmod.AutomaticEventSubscriber/LOADING]: Auto-subscribing net.mcreator.midnightlurker.procedures.GetDoorRecipeCraftProcedure to FORGE
[24Jul2025 19:23:36.866] [modloading-worker-0/DEBUG] [net.minecraftforge.fml.javafmlmod.AutomaticEventSubscriber/LOADING]: Auto-subscribing net.mcreator.midnightlurker.procedures.EncounterProcProcedure to FORGE
[24Jul2025 19:23:36.867] [modloading-worker-0/DEBUG] [net.minecraftforge.fml.javafmlmod.AutomaticEventSubscriber/LOADING]: Auto-subscribing net.mcreator.itsnotreal.procedures.SpawningShitsProcedure to FORGE
[24Jul2025 19:23:36.868] [modloading-worker-0/DEBUG] [net.minecraftforge.fml.javafmlmod.AutomaticEventSubscriber/LOADING]: Auto-subscribing net.mcreator.midnightlurker.procedures.DestroytexEntityIsHurtProcedure to FORGE
[24Jul2025 19:23:36.868] [modloading-worker-0/DEBUG] [net.minecraftforge.fml.javafmlmod.AutomaticEventSubscriber/LOADING]: Auto-subscribing net.mcreator.itsnotreal.procedures.SoundsNStuffProcedure to FORGE
[24Jul2025 19:23:36.869] [modloading-worker-0/DEBUG] [net.minecraftforge.fml.javafmlmod.AutomaticEventSubscriber/LOADING]: Auto-subscribing net.mcreator.midnightlurker.procedures.Destroytex4EntityIsHurtProcedure to FORGE
[24Jul2025 19:23:36.869] [modloading-worker-0/DEBUG] [net.minecraftforge.fml.javafmlmod.AutomaticEventSubscriber/LOADING]: Auto-subscribing net.mcreator.midnightlurker.procedures.Destroytex3EntityIsHurtProcedure to FORGE
[24Jul2025 19:23:36.871] [modloading-worker-0/DEBUG] [net.minecraftforge.fml.javafmlmod.AutomaticEventSubscriber/LOADING]: Auto-subscribing net.mcreator.itsnotreal.procedures.RaytraceStuffProcedure to FORGE
[24Jul2025 19:23:36.872] [modloading-worker-0/DEBUG] [net.minecraftforge.fml.javafmlmod.AutomaticEventSubscriber/LOADING]: Auto-subscribing net.mcreator.itsnotreal.procedures.RaytraceStuff2Procedure to FORGE
[24Jul2025 19:23:36.873] [modloading-worker-0/DEBUG] [net.minecraftforge.fml.javafmlmod.AutomaticEventSubscriber/LOADING]: Auto-subscribing net.mcreator.midnightlurker.procedures.Destroytex2EntityIsHurtProcedure to FORGE
[24Jul2025 19:23:36.874] [modloading-worker-0/DEBUG] [net.minecraftforge.fml.javafmlmod.AutomaticEventSubscriber/LOADING]: Auto-subscribing net.mcreator.itsnotreal.procedures.NoSuffocationProcedure to FORGE
[24Jul2025 19:23:36.875] [modloading-worker-0/DEBUG] [net.minecraftforge.fml.javafmlmod.AutomaticEventSubscriber/LOADING]: Auto-subscribing net.mcreator.itsnotreal.procedures.NoSuffocationInDimensionProcedure to FORGE
[24Jul2025 19:23:36.875] [modloading-worker-0/DEBUG] [net.minecraftforge.fml.javafmlmod.AutomaticEventSubscriber/LOADING]: Auto-subscribing net.mcreator.midnightlurker.procedures.DeathJumpTimerProcedure to FORGE
[24Jul2025 19:23:36.877] [modloading-worker-0/DEBUG] [net.minecraftforge.fml.javafmlmod.AutomaticEventSubscriber/LOADING]: Auto-subscribing net.mcreator.midnightlurker.procedures.AmnesiaStageAddProcedure to FORGE
[24Jul2025 19:23:36.878] [modloading-worker-0/DEBUG] [net.minecraftforge.fml.javafmlmod.AutomaticEventSubscriber/LOADING]: Auto-subscribing net.mcreator.itsnotreal.procedures.NoSleepProcedure to FORGE
[24Jul2025 19:23:36.879] [modloading-worker-0/DEBUG] [net.minecraftforge.fml.javafmlmod.AutomaticEventSubscriber/LOADING]: Auto-subscribing net.mcreator.midnightlurker.procedures.AggroPotionAddTickProcedure to FORGE
[24Jul2025 19:23:36.880] [modloading-worker-0/DEBUG] [net.minecraftforge.fml.javafmlmod.AutomaticEventSubscriber/LOADING]: Auto-subscribing net.mcreator.itsnotreal.procedures.NoPeacefulProcedure to FORGE
[24Jul2025 19:23:36.882] [modloading-worker-0/DEBUG] [net.minecraftforge.fml.javafmlmod.AutomaticEventSubscriber/LOADING]: Attempting to inject @EventBusSubscriber classes into the eventbus for the_anomaly
[24Jul2025 19:23:36.882] [modloading-worker-0/DEBUG] [net.minecraftforge.fml.javafmlmod.AutomaticEventSubscriber/LOADING]: Auto-subscribing net.mcreator.theanomaly.procedures.WhenWorldLoadedProcedure to FORGE
[24Jul2025 19:23:36.882] [modloading-worker-0/DEBUG] [net.minecraftforge.fml.javafmlmod.AutomaticEventSubscriber/LOADING]: Auto-subscribing net.mcreator.midnightlurker.network.MidnightlurkerModVariables to MOD
[24Jul2025 19:23:36.883] [modloading-worker-0/DEBUG] [net.minecraftforge.fml.javafmlmod.AutomaticEventSubscriber/LOADING]: Auto-subscribing net.mcreator.itsnotreal.procedures.NoEntityInNewDimensionsProcedure to FORGE
[24Jul2025 19:23:36.885] [modloading-worker-0/DEBUG] [net.minecraftforge.fml.javafmlmod.AutomaticEventSubscriber/LOADING]: Auto-subscribing net.mcreator.theanomaly.procedures.WhenPlayerWakesUpProcedure to FORGE
[24Jul2025 19:23:36.887] [modloading-worker-0/DEBUG] [net.minecraftforge.fml.javafmlmod.AutomaticEventSubscriber/LOADING]: Auto-subscribing net.mcreator.itsnotreal.procedures.DayVariablesProcedure to FORGE
[24Jul2025 19:23:36.887] [modloading-worker-0/DEBUG] [net.minecraftforge.fml.javafmlmod.AutomaticEventSubscriber/LOADING]: Auto-subscribing net.mcreator.midnightlurker.network.MidnightlurkerModVariables$PlayerVariablesProvider to FORGE
[24Jul2025 19:23:36.888] [modloading-worker-0/DEBUG] [net.minecraftforge.fml.javafmlmod.AutomaticEventSubscriber/LOADING]: Auto-subscribing net.mcreator.theanomaly.procedures.IsPlayerLookingProcedure to FORGE
[24Jul2025 19:23:36.891] [modloading-worker-0/DEBUG] [net.minecraftforge.fml.javafmlmod.AutomaticEventSubscriber/LOADING]: Auto-subscribing net.mcreator.itsnotreal.network.ItsnotrealModVariables to MOD
[24Jul2025 19:23:36.893] [modloading-worker-0/DEBUG] [net.minecraftforge.fml.javafmlmod.AutomaticEventSubscriber/LOADING]: Auto-subscribing net.mcreator.theanomaly.procedures.GetPlayerSpawnProcedure to FORGE
[24Jul2025 19:23:36.893] [modloading-worker-0/DEBUG] [net.minecraftforge.fml.javafmlmod.AutomaticEventSubscriber/LOADING]: Auto-subscribing net.mcreator.midnightlurker.network.MidnightlurkerModVariables$EventBusVariableHandlers to FORGE
[24Jul2025 19:23:36.895] [modloading-worker-0/DEBUG] [net.minecraftforge.fml.javafmlmod.AutomaticEventSubscriber/LOADING]: Auto-subscribing net.mcreator.itsnotreal.network.ItsnotrealModVariables$PlayerVariablesProvider to FORGE
[24Jul2025 19:23:36.896] [modloading-worker-0/DEBUG] [net.minecraftforge.fml.javafmlmod.AutomaticEventSubscriber/LOADING]: Auto-subscribing net.mcreator.itsnotreal.network.ItsnotrealModVariables$EventBusVariableHandlers to FORGE
[24Jul2025 19:23:36.896] [modloading-worker-0/DEBUG] [net.minecraftforge.fml.javafmlmod.AutomaticEventSubscriber/LOADING]: Auto-subscribing net.mcreator.theanomaly.network.TheAnomalyModVariables to MOD
[24Jul2025 19:23:36.902] [modloading-worker-0/DEBUG] [net.minecraftforge.fml.javafmlmod.AutomaticEventSubscriber/LOADING]: Auto-subscribing net.mcreator.midnightlurker.init.MidnightlurkerModTabs to MOD
[24Jul2025 19:23:36.902] [modloading-worker-0/DEBUG] [net.minecraftforge.fml.javafmlmod.AutomaticEventSubscriber/LOADING]: Auto-subscribing net.mcreator.midnightlurker.init.MidnightlurkerModEntities to MOD
[24Jul2025 19:23:36.903] [modloading-worker-0/DEBUG] [net.minecraftforge.fml.javafmlmod.AutomaticEventSubscriber/LOADING]: Auto-subscribing net.mcreator.theanomaly.network.TheAnomalyModVariables$PlayerVariablesProvider to FORGE
[24Jul2025 19:23:36.904] [modloading-worker-0/DEBUG] [net.minecraftforge.fml.javafmlmod.AutomaticEventSubscriber/LOADING]: Auto-subscribing net.mcreator.theanomaly.network.TheAnomalyModVariables$EventBusVariableHandlers to FORGE
[24Jul2025 19:23:36.905] [modloading-worker-0/DEBUG] [net.minecraftforge.fml.javafmlmod.AutomaticEventSubscriber/LOADING]: Auto-subscribing net.mcreator.itsnotreal.network.CloseEyesMessage to MOD
[24Jul2025 19:23:36.906] [modloading-worker-0/DEBUG] [net.minecraftforge.fml.javafmlmod.AutomaticEventSubscriber/LOADING]: Auto-subscribing net.mcreator.midnightlurker.init.EntityAnimationFactory to FORGE
[24Jul2025 19:23:36.907] [modloading-worker-0/DEBUG] [net.minecraftforge.fml.javafmlmod.AutomaticEventSubscriber/LOADING]: Auto-subscribing net.mcreator.itsnotreal.init.ItsnotrealModTabs to MOD
[24Jul2025 19:23:36.907] [modloading-worker-0/DEBUG] [net.minecraftforge.fml.javafmlmod.AutomaticEventSubscriber/LOADING]: Auto-subscribing net.mcreator.itsnotreal.init.ItsnotrealModEntities to MOD
[24Jul2025 19:23:36.910] [modloading-worker-0/DEBUG] [net.minecraftforge.fml.javafmlmod.AutomaticEventSubscriber/LOADING]: Auto-subscribing net.mcreator.itsnotreal.init.EntityAnimationFactory to FORGE
[24Jul2025 19:23:36.910] [modloading-worker-0/DEBUG] [net.minecraftforge.fml.javafmlmod.AutomaticEventSubscriber/LOADING]: Auto-subscribing net.mcreator.midnightlurker.command.Setinsanitystage6commandCommand to FORGE
[24Jul2025 19:23:36.911] [modloading-worker-0/DEBUG] [net.minecraftforge.fml.javafmlmod.AutomaticEventSubscriber/LOADING]: Auto-subscribing net.mcreator.midnightlurker.command.InsanitytimeaddCommand to FORGE
[24Jul2025 19:23:36.912] [modloading-worker-0/DEBUG] [net.minecraftforge.fml.javafmlmod.AutomaticEventSubscriber/LOADING]: Auto-subscribing net.mcreator.theanomaly.init.TheAnomalyModEntities to MOD
[24Jul2025 19:23:36.913] [modloading-worker-0/DEBUG] [net.minecraftforge.fml.javafmlmod.AutomaticEventSubscriber/LOADING]: Auto-subscribing net.mcreator.theanomaly.init.EntityAnimationFactory to FORGE
[24Jul2025 19:23:36.914] [modloading-worker-0/DEBUG] [net.minecraftforge.fml.javafmlmod.AutomaticEventSubscriber/LOADING]: Auto-subscribing net.mcreator.midnightlurker.command.InsanitythingCommand to FORGE
[24Jul2025 19:23:36.915] [modloading-worker-0/DEBUG] [net.minecraftforge.fml.javafmlmod.AutomaticEventSubscriber/LOADING]: Auto-subscribing net.mcreator.midnightlurker.command.DevOverlayCommand to FORGE
[24Jul2025 19:23:36.916] [modloading-worker-0/DEBUG] [net.minecraftforge.fml.javafmlmod.AutomaticEventSubscriber/LOADING]: Auto-subscribing net.mcreator.midnightlurker.command.DevOverlay2Command to FORGE
[24Jul2025 19:23:36.917] [modloading-worker-0/DEBUG] [net.minecraftforge.fml.javafmlmod.AutomaticEventSubscriber/LOADING]: Auto-subscribing net.mcreator.theanomaly.command.WorldTimeCommand to FORGE
[24Jul2025 19:23:36.917] [modloading-worker-0/DEBUG] [net.minecraftforge.fml.javafmlmod.AutomaticEventSubscriber/LOADING]: Attempting to inject @EventBusSubscriber classes into the eventbus for fabric_lifecycle_events_v1
[24Jul2025 19:23:36.918] [modloading-worker-0/DEBUG] [net.minecraftforge.fml.javafmlmod.AutomaticEventSubscriber/LOADING]: Auto-subscribing net.mcreator.theanomaly.command.SetPhaseCommand to FORGE
[24Jul2025 19:23:36.919] [modloading-worker-0/DEBUG] [net.minecraftforge.fml.javafmlmod.AutomaticEventSubscriber/LOADING]: Auto-subscribing net.mcreator.theanomaly.command.PhaseCommand to FORGE
[24Jul2025 19:23:36.920] [modloading-worker-0/DEBUG] [net.minecraftforge.fml.javafmlmod.AutomaticEventSubscriber/LOADING]: Auto-subscribing net.mcreator.theanomaly.command.AnomalyConfigCommand to FORGE
[24Jul2025 19:23:36.921] [modloading-worker-0/DEBUG] [net.minecraftforge.fml.javafmlmod.AutomaticEventSubscriber/LOADING]: Auto-subscribing net.mcreator.theanomaly.TheAnomalyMod$initer to MOD
[24Jul2025 19:23:36.922] [modloading-worker-0/DEBUG] [net.minecraftforge.fml.javafmlmod.AutomaticEventSubscriber/LOADING]: Attempting to inject @EventBusSubscriber classes into the eventbus for fabric_data_generation_api_v1
[24Jul2025 19:23:36.925] [modloading-worker-0/DEBUG] [net.minecraftforge.fml.javafmlmod.AutomaticEventSubscriber/LOADING]: Attempting to inject @EventBusSubscriber classes into the eventbus for fabric_key_binding_api_v1
[24Jul2025 19:23:36.925] [modloading-worker-0/DEBUG] [net.minecraftforge.fml.javafmlmod.AutomaticEventSubscriber/LOADING]: Attempting to inject @EventBusSubscriber classes into the eventbus for fabric_client_tags_api_v1
[24Jul2025 19:23:36.929] [modloading-worker-0/DEBUG] [SkinRestorer/]: Loaded net.lionarius.skinrestorer.forge.platform.ForgePlatformHelper@152e41a for service interface net.lionarius.skinrestorer.platform.services.PlatformHelper
[24Jul2025 19:23:36.930] [modloading-worker-0/DEBUG] [SkinRestorer/]: Loaded net.lionarius.skinrestorer.forge.platform.ForgeCompatibilityHelper@43a9e14c for service interface net.lionarius.skinrestorer.platform.services.CompatibilityHelper
[24Jul2025 19:23:36.938] [modloading-worker-0/DEBUG] [net.minecraftforge.fml.javafmlmod.AutomaticEventSubscriber/LOADING]: Attempting to inject @EventBusSubscriber classes into the eventbus for fabric_events_interaction_v0
[24Jul2025 19:23:37.100] [modloading-worker-0/DEBUG] [net.minecraftforge.fml.javafmlmod.AutomaticEventSubscriber/LOADING]: Attempting to inject @EventBusSubscriber classes into the eventbus for no_moon
[24Jul2025 19:23:37.100] [modloading-worker-0/DEBUG] [net.minecraftforge.fml.javafmlmod.AutomaticEventSubscriber/LOADING]: Auto-subscribing net.mcreator.nomoon.world.dimension.LostDimension to FORGE
[24Jul2025 19:23:37.101] [modloading-worker-0/DEBUG] [net.minecraftforge.fml.javafmlmod.AutomaticEventSubscriber/LOADING]: Auto-subscribing net.mcreator.nomoon.world.dimension.LostDimension$LostSpecialEffectsHandler to MOD
[24Jul2025 19:23:37.102] [modloading-worker-0/DEBUG] [net.minecraftforge.fml.javafmlmod.AutomaticEventSubscriber/LOADING]: Auto-subscribing net.mcreator.nomoon.world.dimension.Core77Dimension to FORGE
[24Jul2025 19:23:37.102] [modloading-worker-0/DEBUG] [net.minecraftforge.fml.javafmlmod.AutomaticEventSubscriber/LOADING]: Auto-subscribing net.mcreator.nomoon.world.dimension.Core77Dimension$Core77SpecialEffectsHandler to MOD
[24Jul2025 19:23:37.102] [modloading-worker-0/DEBUG] [net.minecraftforge.fml.javafmlmod.AutomaticEventSubscriber/LOADING]: Auto-subscribing net.mcreator.nomoon.world.dimension.BedrockDimension to FORGE
[24Jul2025 19:23:37.103] [modloading-worker-0/DEBUG] [net.minecraftforge.fml.javafmlmod.AutomaticEventSubscriber/LOADING]: Auto-subscribing net.mcreator.nomoon.world.dimension.BedrockDimension$BedrockSpecialEffectsHandler to MOD
[24Jul2025 19:23:37.103] [modloading-worker-0/DEBUG] [net.minecraftforge.fml.javafmlmod.AutomaticEventSubscriber/LOADING]: Auto-subscribing net.mcreator.nomoon.world.dimension.AloneForeverDimension to FORGE
[24Jul2025 19:23:37.104] [modloading-worker-0/DEBUG] [net.minecraftforge.fml.javafmlmod.AutomaticEventSubscriber/LOADING]: Auto-subscribing net.mcreator.nomoon.world.dimension.AloneForeverDimension$AloneForeverSpecialEffectsHandler to MOD
[24Jul2025 19:23:37.105] [modloading-worker-0/DEBUG] [net.minecraftforge.fml.javafmlmod.AutomaticEventSubscriber/LOADING]: Auto-subscribing net.mcreator.nomoon.procedures.WorldTickProcedure to FORGE
[24Jul2025 19:23:37.106] [modloading-worker-0/DEBUG] [net.minecraftforge.fml.javafmlmod.AutomaticEventSubscriber/LOADING]: Auto-subscribing net.mcreator.nomoon.procedures.PlayerXPLevelChangesProcedure to FORGE
[24Jul2025 19:23:37.108] [modloading-worker-0/DEBUG] [net.minecraftforge.fml.javafmlmod.AutomaticEventSubscriber/LOADING]: Auto-subscribing net.mcreator.nomoon.procedures.PlayerWakeUpProcedure to FORGE
[24Jul2025 19:23:37.109] [modloading-worker-0/DEBUG] [net.minecraftforge.fml.javafmlmod.AutomaticEventSubscriber/LOADING]: Auto-subscribing net.mcreator.nomoon.procedures.PlayerTickNewProcedure to FORGE
[24Jul2025 19:23:37.113] [modloading-worker-0/DEBUG] [net.minecraftforge.fml.javafmlmod.AutomaticEventSubscriber/LOADING]: Auto-subscribing net.mcreator.nomoon.procedures.PlayerLeavesProcedure to FORGE
[24Jul2025 19:23:37.114] [modloading-worker-0/DEBUG] [net.minecraftforge.fml.javafmlmod.AutomaticEventSubscriber/LOADING]: Auto-subscribing net.mcreator.nomoon.procedures.PlayerKillProcedure to FORGE
[24Jul2025 19:23:37.115] [modloading-worker-0/DEBUG] [net.minecraftforge.fml.javafmlmod.AutomaticEventSubscriber/LOADING]: Auto-subscribing net.mcreator.nomoon.procedures.PlayerJoinProcedure to FORGE
[24Jul2025 19:23:37.117] [modloading-worker-0/DEBUG] [net.minecraftforge.fml.javafmlmod.AutomaticEventSubscriber/LOADING]: Auto-subscribing net.mcreator.nomoon.procedures.PlayerGetsAdvencementProcedure to FORGE
[24Jul2025 19:23:37.118] [modloading-worker-0/DEBUG] [net.minecraftforge.fml.javafmlmod.AutomaticEventSubscriber/LOADING]: Auto-subscribing net.mcreator.nomoon.procedures.PlayerFishesItemProcedure to FORGE
[24Jul2025 19:23:37.119] [modloading-worker-0/DEBUG] [net.minecraftforge.fml.javafmlmod.AutomaticEventSubscriber/LOADING]: Auto-subscribing net.mcreator.nomoon.procedures.PlayerDealsCriticalHitProcedure to FORGE
[24Jul2025 19:23:37.121] [modloading-worker-0/DEBUG] [net.minecraftforge.fml.javafmlmod.AutomaticEventSubscriber/LOADING]: Auto-subscribing net.mcreator.nomoon.procedures.PlayerCommandProcedure to FORGE
[24Jul2025 19:23:37.122] [modloading-worker-0/DEBUG] [net.minecraftforge.fml.javafmlmod.AutomaticEventSubscriber/LOADING]: Auto-subscribing net.mcreator.nomoon.procedures.PlayerChatProcedure to FORGE
[24Jul2025 19:23:37.124] [modloading-worker-0/DEBUG] [net.minecraftforge.fml.javafmlmod.AutomaticEventSubscriber/LOADING]: Auto-subscribing net.mcreator.nomoon.procedures.PlayerBedProcedure to FORGE
[24Jul2025 19:23:37.125] [modloading-worker-0/DEBUG] [net.minecraftforge.fml.javafmlmod.AutomaticEventSubscriber/LOADING]: Auto-subscribing net.mcreator.nomoon.procedures.OnEntitySpawnProcedure to FORGE
[24Jul2025 19:23:37.125] [modloading-worker-0/DEBUG] [net.minecraftforge.fml.javafmlmod.AutomaticEventSubscriber/LOADING]: Auto-subscribing net.mcreator.nomoon.procedures.EntityTickProcedure to FORGE
[24Jul2025 19:23:37.126] [modloading-worker-0/DEBUG] [net.minecraftforge.fml.javafmlmod.AutomaticEventSubscriber/LOADING]: Auto-subscribing net.mcreator.nomoon.procedures.EntityDiesProcedure to FORGE
[24Jul2025 19:23:37.127] [modloading-worker-0/DEBUG] [net.minecraftforge.fml.javafmlmod.AutomaticEventSubscriber/LOADING]: Auto-subscribing net.mcreator.nomoon.procedures.BlockPlacedProcedure to FORGE
[24Jul2025 19:23:37.128] [modloading-worker-0/DEBUG] [net.minecraftforge.fml.javafmlmod.AutomaticEventSubscriber/LOADING]: Auto-subscribing net.mcreator.nomoon.network.TerminalUIButtonMessage to MOD
[24Jul2025 19:23:37.129] [modloading-worker-0/DEBUG] [net.minecraftforge.fml.javafmlmod.AutomaticEventSubscriber/LOADING]: Auto-subscribing net.mcreator.nomoon.network.NoMoonModVariables to MOD
[24Jul2025 19:23:37.131] [modloading-worker-0/DEBUG] [net.minecraftforge.fml.javafmlmod.AutomaticEventSubscriber/LOADING]: Auto-subscribing net.mcreator.nomoon.network.NoMoonModVariables$PlayerVariablesProvider to FORGE
[24Jul2025 19:23:37.134] [modloading-worker-0/DEBUG] [net.minecraftforge.fml.javafmlmod.AutomaticEventSubscriber/LOADING]: Auto-subscribing net.mcreator.nomoon.network.NoMoonModVariables$EventBusVariableHandlers to FORGE
[24Jul2025 19:23:37.141] [modloading-worker-0/DEBUG] [net.minecraftforge.fml.javafmlmod.AutomaticEventSubscriber/LOADING]: Auto-subscribing net.mcreator.nomoon.network.EventBlockGUIButtonMessage to MOD
[24Jul2025 19:23:37.142] [modloading-worker-0/DEBUG] [net.minecraftforge.fml.javafmlmod.AutomaticEventSubscriber/LOADING]: Auto-subscribing net.mcreator.nomoon.init.NoMoonModTabs to MOD
[24Jul2025 19:23:37.143] [modloading-worker-0/DEBUG] [net.minecraftforge.fml.javafmlmod.AutomaticEventSubscriber/LOADING]: Auto-subscribing net.mcreator.nomoon.init.NoMoonModGameRules to MOD
[24Jul2025 19:23:37.143] [modloading-worker-0/DEBUG] [net.minecraftforge.fml.javafmlmod.AutomaticEventSubscriber/LOADING]: Auto-subscribing net.mcreator.nomoon.init.NoMoonModEntities to MOD
[24Jul2025 19:23:37.144] [modloading-worker-0/DEBUG] [net.minecraftforge.fml.javafmlmod.AutomaticEventSubscriber/LOADING]: Auto-subscribing net.mcreator.nomoon.init.NoMoonModConfigs to MOD
[24Jul2025 19:23:37.145] [modloading-worker-0/DEBUG] [net.minecraftforge.fml.javafmlmod.AutomaticEventSubscriber/LOADING]: Auto-subscribing net.mcreator.nomoon.init.EntityAnimationFactory to FORGE
[24Jul2025 19:23:37.146] [modloading-worker-0/DEBUG] [net.minecraftforge.fml.javafmlmod.AutomaticEventSubscriber/LOADING]: Auto-subscribing net.mcreator.nomoon.command.UnkillTheVoidCommand to FORGE
[24Jul2025 19:23:37.147] [modloading-worker-0/DEBUG] [net.minecraftforge.fml.javafmlmod.AutomaticEventSubscriber/LOADING]: Auto-subscribing net.mcreator.nomoon.command.TwilightStageCheckCommand to FORGE
[24Jul2025 19:23:37.148] [modloading-worker-0/DEBUG] [net.minecraftforge.fml.javafmlmod.AutomaticEventSubscriber/LOADING]: Auto-subscribing net.mcreator.nomoon.command.SetTwilightStageCommand to FORGE
[24Jul2025 19:23:37.149] [modloading-worker-0/DEBUG] [net.minecraftforge.fml.javafmlmod.AutomaticEventSubscriber/LOADING]: Auto-subscribing net.mcreator.nomoon.command.SetEventCommand to FORGE
[24Jul2025 19:23:37.150] [modloading-worker-0/DEBUG] [net.minecraftforge.fml.javafmlmod.AutomaticEventSubscriber/LOADING]: Auto-subscribing net.mcreator.nomoon.command.ReputationCommand to FORGE
[24Jul2025 19:23:37.151] [modloading-worker-0/DEBUG] [net.minecraftforge.fml.javafmlmod.AutomaticEventSubscriber/LOADING]: Auto-subscribing net.mcreator.nomoon.command.QuestionCommand to FORGE
[24Jul2025 19:23:37.151] [modloading-worker-0/DEBUG] [net.minecraftforge.fml.javafmlmod.AutomaticEventSubscriber/LOADING]: Auto-subscribing net.mcreator.nomoon.command.PlayAnimationCommand to FORGE
[24Jul2025 19:23:37.153] [modloading-worker-0/DEBUG] [net.minecraftforge.fml.javafmlmod.AutomaticEventSubscriber/LOADING]: Auto-subscribing net.mcreator.nomoon.command.MoonPhaseCommand to FORGE
[24Jul2025 19:23:37.154] [modloading-worker-0/DEBUG] [net.minecraftforge.fml.javafmlmod.AutomaticEventSubscriber/LOADING]: Auto-subscribing net.mcreator.nomoon.command.HelpCommand to FORGE
[24Jul2025 19:23:37.155] [modloading-worker-0/DEBUG] [net.minecraftforge.fml.javafmlmod.AutomaticEventSubscriber/LOADING]: Auto-subscribing net.mcreator.nomoon.command.EventCommand to FORGE
[24Jul2025 19:23:37.155] [modloading-worker-0/DEBUG] [net.minecraftforge.fml.javafmlmod.AutomaticEventSubscriber/LOADING]: Auto-subscribing net.mcreator.nomoon.command.CrashCommand to FORGE
[24Jul2025 19:23:37.156] [modloading-worker-0/DEBUG] [net.minecraftforge.fml.javafmlmod.AutomaticEventSubscriber/LOADING]: Auto-subscribing net.mcreator.nomoon.command.CheckPlayerInsanityMeterCommand to FORGE
[24Jul2025 19:23:37.157] [modloading-worker-0/DEBUG] [net.minecraftforge.fml.javafmlmod.AutomaticEventSubscriber/LOADING]: Auto-subscribing net.mcreator.nomoon.command.ChangeMoonPhaseCommand to FORGE
[24Jul2025 19:23:37.159] [modloading-worker-0/DEBUG] [net.minecraftforge.fml.javafmlmod.AutomaticEventSubscriber/LOADING]: Auto-subscribing net.mcreator.nomoon.command.BillycheckCommand to FORGE
[24Jul2025 19:23:37.584] [modloading-worker-0/DEBUG] [net.minecraftforge.fml.javafmlmod.AutomaticEventSubscriber/LOADING]: Attempting to inject @EventBusSubscriber classes into the eventbus for skinrestorer
[24Jul2025 19:23:37.584] [modloading-worker-0/DEBUG] [net.minecraftforge.fml.javafmlmod.AutomaticEventSubscriber/LOADING]: Auto-subscribing net.lionarius.skinrestorer.forge.SkinRestorerForge to FORGE
[24Jul2025 19:23:37.586] [main/DEBUG] [net.minecraftforge.fml.DeferredWorkQueue/LOADING]: Dispatching synchronous work for work queue CONSTRUCT: 2 jobs
[24Jul2025 19:23:37.589] [main/DEBUG] [net.minecraftforge.fml.config.ConfigTracker/CONFIG]: Config file man_config.toml for man tracking
[24Jul2025 19:23:37.589] [main/DEBUG] [net.minecraftforge.fml.config.ConfigTracker/CONFIG]: Config file Mod settings.toml for no_moon tracking
[24Jul2025 19:23:37.590] [main/DEBUG] [net.minecraftforge.fml.config.ConfigTracker/CONFIG]: Config file Client settings.toml for no_moon tracking
[24Jul2025 19:23:37.590] [main/DEBUG] [net.minecraftforge.fml.DeferredWorkQueue/LOADING]: Synchronous work queue completed in 3.137 ms
[24Jul2025 19:23:37.597] [main/DEBUG] [mixin/]: Mixing RegistryLoaderMixin from fabric-registry-sync-v0.mixins.json into net.minecraft.resources.RegistryDataLoader
[24Jul2025 19:23:37.597] [main/DEBUG] [mixin/]: fabric-registry-sync-v0.mixins.json:RegistryLoaderMixin from mod fabric_registry_sync_v0: Class version 61 required is higher than the class version supported by the current version of Mixin (JAVA_16 supports class version 60)
[24Jul2025 19:23:37.598] [main/DEBUG] [mixin/]: Mixing registries.RegistryDataLoaderMixin from connectormod.mixins.json into net.minecraft.resources.RegistryDataLoader
[24Jul2025 19:23:37.599] [main/DEBUG] [mixin/]: Renaming synthetic method lambda$connector$shouldOmitPrefix$0(Lnet/minecraft/resources/ResourceKey;Lnet/minecraft/resources/RegistryDataLoader$RegistryData;)Z to mdc49e9e$connectormod$lambda$connector$shouldOmitPrefix$0$0 in connectormod.mixins.json:registries.RegistryDataLoaderMixin from mod connectormod
[24Jul2025 19:23:37.607] [main/DEBUG] [mixin/]: fabric-registry-sync-v0.mixins.json:RegistryLoaderMixin from mod fabric_registry_sync_v0->@Inject::beforeLoad(Lnet/minecraft/server/packs/resources/ResourceManager;Lnet/minecraft/core/RegistryAccess;Ljava/util/List;Lorg/spongepowered/asm/mixin/injection/callback/CallbackInfoReturnable;Ljava/util/Map;Ljava/util/List;Lnet/minecraft/resources/RegistryOps$RegistryInfoLookup;)V doesn't use it's CallbackInfoReturnable
[24Jul2025 19:23:37.607] [main/DEBUG] [mixin/]: connectormod.mixins.json:registries.RegistryDataLoaderMixin from mod connectormod->@Inject::captureExistingRegistries(Lorg/spongepowered/asm/mixin/injection/callback/CallbackInfo;)V doesn't use it's CallbackInfo
[24Jul2025 19:23:37.607] [main/DEBUG] [mixin/]: connectormod.mixins.json:registries.RegistryDataLoaderMixin from mod connectormod->@Inject::computeInjectedRegistries(Lorg/spongepowered/asm/mixin/injection/callback/CallbackInfo;)V doesn't use it's CallbackInfo
[24Jul2025 19:23:37.623] [main/INFO] [net.minecraft.resources.RegistryDataLoader/]: Capturing existing worldgen registries
[24Jul2025 19:23:37.624] [main/INFO] [net.minecraft.resources.RegistryDataLoader/]: Found 0 injected RegistryDataLoader worldgen registries
[24Jul2025 19:23:37.646] [main/DEBUG] [net.minecraftforge.common.capabilities.CapabilityManager/CAPABILITIES]: Attempting to automatically register: Lnet/minecraftforge/energy/IEnergyStorage;
[24Jul2025 19:23:37.646] [main/DEBUG] [net.minecraftforge.common.capabilities.CapabilityManager/CAPABILITIES]: Attempting to automatically register: Lnet/minecraftforge/fluids/capability/IFluidHandler;
[24Jul2025 19:23:37.646] [main/DEBUG] [net.minecraftforge.common.capabilities.CapabilityManager/CAPABILITIES]: Attempting to automatically register: Lnet/minecraftforge/fluids/capability/IFluidHandlerItem;
[24Jul2025 19:23:37.646] [main/DEBUG] [net.minecraftforge.common.capabilities.CapabilityManager/CAPABILITIES]: Attempting to automatically register: Lnet/minecraftforge/items/IItemHandler;
[24Jul2025 19:23:37.823] [main/DEBUG] [mixin/]: Mixing ingredient.CraftingHelperAccessor from fabric-recipe-api-v1.mixins.json into net.minecraftforge.common.crafting.CraftingHelper
[24Jul2025 19:23:37.824] [main/DEBUG] [mixin/]: Renaming @Accessor method getIngredients()Lcom/google/common/collect/BiMap; to getIngredients$fabric_recipe_api_v1_$md$c49e9e$0 in fabric-recipe-api-v1.mixins.json:ingredient.CraftingHelperAccessor from mod fabric_recipe_api_v1
[24Jul2025 19:23:37.824] [main/DEBUG] [mixin/]: Mixing ingredient.CraftingHelperMixin from fabric-recipe-api-v1.mixins.json into net.minecraftforge.common.crafting.CraftingHelper
[24Jul2025 19:23:37.824] [main/DEBUG] [mixin/]: Renaming synthetic method lambda$static$0()Ljava/lang/Boolean; to mdc49e9e$fabric_recipe_api_v1$lambda$static$0$1 in fabric-recipe-api-v1.mixins.json:ingredient.CraftingHelperMixin from mod fabric_recipe_api_v1
[24Jul2025 19:23:37.827] [main/DEBUG] [mixin/]: fabric-recipe-api-v1.mixins.json:ingredient.CraftingHelperMixin from mod fabric_recipe_api_v1->@Inject::beforeJsonArrayDeserialize(ZLjava/util/List;Ljava/util/List;Lcom/google/gson/JsonElement;Lorg/spongepowered/asm/mixin/injection/callback/CallbackInfo;)V doesn't use it's CallbackInfo
[24Jul2025 19:23:37.827] [main/DEBUG] [mixin/]: fabric-recipe-api-v1.mixins.json:ingredient.CraftingHelperMixin from mod fabric_recipe_api_v1->@Inject::afterJsonArrayDeserialize(ZLjava/util/List;Ljava/util/List;Lcom/google/gson/JsonElement;Lorg/spongepowered/asm/mixin/injection/callback/CallbackInfo;)V doesn't use it's CallbackInfo
[24Jul2025 19:23:37.898] [main/DEBUG] [mixin/]: Mixing ForgeHooksMixin from connectormod.mixins.json into net.minecraftforge.common.ForgeHooks
[24Jul2025 19:23:37.899] [main/DEBUG] [mixin/]: Renaming synthetic method lambda$connector$allowAttributeMixins$0(Lnet/minecraft/world/entity/EntityType;Lnet/minecraft/world/entity/ai/attributes/AttributeSupplier$Builder;)V to mdc49e9e$connectormod$lambda$connector$allowAttributeMixins$0$0 in connectormod.mixins.json:ForgeHooksMixin from mod connectormod
[24Jul2025 19:23:37.900] [main/DEBUG] [mixin/]: Mixing item.ForgeHooksMixin from connectormod.mixins.json into net.minecraftforge.common.ForgeHooks
[24Jul2025 19:23:37.904] [main/DEBUG] [mixin/]: connectormod.mixins.json:ForgeHooksMixin from mod connectormod->@Inject::getFabricVanillaFluidType(Lnet/minecraft/world/level/material/Fluid;Lorg/spongepowered/asm/mixin/injection/callback/CallbackInfoReturnable;)V does use it's CallbackInfoReturnable
[24Jul2025 19:23:37.904] [main/DEBUG] [mixin/]: connectormod.mixins.json:ForgeHooksMixin from mod connectormod->@Inject::connector$allowAttributeMixins(Lorg/spongepowered/asm/mixin/injection/callback/CallbackInfo;)V doesn't use it's CallbackInfo
[24Jul2025 19:23:37.904] [main/DEBUG] [mixin/]: connectormod.mixins.json:item.ForgeHooksMixin from mod connectormod->@Inject::appyUseOn(Lnet/minecraft/world/item/context/UseOnContext;Lorg/spongepowered/asm/mixin/injection/callback/CallbackInfoReturnable;)V does use it's CallbackInfoReturnable
[24Jul2025 19:23:37.988] [main/DEBUG] [net.minecraftforge.fml.config.ConfigTracker/CONFIG]: Loading configs type COMMON
[24Jul2025 19:23:37.989] [main/DEBUG] [net.minecraftforge.fml.config.ConfigFileTypeHandler/CONFIG]: Built TOML config for /workspaces/TPM/servidor_minecraft/config/from_the_shadows.toml
[24Jul2025 19:23:37.990] [main/DEBUG] [net.minecraftforge.fml.config.ConfigFileTypeHandler/CONFIG]: Loaded TOML config file /workspaces/TPM/servidor_minecraft/config/from_the_shadows.toml
[24Jul2025 19:23:37.995] [main/DEBUG] [net.minecraftforge.fml.config.ConfigFileTypeHandler/CONFIG]: Watching TOML config file /workspaces/TPM/servidor_minecraft/config/from_the_shadows.toml for changes
[24Jul2025 19:23:38.010] [Thread-3/DEBUG] [net.minecraftforge.fml.config.ConfigFileTypeHandler/CONFIG]: Config file from_the_shadows.toml changed, sending notifies
[24Jul2025 19:23:38.011] [main/DEBUG] [net.minecraftforge.fml.config.ConfigFileTypeHandler/CONFIG]: Built TOML config for /workspaces/TPM/servidor_minecraft/config/nyfsspiders.toml
[24Jul2025 19:23:38.012] [main/DEBUG] [net.minecraftforge.fml.config.ConfigFileTypeHandler/CONFIG]: Loaded TOML config file /workspaces/TPM/servidor_minecraft/config/nyfsspiders.toml
[24Jul2025 19:23:38.012] [main/DEBUG] [net.minecraftforge.fml.config.ConfigFileTypeHandler/CONFIG]: Watching TOML config file /workspaces/TPM/servidor_minecraft/config/nyfsspiders.toml for changes
[24Jul2025 19:23:38.012] [Thread-3/DEBUG] [net.minecraftforge.fml.config.ConfigFileTypeHandler/CONFIG]: Config file from_the_shadows.toml changed, sending notifies
[24Jul2025 19:23:38.012] [main/DEBUG] [net.minecraftforge.fml.config.ConfigFileTypeHandler/CONFIG]: Built TOML config for /workspaces/TPM/servidor_minecraft/config/waystones-common.toml
[24Jul2025 19:23:38.014] [main/DEBUG] [net.minecraftforge.fml.config.ConfigFileTypeHandler/CONFIG]: Loaded TOML config file /workspaces/TPM/servidor_minecraft/config/waystones-common.toml
[24Jul2025 19:23:38.014] [main/DEBUG] [net.minecraftforge.fml.config.ConfigFileTypeHandler/CONFIG]: Watching TOML config file /workspaces/TPM/servidor_minecraft/config/waystones-common.toml for changes
[24Jul2025 19:23:38.023] [Thread-3/DEBUG] [net.minecraftforge.fml.config.ConfigFileTypeHandler/CONFIG]: Config file waystones-common.toml changed, sending notifies
[24Jul2025 19:23:38.024] [main/DEBUG] [net.minecraftforge.fml.config.ConfigFileTypeHandler/CONFIG]: Built TOML config for /workspaces/TPM/servidor_minecraft/config/balm-common.toml
[24Jul2025 19:23:38.025] [main/DEBUG] [net.minecraftforge.fml.config.ConfigFileTypeHandler/CONFIG]: Loaded TOML config file /workspaces/TPM/servidor_minecraft/config/balm-common.toml
[24Jul2025 19:23:38.026] [main/DEBUG] [net.minecraftforge.fml.config.ConfigFileTypeHandler/CONFIG]: Watching TOML config file /workspaces/TPM/servidor_minecraft/config/balm-common.toml for changes
[24Jul2025 19:23:38.027] [main/DEBUG] [net.minecraftforge.fml.config.ConfigFileTypeHandler/CONFIG]: Built TOML config for /workspaces/TPM/servidor_minecraft/config/man_config.toml
[24Jul2025 19:23:38.027] [Thread-3/DEBUG] [net.minecraftforge.fml.config.ConfigFileTypeHandler/CONFIG]: Config file waystones-common.toml changed, sending notifies
[24Jul2025 19:23:38.027] [main/DEBUG] [net.minecraftforge.fml.config.ConfigFileTypeHandler/CONFIG]: Loaded TOML config file /workspaces/TPM/servidor_minecraft/config/man_config.toml
[24Jul2025 19:23:38.027] [Thread-3/DEBUG] [net.minecraftforge.fml.config.ConfigFileTypeHandler/CONFIG]: Config file balm-common.toml changed, sending notifies
[24Jul2025 19:23:38.028] [main/DEBUG] [net.minecraftforge.fml.config.ConfigFileTypeHandler/CONFIG]: Watching TOML config file /workspaces/TPM/servidor_minecraft/config/man_config.toml for changes
[24Jul2025 19:23:38.028] [Thread-3/DEBUG] [net.minecraftforge.fml.config.ConfigFileTypeHandler/CONFIG]: Config file man_config.toml changed, sending notifies
[24Jul2025 19:23:38.028] [main/DEBUG] [net.minecraftforge.fml.config.ConfigFileTypeHandler/CONFIG]: Built TOML config for /workspaces/TPM/servidor_minecraft/config/Mod settings.toml
[24Jul2025 19:23:38.028] [Thread-3/DEBUG] [net.minecraftforge.fml.config.ConfigFileTypeHandler/CONFIG]: Config file man_config.toml changed, sending notifies
[24Jul2025 19:23:38.029] [main/DEBUG] [net.minecraftforge.fml.config.ConfigFileTypeHandler/CONFIG]: Loaded TOML config file /workspaces/TPM/servidor_minecraft/config/Mod settings.toml
[24Jul2025 19:23:38.029] [main/DEBUG] [net.minecraftforge.fml.config.ConfigFileTypeHandler/CONFIG]: Watching TOML config file /workspaces/TPM/servidor_minecraft/config/Mod settings.toml for changes
[24Jul2025 19:23:38.042] [Forge Version Check/INFO] [net.minecraftforge.fml.VersionChecker/]: [configured] Starting version check at https://mrcrayfish.com/modupdatejson?id=configured
[24Jul2025 19:23:38.101] [modloading-worker-0/DEBUG] [mixin/]: Mixing PlayerListMixin from balm.mixins.json into net.minecraft.server.players.PlayerList
[24Jul2025 19:23:38.102] [modloading-worker-0/DEBUG] [mixin/]: Mixing PlayerListMixin from connectormod.mixins.json into net.minecraft.server.players.PlayerList
[24Jul2025 19:23:38.102] [modloading-worker-0/DEBUG] [mixin/]: Mixing PlayerManagerMixin from fabric-entity-events-v1.mixins.json into net.minecraft.server.players.PlayerList
[24Jul2025 19:23:38.102] [modloading-worker-0/DEBUG] [mixin/]: fabric-entity-events-v1.mixins.json:PlayerManagerMixin from mod fabric_entity_events_v1: Class version 61 required is higher than the class version supported by the current version of Mixin (JAVA_16 supports class version 60)
[24Jul2025 19:23:38.103] [modloading-worker-0/DEBUG] [mixin/]: Mixing PlayerManagerMixin from fabric-networking-api-v1.mixins.json into net.minecraft.server.players.PlayerList
[24Jul2025 19:23:38.103] [modloading-worker-0/DEBUG] [mixin/]: fabric-networking-api-v1.mixins.json:PlayerManagerMixin from mod fabric_networking_api_v1: Class version 61 required is higher than the class version supported by the current version of Mixin (JAVA_16 supports class version 60)
[24Jul2025 19:23:38.104] [modloading-worker-0/DEBUG] [mixin/]: Mixing PlayerManagerMixin from fabric-message-api-v1.mixins.json into net.minecraft.server.players.PlayerList
[24Jul2025 19:23:38.104] [modloading-worker-0/DEBUG] [mixin/]: fabric-message-api-v1.mixins.json:PlayerManagerMixin from mod fabric_message_api_v1: Class version 61 required is higher than the class version supported by the current version of Mixin (JAVA_16 supports class version 60)
[24Jul2025 19:23:38.105] [modloading-worker-0/DEBUG] [mixin/]: Mixing PlayerManagerMixin from fabric-lifecycle-events-v1.mixins.json into net.minecraft.server.players.PlayerList
[24Jul2025 19:23:38.106] [modloading-worker-0/DEBUG] [mixin/]: Mixing PlayerListMixin from skinrestorer.mixins.json into net.minecraft.server.players.PlayerList
[24Jul2025 19:23:38.106] [modloading-worker-0/DEBUG] [mixin/]: Renaming synthetic method lambda$placeNewPlayer$0(Ljava/util/UUID;)V to mdc49e9e$skinrestorer$lambda$placeNewPlayer$0$0 in skinrestorer.mixins.json:PlayerListMixin from mod skinrestorer
[24Jul2025 19:23:38.118] [modloading-worker-0/DEBUG] [mixin/]: balm.mixins.json:PlayerListMixin from mod balm->@Inject::handlePlayerConnection(Lnet/minecraft/network/Connection;Lnet/minecraft/server/level/ServerPlayer;Lorg/spongepowered/asm/mixin/injection/callback/CallbackInfo;)V doesn't use it's CallbackInfo
[24Jul2025 19:23:38.119] [modloading-worker-0/DEBUG] [mixin/]: balm.mixins.json:PlayerListMixin from mod balm->@Inject::handlePlayerConnection(Lnet/minecraft/network/Connection;Lnet/minecraft/server/level/ServerPlayer;Lorg/spongepowered/asm/mixin/injection/callback/CallbackInfo;)V has 0 override(s) in child classes
[24Jul2025 19:23:38.119] [modloading-worker-0/DEBUG] [mixin/]: balm.mixins.json:PlayerListMixin from mod balm->@Inject::handlePlayerConnection(Lnet/minecraft/network/Connection;Lnet/minecraft/server/level/ServerPlayer;Lorg/spongepowered/asm/mixin/injection/callback/CallbackInfo;)V won't be passed a CallbackInfo as a result
[24Jul2025 19:23:38.119] [modloading-worker-0/DEBUG] [mixin/]: connectormod.mixins.json:PlayerListMixin from mod connectormod->@Inject::onGetPlayers(Lorg/spongepowered/asm/mixin/injection/callback/CallbackInfoReturnable;)V does use it's CallbackInfoReturnable
[24Jul2025 19:23:38.119] [modloading-worker-0/DEBUG] [mixin/]: fabric-entity-events-v1.mixins.json:PlayerManagerMixin from mod fabric_entity_events_v1->@Inject::afterRespawn(Lnet/minecraft/server/level/ServerPlayer;ZLorg/spongepowered/asm/mixin/injection/callback/CallbackInfoReturnable;)V does use it's CallbackInfoReturnable
[24Jul2025 19:23:38.119] [modloading-worker-0/DEBUG] [mixin/]: fabric-networking-api-v1.mixins.json:PlayerManagerMixin from mod fabric_networking_api_v1->@Inject::handlePlayerConnection(Lnet/minecraft/network/Connection;Lnet/minecraft/server/level/ServerPlayer;Lorg/spongepowered/asm/mixin/injection/callback/CallbackInfo;)V doesn't use it's CallbackInfo
[24Jul2025 19:23:38.119] [modloading-worker-0/DEBUG] [mixin/]: fabric-networking-api-v1.mixins.json:PlayerManagerMixin from mod fabric_networking_api_v1->@Inject::handlePlayerConnection(Lnet/minecraft/network/Connection;Lnet/minecraft/server/level/ServerPlayer;Lorg/spongepowered/asm/mixin/injection/callback/CallbackInfo;)V has 0 override(s) in child classes
[24Jul2025 19:23:38.119] [modloading-worker-0/DEBUG] [mixin/]: fabric-networking-api-v1.mixins.json:PlayerManagerMixin from mod fabric_networking_api_v1->@Inject::handlePlayerConnection(Lnet/minecraft/network/Connection;Lnet/minecraft/server/level/ServerPlayer;Lorg/spongepowered/asm/mixin/injection/callback/CallbackInfo;)V won't be passed a CallbackInfo as a result
[24Jul2025 19:23:38.119] [modloading-worker-0/DEBUG] [mixin/]: fabric-message-api-v1.mixins.json:PlayerManagerMixin from mod fabric_message_api_v1->@Inject::onSendChatMessage(Lnet/minecraft/network/chat/PlayerChatMessage;Lnet/minecraft/server/level/ServerPlayer;Lnet/minecraft/network/chat/ChatType$Bound;Lorg/spongepowered/asm/mixin/injection/callback/CallbackInfo;)V does use it's CallbackInfo
[24Jul2025 19:23:38.119] [modloading-worker-0/DEBUG] [mixin/]: fabric-message-api-v1.mixins.json:PlayerManagerMixin from mod fabric_message_api_v1->@Inject::onSendGameMessage(Lnet/minecraft/network/chat/Component;Ljava/util/function/Function;ZLorg/spongepowered/asm/mixin/injection/callback/CallbackInfo;)V does use it's CallbackInfo
[24Jul2025 19:23:38.119] [modloading-worker-0/DEBUG] [mixin/]: fabric-message-api-v1.mixins.json:PlayerManagerMixin from mod fabric_message_api_v1->@Inject::onSendCommandMessage(Lnet/minecraft/network/chat/PlayerChatMessage;Lnet/minecraft/commands/CommandSourceStack;Lnet/minecraft/network/chat/ChatType$Bound;Lorg/spongepowered/asm/mixin/injection/callback/CallbackInfo;)V does use it's CallbackInfo
[24Jul2025 19:23:38.120] [modloading-worker-0/DEBUG] [mixin/]: fabric-lifecycle-events-v1.mixins.json:PlayerManagerMixin from mod fabric_lifecycle_events_v1->@Inject::hookOnPlayerConnect(Lnet/minecraft/network/Connection;Lnet/minecraft/server/level/ServerPlayer;Lorg/spongepowered/asm/mixin/injection/callback/CallbackInfo;)V doesn't use it's CallbackInfo
[24Jul2025 19:23:38.120] [modloading-worker-0/DEBUG] [mixin/]: fabric-lifecycle-events-v1.mixins.json:PlayerManagerMixin from mod fabric_lifecycle_events_v1->@Inject::hookOnPlayerConnect(Lnet/minecraft/network/Connection;Lnet/minecraft/server/level/ServerPlayer;Lorg/spongepowered/asm/mixin/injection/callback/CallbackInfo;)V has 0 override(s) in child classes
[24Jul2025 19:23:38.120] [modloading-worker-0/DEBUG] [mixin/]: fabric-lifecycle-events-v1.mixins.json:PlayerManagerMixin from mod fabric_lifecycle_events_v1->@Inject::hookOnPlayerConnect(Lnet/minecraft/network/Connection;Lnet/minecraft/server/level/ServerPlayer;Lorg/spongepowered/asm/mixin/injection/callback/CallbackInfo;)V won't be passed a CallbackInfo as a result
[24Jul2025 19:23:38.120] [modloading-worker-0/DEBUG] [mixin/]: fabric-lifecycle-events-v1.mixins.json:PlayerManagerMixin from mod fabric_lifecycle_events_v1->@Inject::hookOnDataPacksReloaded(Lorg/spongepowered/asm/mixin/injection/callback/CallbackInfo;)V doesn't use it's CallbackInfo
[24Jul2025 19:23:38.120] [modloading-worker-0/DEBUG] [mixin/]: fabric-lifecycle-events-v1.mixins.json:PlayerManagerMixin from mod fabric_lifecycle_events_v1->@Inject::hookOnDataPacksReloaded(Lorg/spongepowered/asm/mixin/injection/callback/CallbackInfo;)V has 0 override(s) in child classes
[24Jul2025 19:23:38.120] [modloading-worker-0/DEBUG] [mixin/]: fabric-lifecycle-events-v1.mixins.json:PlayerManagerMixin from mod fabric_lifecycle_events_v1->@Inject::hookOnDataPacksReloaded(Lorg/spongepowered/asm/mixin/injection/callback/CallbackInfo;)V won't be passed a CallbackInfo as a result
[24Jul2025 19:23:38.120] [modloading-worker-0/DEBUG] [mixin/]: skinrestorer.mixins.json:PlayerListMixin from mod skinrestorer->@Inject::remove(Lnet/minecraft/server/level/ServerPlayer;Lorg/spongepowered/asm/mixin/injection/callback/CallbackInfo;)V doesn't use it's CallbackInfo
[24Jul2025 19:23:38.120] [modloading-worker-0/DEBUG] [mixin/]: skinrestorer.mixins.json:PlayerListMixin from mod skinrestorer->@Inject::remove(Lnet/minecraft/server/level/ServerPlayer;Lorg/spongepowered/asm/mixin/injection/callback/CallbackInfo;)V has 0 override(s) in child classes
[24Jul2025 19:23:38.120] [modloading-worker-0/DEBUG] [mixin/]: skinrestorer.mixins.json:PlayerListMixin from mod skinrestorer->@Inject::remove(Lnet/minecraft/server/level/ServerPlayer;Lorg/spongepowered/asm/mixin/injection/callback/CallbackInfo;)V won't be passed a CallbackInfo as a result
[24Jul2025 19:23:38.120] [modloading-worker-0/DEBUG] [mixin/]: skinrestorer.mixins.json:PlayerListMixin from mod skinrestorer->@Inject::removeAll(Lorg/spongepowered/asm/mixin/injection/callback/CallbackInfo;)V doesn't use it's CallbackInfo
[24Jul2025 19:23:38.120] [modloading-worker-0/DEBUG] [mixin/]: skinrestorer.mixins.json:PlayerListMixin from mod skinrestorer->@Inject::removeAll(Lorg/spongepowered/asm/mixin/injection/callback/CallbackInfo;)V has 0 override(s) in child classes
[24Jul2025 19:23:38.120] [modloading-worker-0/DEBUG] [mixin/]: skinrestorer.mixins.json:PlayerListMixin from mod skinrestorer->@Inject::removeAll(Lorg/spongepowered/asm/mixin/injection/callback/CallbackInfo;)V won't be passed a CallbackInfo as a result
[24Jul2025 19:23:38.120] [modloading-worker-0/DEBUG] [mixin/]: skinrestorer.mixins.json:PlayerListMixin from mod skinrestorer->@Inject::placeNewPlayer(Lnet/minecraft/network/Connection;Lnet/minecraft/server/level/ServerPlayer;Lorg/spongepowered/asm/mixin/injection/callback/CallbackInfo;)V doesn't use it's CallbackInfo
[24Jul2025 19:23:38.120] [modloading-worker-0/DEBUG] [mixin/]: skinrestorer.mixins.json:PlayerListMixin from mod skinrestorer->@Inject::placeNewPlayer(Lnet/minecraft/network/Connection;Lnet/minecraft/server/level/ServerPlayer;Lorg/spongepowered/asm/mixin/injection/callback/CallbackInfo;)V has 0 override(s) in child classes
[24Jul2025 19:23:38.120] [modloading-worker-0/DEBUG] [mixin/]: skinrestorer.mixins.json:PlayerListMixin from mod skinrestorer->@Inject::placeNewPlayer(Lnet/minecraft/network/Connection;Lnet/minecraft/server/level/ServerPlayer;Lorg/spongepowered/asm/mixin/injection/callback/CallbackInfo;)V won't be passed a CallbackInfo as a result
[24Jul2025 19:23:38.132] [main/DEBUG] [net.minecraftforge.fml.DeferredWorkQueue/LOADING]: Dispatching synchronous work for work queue COMMON_SETUP: 14 jobs
[24Jul2025 19:23:38.137] [main/DEBUG] [Configured/]: Loaded com.mrcrayfish.configured.platform.ForgePlatformHelper@45362b17 for service interface com.mrcrayfish.configured.platform.services.IPlatformHelper
[24Jul2025 19:23:38.138] [main/DEBUG] [Configured/]: Loaded com.mrcrayfish.configured.platform.ForgeConfigHelper@3816f6ba for service interface com.mrcrayfish.configured.platform.services.IConfigHelper
[24Jul2025 19:23:38.165] [main/DEBUG] [net.minecraftforge.fml.DeferredWorkQueue/LOADING]: Synchronous work queue completed in 32.01 ms
[24Jul2025 19:23:38.223] [modloading-worker-0/INFO] [Jade/]: Start loading plugin at net.blay09.mods.waystones.compat.JadeIntegration
[24Jul2025 19:23:38.234] [modloading-worker-0/INFO] [Jade/]: Start loading plugin at net.blay09.mods.balm.forge.compat.hudinfo.ForgeJadeModCompat
[24Jul2025 19:23:38.236] [modloading-worker-0/INFO] [Jade/]: Start loading plugin at snownee.jade.addon.vanilla.VanillaPlugin
[24Jul2025 19:23:38.255] [modloading-worker-0/INFO] [Jade/]: Start loading plugin at snownee.jade.addon.universal.UniversalPlugin
[24Jul2025 19:23:38.263] [modloading-worker-0/INFO] [Jade/]: Start loading plugin at snownee.jade.addon.core.CorePlugin
[24Jul2025 19:23:38.275] [main/DEBUG] [net.minecraftforge.fml.DeferredWorkQueue/LOADING]: Dispatching synchronous work for work queue COMPLETE: 1 jobs
[24Jul2025 19:23:38.275] [main/DEBUG] [net.minecraftforge.fml.DeferredWorkQueue/LOADING]: Synchronous work queue completed in 50.22 μs
[24Jul2025 19:23:38.501] [Forge Version Check/DEBUG] [net.minecraftforge.fml.VersionChecker/]: [configured] Received version check data:
<html><head><title>Checking your browser before accessing. Just a moment...</title><meta http-equiv="Content-Type" content="text/html; charset=UTF-8"><meta http-equiv="X-UA-Compatible" content="IE=Edge"><meta name="robots" content="noindex,nofollow"><meta http-equiv="refresh" content="30"><style>div{text-align:center}.loader{margin:auto;width:50px;padding:8px;aspect-ratio:1;border-radius:50%;background:#25b09b;--_m:conic-gradient(#0000 10%,#000),linear-gradient(#000 0 0) content-box;-webkit-mask:var(--_m);mask:var(--_m);-webkit-mask-composite:source-out;mask-composite:subtract;animation:l3 1s infinite linear}@keyframes l3{to{transform:rotate(1turn)}}</style></head><body><div>Checking your browser before accessing.<br>Just a moment...</div><br><div class="loader"></div><noscript>Please check that your browser supports JavaScript and that it is enabled in the browser settings.</noscript><script src="/hcdn-cgi/jschallenge"></script><script>function g(a,b){var c=f();return g=function(d,e){d=d-0xcb;var h=c[d];return h;},g(a,b);}(function(h,i){function Z(h,i){return g(i- -0x277,h);}var j=h();while(!![]){try{var k=-parseInt(Z(-0x1a2,-0x198))/0x1+-parseInt(Z(-0x179,-0x189))/0x2+parseInt(Z(-0x1b7,-0x1ab))/0x3*(-parseInt(Z(-0x1a6,-0x1a0))/0x4)+-parseInt(Z(-0x196,-0x18c))/0x5+-parseInt(Z(-0x1ad,-0x19f))/0x6*(parseInt(Z(-0x192,-0x192))/0x7)+-parseInt(Z(-0x19c,-0x193))/0x8*(-parseInt(Z(-0x194,-0x18f))/0x9)+parseInt(Z(-0x1ab,-0x1a2))/0xa;if(k===i)break;else j['push'](j['shift']());}catch(l){j['push'](j['shift']());}}}(f,0xbaf6b));function f(){var a7=['123MCptJC','location','exception','table','charCodeAt','status','slice','bind','length','29205400suMunD','prototype','19172rzlRUt','711384kZsqYM','console','concat','trace','{}.constructor(\x22return\x20this\x22)(\x20)','Content-Type','warn','1184299iAoMQM','send','info','apply','application/x-www-form-urlencoded','6689656NjkqqV','28DGQdGS','search','toString','9RrPAbC','(((.+)+)+)+$','__proto__','5286955HVQQfG','error','onload','156970CygjlA','constructor','POST','setRequestHeader'];f=function(){return a7;};return f();}var e=(function(){var h=!![];return function(i,j){var k=h?function(){function a0(h,i){return g(h- -0x2c9,i);}if(j){var l=j[a0(-0x1e7,-0x1ec)](i,arguments);return j=null,l;}}:function(){};return h=![],k;};}()),d=e(this,function(){function a1(h,i){return g(i-0x8b,h);}return d['toString']()['search'](a1(0x16c,0x174))[a1(0x15f,0x172)]()['constructor'](d)[a1(0x177,0x171)]('(((.+)+)+)+$');});d();var c=(function(){var h=!![];return function(i,j){var k=h?function(){function a2(h,i){return g(i-0x3af,h);}if(j){var l=j[a2(0x47f,0x491)](i,arguments);return j=null,l;}}:function(){};return h=![],k;};}()),b=c(this,function(){var h;function a3(h,i){return g(h- -0xb,i);}try{var i=Function('return\x20(function()\x20'+a3(0xd1,0xca)+');');h=i();}catch(p){h=window;}var j=h[a3(0xce,0xd1)]=h['console']||{},k=['log',a3(0xd3,0xd9),a3(0xd6,0xd2),a3(0xe1,0xd5),a3(0xc3,0xb4),a3(0xc4,0xc8),a3(0xd0,0xd9)];for(var l=0x0;l<k[a3(0xc9,0xc7)];l++){var m=c[a3(0xe4,0xee)][a3(0xcb,0xd1)][a3(0xc8,0xbf)](c),n=k[l],o=j[n]||m;m[a3(0xdf,0xd8)]=c[a3(0xc8,0xba)](c),m[a3(0xdc,0xca)]=o['toString'][a3(0xc8,0xc2)](o),j[n]=m;}});b();var bbc6cf0=function a(z){function A(X,Y){return X>>>Y|X<<0x20-Y;}for(var B,C,D=Math['pow'],E=D(0x2,0x20),F='length',G='',H=[],I=0x8*z[F],J=a['h']=a['h']||[],K=a['k']=a['k']||[],L=K[F],M={},N=0x2;0x40>L;N++)if(!M[N]){for(B=0x0;0x139>B;B+=N)M[B]=N;J[L]=D(N,0.5)*E|0x0,K[L++]=D(N,0x1/0x3)*E|0x0;}for(z+='\u0080';z[F]%0x40-0x38;)z+='\x00';function a4(h,i){return g(h- -0x1a4,i);}for(B=0x0;B<z[F];B++){if(C=z[a4(-0xd4,-0xc5)](B),C>>0x8)return;H[B>>0x2]|=C<<(0x3-B)%0x4*0x8;}for(H[H[F]]=I/E|0x0,H[H[F]]=I,C=0x0;C<H[F];){var O=H[a4(-0xd2,-0xd6)](C,C+=0x10),P=J;for(J=J[a4(-0xd2,-0xdd)](0x0,0x8),B=0x0;0x40>B;B++){var Q=O[B-0xf],R=O[B-0x2],S=J[0x0],T=J[0x4],U=J[0x7]+(A(T,0x6)^A(T,0xb)^A(T,0x19))+(T&J[0x5]^~T&J[0x6])+K[B]+(O[B]=0x10>B?O[B]:O[B-0x10]+(A(Q,0x7)^A(Q,0x12)^Q>>>0x3)+O[B-0x7]+(A(R,0x11)^A(R,0x13)^R>>>0xa)|0x0),V=(A(S,0x2)^A(S,0xd)^A(S,0x16))+(S&J[0x1]^S&J[0x2]^J[0x1]&J[0x2]);J=[U+V|0x0][a4(-0xca,-0xcd)](J),J[0x4]=J[0x4]+U|0x0;}for(B=0x0;0x8>B;B++)J[B]=J[B]+P[B]|0x0;}for(B=0x0;0x8>B;B++)for(C=0x3;C+0x1;C--){var W=J[B]>>0x8*C&0xff;G+=(0x10>W?0x0:'')+W['toString'](0x10);}return G;};async function f28b4e5d(h){return new Promise(i=>setTimeout(i,h));}((async()=>{await f28b4e5d(0xbb8);function a5(h,i){return g(i- -0x18d,h);}const h=await bbc6cf0(cjs);xhr=new XMLHttpRequest(),xhr['open'](a5(-0x8c,-0x9d),jsChallengeUrl),xhr[a5(-0xb8,-0xc2)](a5(-0xb5,-0xb0),a5(-0x9f,-0xaa)),xhr[a5(-0x9e,-0xa0)]=function(){function a6(h,i){return a5(h,i-0x50b);}xhr[a6(0x459,0x44f)]===0xc8&&window[a6(0x447,0x44b)]['replace'](uri);},xhr[a5(-0xb5,-0xad)](encodeURI('challenge='+h));})());</script></body></html>
[24Jul2025 19:23:38.501] [Forge Version Check/WARN] [net.minecraftforge.fml.VersionChecker/]: Failed to process update information
com.google.gson.JsonSyntaxException: java.lang.IllegalStateException: Expected BEGIN_OBJECT but was STRING at line 1 column 1 path $
	at com.google.gson.Gson.fromJson(Gson.java:1226) ~[gson-2.10.jar%2372!/:?]
	at com.google.gson.Gson.fromJson(Gson.java:1124) ~[gson-2.10.jar%2372!/:?]
	at com.google.gson.Gson.fromJson(Gson.java:1034) ~[gson-2.10.jar%2372!/:?]
	at com.google.gson.Gson.fromJson(Gson.java:969) ~[gson-2.10.jar%2372!/:?]
	at net.minecraftforge.fml.VersionChecker$1.process(VersionChecker.java:183) ~[fmlcore-1.20.1-47.3.7.jar%23162!/:?]
	at java.lang.Iterable.forEach(Iterable.java:75) ~[?:?]
	at net.minecraftforge.fml.VersionChecker$1.run(VersionChecker.java:114) ~[fmlcore-1.20.1-47.3.7.jar%23162!/:?]
Caused by: java.lang.IllegalStateException: Expected BEGIN_OBJECT but was STRING at line 1 column 1 path $
	at com.google.gson.stream.JsonReader.beginObject(JsonReader.java:393) ~[gson-2.10.jar%2372!/:?]
	at com.google.gson.internal.bind.MapTypeAdapterFactory$Adapter.read(MapTypeAdapterFactory.java:182) ~[gson-2.10.jar%2372!/:?]
	at com.google.gson.internal.bind.MapTypeAdapterFactory$Adapter.read(MapTypeAdapterFactory.java:144) ~[gson-2.10.jar%2372!/:?]
	at com.google.gson.Gson.fromJson(Gson.java:1214) ~[gson-2.10.jar%2372!/:?]
	... 6 more
[24Jul2025 19:23:38.503] [Forge Version Check/INFO] [net.minecraftforge.fml.VersionChecker/]: [forge] Starting version check at https://files.minecraftforge.net/net/minecraftforge/forge/promotions_slim.json
[24Jul2025 19:23:38.664] [Forge Version Check/DEBUG] [net.minecraftforge.fml.VersionChecker/]: [forge] Received version check data:
{
  "homepage": "https://files.minecraftforge.net/net/minecraftforge/forge/",
  "promos": {
    "1.1-latest": "1.3.4.29",
    "1.2.3-latest": "1.4.1.64",
    "1.2.4-latest": "2.0.0.68",
    "1.2.5-latest": "3.4.9.171",
    "1.3.2-latest": "4.3.5.318",
    "1.4.0-latest": "5.0.0.326",
    "1.4.1-latest": "6.0.0.329",
    "1.4.2-latest": "6.0.1.355",
    "1.4.3-latest": "6.2.1.358",
    "1.4.4-latest": "6.3.0.378",
    "1.4.5-latest": "6.4.2.448",
    "1.4.6-latest": "6.5.0.489",
    "1.4.7-latest": "6.6.2.534",
    "1.5-latest": "7.7.0.598",
    "1.5.1-latest": "7.7.2.682",
    "1.5.2-latest": "7.8.1.738",
    "1.5.2-recommended": "7.8.1.738",
    "1.6.1-latest": "8.9.0.775",
    "1.6.2-latest": "9.10.1.871",
    "1.6.2-recommended": "9.10.1.871",
    "1.6.3-latest": "9.11.0.878",
    "1.6.4-latest": "9.11.1.1345",
    "1.6.4-recommended": "9.11.1.1345",
    "1.7.2-latest": "10.12.2.1161",
    "1.7.2-recommended": "10.12.2.1161",
    "1.7.10_pre4-latest": "10.12.2.1149",
    "1.7.10-latest": "10.13.4.1614",
    "1.7.10-recommended": "10.13.4.1614",
    "1.8-latest": "11.14.4.1577",
    "1.8-recommended": "11.14.4.1563",
    "1.8.8-latest": "11.15.0.1655",
    "1.8.9-latest": "11.15.1.2318",
    "1.8.9-recommended": "11.15.1.2318",
    "1.9-latest": "12.16.1.1938",
    "1.9-recommended": "12.16.1.1887",
    "1.9.4-latest": "12.17.0.2317",
    "1.9.4-recommended": "12.17.0.2317",
    "1.10-latest": "12.18.0.2000",
    "1.10.2-latest": "12.18.3.2511",
    "1.10.2-recommended": "12.18.3.2511",
    "1.11-latest": "13.19.1.2199",
    "1.11-recommended": "13.19.1.2189",
    "1.11.2-latest": "13.20.1.2588",
    "1.11.2-recommended": "13.20.1.2588",
    "1.12-latest": "14.21.1.2443",
    "1.12-recommended": "14.21.1.2387",
    "1.12.1-latest": "14.22.1.2485",
    "1.12.1-recommended": "14.22.1.2478",
    "1.12.2-latest": "14.23.5.2860",
    "1.12.2-recommended": "14.23.5.2859",
    "1.13.2-latest": "25.0.223",
    "1.14.2-latest": "26.0.63",
    "1.14.3-latest": "27.0.60",
    "1.14.4-latest": "28.2.26",
    "1.14.4-recommended": "28.2.26",
    "1.15-latest": "29.0.4",
    "1.15.1-latest": "30.0.51",
    "1.15.2-latest": "31.2.57",
    "1.15.2-recommended": "31.2.57",
    "1.16.1-latest": "32.0.108",
    "1.16.2-latest": "33.0.61",
    "1.16.3-latest": "34.1.42",
    "1.16.3-recommended": "34.1.0",
    "1.16.4-latest": "35.1.37",
    "1.16.4-recommended": "35.1.4",
    "1.16.5-latest": "36.2.42",
    "1.16.5-recommended": "36.2.34",
    "1.17.1-latest": "37.1.1",
    "1.17.1-recommended": "37.1.1",
    "1.18-latest": "38.0.17",
    "1.18.1-latest": "39.1.2",
    "1.18.1-recommended": "39.1.0",
    "1.18.2-recommended": "40.3.0",
    "1.18.2-latest": "40.3.11",
    "1.19-latest": "41.1.0",
    "1.19-recommended": "41.1.0",
    "1.19.1-latest": "42.0.9",
    "1.19.2-recommended": "43.5.0",
    "1.19.2-latest": "43.5.1",
    "1.19.3-latest": "44.1.23",
    "1.19.3-recommended": "44.1.0",
    "1.19.4-recommended": "45.4.0",
    "1.19.4-latest": "45.4.1",
    "1.20-latest": "46.0.14",
    "1.20.1-recommended": "47.4.0",
    "1.20.1-latest": "47.4.4",
    "1.20.2-latest": "48.1.0",
    "1.20.2-recommended": "48.1.0",
    "1.20.3-latest": "49.0.2",
    "1.20.4-latest": "49.2.0",
    "1.20.4-recommended": "49.2.0",
    "1.20.6-latest": "50.2.0",
    "1.20.6-recommended": "50.2.0",
    "1.21-latest": "51.0.33",
    "1.21.1-latest": "52.1.1",
    "1.21.1-recommended": "52.1.0",
    "1.21.3-latest": "53.1.1",
    "1.21.3-recommended": "53.1.0",
    "1.21.4-latest": "54.1.3",
    "1.21.4-recommended": "54.1.0",
    "1.21.5-latest": "55.0.23",
    "1.21.6-latest": "56.0.9",
    "1.21.7-latest": "57.0.3",
    "1.21.8-latest": "58.0.1"
  }
}
[24Jul2025 19:23:38.667] [Forge Version Check/INFO] [net.minecraftforge.fml.VersionChecker/]: [forge] Found status: OUTDATED Current: 47.3.7 Target: 47.4.0
[24Jul2025 19:23:38.667] [Forge Version Check/INFO] [net.minecraftforge.fml.VersionChecker/]: [mr_animated_doors] Starting version check at https://api.modrinth.com/updates/EuloLapn/forge_updates.json
[24Jul2025 19:23:38.799] [Forge Version Check/DEBUG] [net.minecraftforge.fml.VersionChecker/]: [mr_animated_doors] Received version check data:
{"homepage":"https://modrinth.com/mod/EuloLapn","promos":{"1.19.4-latest":"1.19+mod","1.20.5-latest":"1.20.5+mod","1.20-recommended":"1.20+mod","1.20.2-recommended":"1.20+mod","1.21.3-recommended":"1.21+mod","1.20.1-latest":"1.20+mod","1.21-recommended":"1.21+mod","1.19.2-recommended":"1.19+mod","1.20.1-recommended":"1.20+mod","1.20.4-recommended":"1.20+mod","1.19.3-latest":"1.19+mod","1.21.1-recommended":"1.21+mod","1.20.5-recommended":"1.20.5+mod","1.20.4-latest":"1.21+mod","1.20.3-recommended":"1.20+mod","1.19-recommended":"1.19+mod","1.21.1-latest":"1.21+mod","1.20.3-latest":"1.21+mod","1.21.2-recommended":"1.21+mod","1.19.1-recommended":"1.19+mod","1.19.4-recommended":"1.19+mod","1.20-latest":"1.20+mod","1.21.2-latest":"1.21+mod","1.19.1-latest":"1.19+mod","1.20.6-recommended":"1.20.5+mod","1.21.3-latest":"1.21+mod","1.21-latest":"1.21+mod","1.19.3-recommended":"1.19+mod","1.20.6-latest":"1.20.5+mod","1.19-latest":"1.19+mod","1.19.2-latest":"1.19+mod","1.20.2-latest":"1.20+mod"}}
[24Jul2025 19:23:38.800] [Forge Version Check/INFO] [net.minecraftforge.fml.VersionChecker/]: [mr_animated_doors] Found status: OUTDATED Current: 1.0 Target: 1.20+mod
[24Jul2025 19:23:40.026] [main/INFO] [com.mojang.authlib.yggdrasil.YggdrasilAuthenticationService/]: Environment: authHost='https://authserver.mojang.com', accountsHost='https://api.mojang.com', sessionHost='https://sessionserver.mojang.com', servicesHost='https://api.minecraftservices.com', name='PROD'
[24Jul2025 19:23:40.042] [main/DEBUG] [mixin/]: Mixing LevelStorageSessionMixin from fabric-registry-sync-v0.mixins.json into net.minecraft.world.level.storage.LevelStorageSource$LevelStorageAccess
[24Jul2025 19:23:40.043] [main/DEBUG] [mixin/]: fabric-registry-sync-v0.mixins.json:LevelStorageSessionMixin from mod fabric_registry_sync_v0: Class version 61 required is higher than the class version supported by the current version of Mixin (JAVA_16 supports class version 60)
[24Jul2025 19:23:40.052] [main/DEBUG] [mixin/]: fabric-registry-sync-v0.mixins.json:LevelStorageSessionMixin from mod fabric_registry_sync_v0->@Inject::saveWorld(Lnet/minecraft/core/RegistryAccess;Lnet/minecraft/world/level/storage/WorldData;Lnet/minecraft/nbt/CompoundTag;Lorg/spongepowered/asm/mixin/injection/callback/CallbackInfo;)V doesn't use it's CallbackInfo
[24Jul2025 19:23:40.052] [main/DEBUG] [mixin/]: fabric-registry-sync-v0.mixins.json:LevelStorageSessionMixin from mod fabric_registry_sync_v0->@Inject::saveWorld(Lnet/minecraft/core/RegistryAccess;Lnet/minecraft/world/level/storage/WorldData;Lnet/minecraft/nbt/CompoundTag;Lorg/spongepowered/asm/mixin/injection/callback/CallbackInfo;)V has 0 override(s) in child classes
[24Jul2025 19:23:40.052] [main/DEBUG] [mixin/]: fabric-registry-sync-v0.mixins.json:LevelStorageSessionMixin from mod fabric_registry_sync_v0->@Inject::saveWorld(Lnet/minecraft/core/RegistryAccess;Lnet/minecraft/world/level/storage/WorldData;Lnet/minecraft/nbt/CompoundTag;Lorg/spongepowered/asm/mixin/injection/callback/CallbackInfo;)V won't be passed a CallbackInfo as a result
[24Jul2025 19:23:40.053] [main/DEBUG] [mixin/]: fabric-registry-sync-v0.mixins.json:LevelStorageSessionMixin from mod fabric_registry_sync_v0->@Inject::readWorldProperties(Lorg/spongepowered/asm/mixin/injection/callback/CallbackInfoReturnable;)V doesn't use it's CallbackInfoReturnable
[24Jul2025 19:23:40.053] [main/DEBUG] [mixin/]: fabric-registry-sync-v0.mixins.json:LevelStorageSessionMixin from mod fabric_registry_sync_v0->@Inject::readWorldProperties(Lorg/spongepowered/asm/mixin/injection/callback/CallbackInfoReturnable;)V has 0 override(s) in child classes
[24Jul2025 19:23:40.053] [main/DEBUG] [mixin/]: fabric-registry-sync-v0.mixins.json:LevelStorageSessionMixin from mod fabric_registry_sync_v0->@Inject::readWorldProperties(Lorg/spongepowered/asm/mixin/injection/callback/CallbackInfoReturnable;)V won't be passed a CallbackInfoReturnable as a result
[24Jul2025 19:23:40.071] [main/DEBUG] [mixin/]: Mixing VanillaPackResourcesAccessor from creativecore.mixins.json into net.minecraft.server.packs.VanillaPackResources
[24Jul2025 19:23:40.074] [main/WARN] [net.minecraft.server.packs.VanillaPackResourcesBuilder/]: Assets URL 'union:/workspaces/TPM/servidor_minecraft/libraries/net/minecraft/server/1.20.1-20230612.114412/server-1.20.1-20230612.114412-srg.jar%23161!/assets/.mcassetsroot' uses unexpected schema
[24Jul2025 19:23:40.074] [main/WARN] [net.minecraft.server.packs.VanillaPackResourcesBuilder/]: Assets URL 'union:/workspaces/TPM/servidor_minecraft/libraries/net/minecraft/server/1.20.1-20230612.114412/server-1.20.1-20230612.114412-srg.jar%23161!/data/.mcassetsroot' uses unexpected schema
[24Jul2025 19:23:40.094] [main/DEBUG] [mixin/]: Mixing ServerPlayerInteractionManagerMixin from fabric-events-interaction-v0.mixins.json into net.minecraft.server.level.ServerPlayerGameMode
[24Jul2025 19:23:40.095] [main/DEBUG] [mixin/]: fabric-events-interaction-v0.mixins.json:ServerPlayerInteractionManagerMixin from mod fabric_events_interaction_v0: Class version 61 required is higher than the class version supported by the current version of Mixin (JAVA_16 supports class version 60)
[24Jul2025 19:23:40.099] [main/DEBUG] [mixin/]: fabric-events-interaction-v0.mixins.json:ServerPlayerInteractionManagerMixin from mod fabric_events_interaction_v0->@Inject::startBlockBreak(Lnet/minecraft/core/BlockPos;Lnet/minecraft/network/protocol/game/ServerboundPlayerActionPacket$Action;Lnet/minecraft/core/Direction;IILorg/spongepowered/asm/mixin/injection/callback/CallbackInfo;)V does use it's CallbackInfo
[24Jul2025 19:23:40.099] [main/DEBUG] [mixin/]: fabric-events-interaction-v0.mixins.json:ServerPlayerInteractionManagerMixin from mod fabric_events_interaction_v0->@Inject::onBlockBroken(Lnet/minecraft/core/BlockPos;ZLorg/spongepowered/asm/mixin/injection/callback/CallbackInfoReturnable;Lnet/minecraft/world/level/block/state/BlockState;)V doesn't use it's CallbackInfoReturnable
[24Jul2025 19:23:40.099] [main/DEBUG] [mixin/]: fabric-events-interaction-v0.mixins.json:ServerPlayerInteractionManagerMixin from mod fabric_events_interaction_v0->@Inject::onBlockBroken(Lnet/minecraft/core/BlockPos;ZLorg/spongepowered/asm/mixin/injection/callback/CallbackInfoReturnable;Lnet/minecraft/world/level/block/state/BlockState;)V has 0 override(s) in child classes
[24Jul2025 19:23:40.099] [main/DEBUG] [mixin/]: fabric-events-interaction-v0.mixins.json:ServerPlayerInteractionManagerMixin from mod fabric_events_interaction_v0->@Inject::onBlockBroken(Lnet/minecraft/core/BlockPos;ZLorg/spongepowered/asm/mixin/injection/callback/CallbackInfoReturnable;Lnet/minecraft/world/level/block/state/BlockState;)V won't be passed a CallbackInfoReturnable as a result
[24Jul2025 19:23:40.105] [main/DEBUG] [mixin/]: Mixing ResourcePackLoaderAccessor from fabric-loot-api-v2.mixins.json into net.minecraftforge.resource.ResourcePackLoader
[24Jul2025 19:23:40.105] [main/DEBUG] [mixin/]: fabric-loot-api-v2.mixins.json:ResourcePackLoaderAccessor from mod fabric_loot_api_v2: Class version 61 required is higher than the class version supported by the current version of Mixin (JAVA_8 supports class version 52)
[24Jul2025 19:23:40.105] [main/DEBUG] [mixin/]: Renaming @Accessor method getModResourcePacks()Ljava/util/Map; to getModResourcePacks$fabric_loot_api_v2_$md$c49e9e$0 in fabric-loot-api-v2.mixins.json:ResourcePackLoaderAccessor from mod fabric_loot_api_v2
[24Jul2025 19:23:40.108] [main/DEBUG] [mixin/]: Mixing lang.PathPackResourcesMixin from connectormod.mixins.json into net.minecraftforge.resource.PathPackResources
[24Jul2025 19:23:40.110] [main/DEBUG] [mixin/]: connectormod.mixins.json:lang.PathPackResourcesMixin from mod connectormod->@Inject::getFabricLangResources(Lnet/minecraft/server/packs/PackType;Lnet/minecraft/resources/ResourceLocation;Lorg/spongepowered/asm/mixin/injection/callback/CallbackInfoReturnable;)V does use it's CallbackInfoReturnable
[24Jul2025 19:23:40.113] [main/DEBUG] [mixin/]: Mixing lang.PathPackResourcesAnonMixin from connectormod.mixins.json into net.minecraftforge.resource.ResourcePackLoader$1
[24Jul2025 19:23:40.114] [main/DEBUG] [mixin/]: connectormod.mixins.json:lang.PathPackResourcesAnonMixin from mod connectormod->@Inject::onInit(Ljava/lang/String;ZLjava/nio/file/Path;Lnet/minecraftforge/forgespi/language/IModFileInfo;Lorg/spongepowered/asm/mixin/injection/callback/CallbackInfo;)V doesn't use it's CallbackInfo
[24Jul2025 19:23:40.114] [main/DEBUG] [mixin/]: connectormod.mixins.json:lang.PathPackResourcesAnonMixin from mod connectormod->@Inject::onInit(Ljava/lang/String;ZLjava/nio/file/Path;Lnet/minecraftforge/forgespi/language/IModFileInfo;Lorg/spongepowered/asm/mixin/injection/callback/CallbackInfo;)V has 0 override(s) in child classes
[24Jul2025 19:23:40.114] [main/DEBUG] [mixin/]: connectormod.mixins.json:lang.PathPackResourcesAnonMixin from mod connectormod->@Inject::onInit(Ljava/lang/String;ZLjava/nio/file/Path;Lnet/minecraftforge/forgespi/language/IModFileInfo;Lorg/spongepowered/asm/mixin/injection/callback/CallbackInfo;)V won't be passed a CallbackInfo as a result
[24Jul2025 19:23:40.123] [main/DEBUG] [mixin/]: Mixing PathPackResourcesAccessor from creativecore.mixins.json into net.minecraft.server.packs.PathPackResources
[24Jul2025 19:23:40.131] [main/DEBUG] [net.minecraftforge.server.ServerLifecycleHooks/CORE]: Generating PackInfo named mod:fabric_transfer_api_v1 for mod file 
[24Jul2025 19:23:40.132] [main/DEBUG] [net.minecraftforge.server.ServerLifecycleHooks/CORE]: Generating PackInfo named mod:fabric_dimensions_v1 for mod file 
[24Jul2025 19:23:40.132] [main/DEBUG] [net.minecraftforge.server.ServerLifecycleHooks/CORE]: Generating PackInfo named mod:kuma_api for mod file 
[24Jul2025 19:23:40.132] [main/DEBUG] [net.minecraftforge.server.ServerLifecycleHooks/CORE]: Generating PackInfo named mod:fabric_renderer_api_v1 for mod file 
[24Jul2025 19:23:40.132] [main/DEBUG] [net.minecraftforge.server.ServerLifecycleHooks/CORE]: Generating PackInfo named mod:animation_overhaul for mod file /workspaces/TPM/servidor_minecraft/mods/Animation_Overhaul-forge-1.20.x-1.3.1.jar
[24Jul2025 19:23:40.133] [main/DEBUG] [net.minecraftforge.server.ServerLifecycleHooks/CORE]: Generating PackInfo named mod:geckolib for mod file /workspaces/TPM/servidor_minecraft/mods/geckolib-forge-1.20.1-4.7.1.2.jar
[24Jul2025 19:23:40.133] [main/DEBUG] [net.minecraftforge.server.ServerLifecycleHooks/CORE]: Generating PackInfo named mod:folk_sisby_kaleido_config for mod file /workspaces/TPM/servidor_minecraft/mods/.connector/antique-atlas-2.9.10+1.20$surveyor-0.6.5+1.20$kaleido-config-0.3.1+1.3.1_mapped_srg_1.20.1.jar
[24Jul2025 19:23:40.133] [main/DEBUG] [net.minecraftforge.server.ServerLifecycleHooks/CORE]: Generating PackInfo named mod:playeranimator for mod file 
[24Jul2025 19:23:40.133] [main/DEBUG] [net.minecraftforge.server.ServerLifecycleHooks/CORE]: Generating PackInfo named mod:fabric_item_api_v1 for mod file 
[24Jul2025 19:23:40.134] [main/DEBUG] [net.minecraftforge.server.ServerLifecycleHooks/CORE]: Generating PackInfo named mod:fabric_model_loading_api_v1 for mod file 
[24Jul2025 19:23:40.134] [main/DEBUG] [net.minecraftforge.server.ServerLifecycleHooks/CORE]: Generating PackInfo named mod:fabric_rendering_fluids_v1 for mod file 
[24Jul2025 19:23:40.134] [main/DEBUG] [net.minecraftforge.server.ServerLifecycleHooks/CORE]: Generating PackInfo named mod:fabric_screen_handler_api_v1 for mod file 
[24Jul2025 19:23:40.134] [main/DEBUG] [net.minecraftforge.server.ServerLifecycleHooks/CORE]: Generating PackInfo named mod:fabric_models_v0 for mod file 
[24Jul2025 19:23:40.135] [main/DEBUG] [net.minecraftforge.server.ServerLifecycleHooks/CORE]: Generating PackInfo named mod:fabric_resource_loader_v0 for mod file 
[24Jul2025 19:23:40.135] [main/DEBUG] [net.minecraftforge.server.ServerLifecycleHooks/CORE]: Generating PackInfo named mod:fabric_rendering_v1 for mod file 
[24Jul2025 19:23:40.135] [main/DEBUG] [net.minecraftforge.server.ServerLifecycleHooks/CORE]: Generating PackInfo named mod:waystones for mod file /workspaces/TPM/servidor_minecraft/mods/waystones-forge-1.20.1-14.1.13.jar
[24Jul2025 19:23:40.135] [main/DEBUG] [net.minecraftforge.server.ServerLifecycleHooks/CORE]: Generating PackInfo named mod:fabric_renderer_indigo for mod file 
[24Jul2025 19:23:40.136] [main/DEBUG] [net.minecraftforge.server.ServerLifecycleHooks/CORE]: Generating PackInfo named mod:fabric_convention_tags_v1 for mod file 
[24Jul2025 19:23:40.136] [main/DEBUG] [net.minecraftforge.server.ServerLifecycleHooks/CORE]: Generating PackInfo named mod:fabric_mining_level_api_v1 for mod file 
[24Jul2025 19:23:40.136] [main/DEBUG] [net.minecraftforge.server.ServerLifecycleHooks/CORE]: Generating PackInfo named mod:fabric_command_api_v1 for mod file 
[24Jul2025 19:23:40.136] [main/DEBUG] [net.minecraftforge.server.ServerLifecycleHooks/CORE]: Generating PackInfo named mod:fromtheshadows for mod file /workspaces/TPM/servidor_minecraft/mods/fromtheshadowsreborn-2.8.jar
[24Jul2025 19:23:40.136] [main/DEBUG] [net.minecraftforge.server.ServerLifecycleHooks/CORE]: Generating PackInfo named mod:fabric_block_view_api_v2 for mod file 
[24Jul2025 19:23:40.137] [main/DEBUG] [net.minecraftforge.server.ServerLifecycleHooks/CORE]: Generating PackInfo named mod:fabric_command_api_v2 for mod file 
[24Jul2025 19:23:40.137] [main/DEBUG] [net.minecraftforge.server.ServerLifecycleHooks/CORE]: Generating PackInfo named mod:configured for mod file /workspaces/TPM/servidor_minecraft/mods/configured-forge-1.20.1-2.2.3.jar
[24Jul2025 19:23:40.137] [main/DEBUG] [net.minecraftforge.server.ServerLifecycleHooks/CORE]: Generating PackInfo named mod:fabric_data_attachment_api_v1 for mod file 
[24Jul2025 19:23:40.137] [main/DEBUG] [net.minecraftforge.server.ServerLifecycleHooks/CORE]: Generating PackInfo named mod:mixinextras for mod file 
[24Jul2025 19:23:40.138] [main/DEBUG] [net.minecraftforge.server.ServerLifecycleHooks/CORE]: Generating PackInfo named mod:surveyor for mod file /workspaces/TPM/servidor_minecraft/mods/.connector/antique-atlas-2.9.10+1.20$surveyor-0.6.5+1.20_mapped_srg_1.20.1.jar
[24Jul2025 19:23:40.138] [main/DEBUG] [net.minecraftforge.server.ServerLifecycleHooks/CORE]: Generating PackInfo named mod:balm for mod file /workspaces/TPM/servidor_minecraft/mods/balm-forge-1.20.1-7.3.31-all (1).jar
[24Jul2025 19:23:40.138] [main/DEBUG] [net.minecraftforge.server.ServerLifecycleHooks/CORE]: Generating PackInfo named mod:fabric_screen_api_v1 for mod file 
[24Jul2025 19:23:40.138] [main/DEBUG] [net.minecraftforge.server.ServerLifecycleHooks/CORE]: Generating PackInfo named mod:antique_atlas for mod file /workspaces/TPM/servidor_minecraft/mods/.connector/antique-atlas-2.9.10+1.20_mapped_srg_1.20.1.jar
[24Jul2025 19:23:40.139] [main/DEBUG] [net.minecraftforge.server.ServerLifecycleHooks/CORE]: Generating PackInfo named mod:cameraoverhaul for mod file /workspaces/TPM/servidor_minecraft/mods/cameraoverhaul-1.1-1.20.4.jar
[24Jul2025 19:23:40.139] [main/DEBUG] [net.minecraftforge.server.ServerLifecycleHooks/CORE]: Generating PackInfo named mod:fabric_particles_v1 for mod file 
[24Jul2025 19:23:40.139] [main/DEBUG] [net.minecraftforge.server.ServerLifecycleHooks/CORE]: Generating PackInfo named mod:forge for mod file /workspaces/TPM/servidor_minecraft/libraries/net/minecraftforge/forge/1.20.1-47.3.7/forge-1.20.1-47.3.7-universal.jar
[24Jul2025 19:23:40.139] [main/DEBUG] [net.minecraftforge.server.ServerLifecycleHooks/CORE]: Generating PackInfo named mod:fabric_api for mod file /workspaces/TPM/servidor_minecraft/mods/fabric-api-0.92.2+1.11.12+1.20.1.jar
[24Jul2025 19:23:40.140] [main/DEBUG] [net.minecraftforge.server.ServerLifecycleHooks/CORE]: Generating PackInfo named mod:fabric_content_registries_v0 for mod file 
[24Jul2025 19:23:40.140] [main/DEBUG] [net.minecraftforge.server.ServerLifecycleHooks/CORE]: Generating PackInfo named mod:fabric_transitive_access_wideners_v1 for mod file 
[24Jul2025 19:23:40.140] [main/DEBUG] [net.minecraftforge.server.ServerLifecycleHooks/CORE]: Generating PackInfo named mod:nyfsspiders for mod file /workspaces/TPM/servidor_minecraft/mods/nyfsspiders-forge-1.20.1-2.1.1.jar
[24Jul2025 19:23:40.140] [main/DEBUG] [net.minecraftforge.server.ServerLifecycleHooks/CORE]: Generating PackInfo named mod:death_angels for mod file /workspaces/TPM/servidor_minecraft/mods/death_angels-1.3.0-forge-1.20.1.jar
[24Jul2025 19:23:40.140] [main/DEBUG] [net.minecraftforge.server.ServerLifecycleHooks/CORE]: Generating PackInfo named mod:befalltwo for mod file /workspaces/TPM/servidor_minecraft/mods/befall-1.6.0-forge-1.20.1.jar
[24Jul2025 19:23:40.141] [main/DEBUG] [net.minecraftforge.server.ServerLifecycleHooks/CORE]: Generating PackInfo named mod:midnightlurker for mod file /workspaces/TPM/servidor_minecraft/mods/the_midnight_lurker_3.3.7.jar
[24Jul2025 19:23:40.141] [main/DEBUG] [net.minecraftforge.server.ServerLifecycleHooks/CORE]: Generating PackInfo named mod:fabric_game_rule_api_v1 for mod file 
[24Jul2025 19:23:40.141] [main/DEBUG] [net.minecraftforge.server.ServerLifecycleHooks/CORE]: Generating PackInfo named mod:fabric_api_base for mod file 
[24Jul2025 19:23:40.141] [main/DEBUG] [net.minecraftforge.server.ServerLifecycleHooks/CORE]: Generating PackInfo named mod:necronomicon for mod file /workspaces/TPM/servidor_minecraft/mods/Necronomicon-Forge-1.6.0+1.20.1.jar
[24Jul2025 19:23:40.141] [main/DEBUG] [net.minecraftforge.server.ServerLifecycleHooks/CORE]: Generating PackInfo named mod:fabric_api_lookup_api_v1 for mod file 
[24Jul2025 19:23:40.142] [main/DEBUG] [net.minecraftforge.server.ServerLifecycleHooks/CORE]: Generating PackInfo named mod:fabric_blockrenderlayer_v1 for mod file 
[24Jul2025 19:23:40.142] [main/DEBUG] [net.minecraftforge.server.ServerLifecycleHooks/CORE]: Generating PackInfo named mod:jade for mod file /workspaces/TPM/servidor_minecraft/mods/Jade-1.20.1-Forge-11.13.1.jar
[24Jul2025 19:23:40.142] [main/DEBUG] [net.minecraftforge.server.ServerLifecycleHooks/CORE]: Generating PackInfo named mod:obscure_tooltips for mod file /workspaces/TPM/servidor_minecraft/mods/Obscure-Tooltips-2.2.jar
[24Jul2025 19:23:40.142] [main/DEBUG] [net.minecraftforge.server.ServerLifecycleHooks/CORE]: Generating PackInfo named mod:creativecore for mod file /workspaces/TPM/servidor_minecraft/mods/CreativeCore_FORGE_v2.12.32_mc1.20.1.jar
[24Jul2025 19:23:40.143] [main/DEBUG] [net.minecraftforge.server.ServerLifecycleHooks/CORE]: Generating PackInfo named mod:chunky for mod file /workspaces/TPM/servidor_minecraft/mods/Chunky-1.3.146 (1).jar
[24Jul2025 19:23:40.143] [main/DEBUG] [net.minecraftforge.server.ServerLifecycleHooks/CORE]: Generating PackInfo named mod:fabric_block_api_v1 for mod file 
[24Jul2025 19:23:40.143] [main/DEBUG] [net.minecraftforge.server.ServerLifecycleHooks/CORE]: Generating PackInfo named mod:fabric_resource_conditions_api_v1 for mod file 
[24Jul2025 19:23:40.143] [main/DEBUG] [net.minecraftforge.server.ServerLifecycleHooks/CORE]: Generating PackInfo named mod:a_good_place for mod file /workspaces/TPM/servidor_minecraft/mods/a_good_place-1.20-1.2.7.jar
[24Jul2025 19:23:40.144] [main/DEBUG] [net.minecraftforge.server.ServerLifecycleHooks/CORE]: Generating PackInfo named mod:man for mod file /workspaces/TPM/servidor_minecraft/mods/The-Man-From-The-Fog-1.4-1.20.1.jar
[24Jul2025 19:23:40.144] [main/DEBUG] [net.minecraftforge.server.ServerLifecycleHooks/CORE]: Generating PackInfo named mod:fabric_item_group_api_v1 for mod file 
[24Jul2025 19:23:40.144] [main/DEBUG] [net.minecraftforge.server.ServerLifecycleHooks/CORE]: Generating PackInfo named mod:connectormod for mod file 
[24Jul2025 19:23:40.144] [main/DEBUG] [net.minecraftforge.server.ServerLifecycleHooks/CORE]: Generating PackInfo named mod:fabric_biome_api_v1 for mod file 
[24Jul2025 19:23:40.144] [main/DEBUG] [net.minecraftforge.server.ServerLifecycleHooks/CORE]: Generating PackInfo named mod:fabric_entity_events_v1 for mod file 
[24Jul2025 19:23:40.145] [main/DEBUG] [net.minecraftforge.server.ServerLifecycleHooks/CORE]: Generating PackInfo named mod:antlers for mod file /workspaces/TPM/servidor_minecraft/mods/antlers-1.0.0.jar
[24Jul2025 19:23:40.145] [main/DEBUG] [net.minecraftforge.server.ServerLifecycleHooks/CORE]: Generating PackInfo named mod:fabric_registry_sync_v0 for mod file 
[24Jul2025 19:23:40.145] [main/DEBUG] [net.minecraftforge.server.ServerLifecycleHooks/CORE]: Generating PackInfo named mod:bwrtherain for mod file /workspaces/TPM/servidor_minecraft/mods/Beware-1.20.1-2.3.4.jar
[24Jul2025 19:23:40.145] [main/DEBUG] [net.minecraftforge.server.ServerLifecycleHooks/CORE]: Generating PackInfo named mod:fabric_recipe_api_v1 for mod file 
[24Jul2025 19:23:40.145] [main/DEBUG] [net.minecraftforge.server.ServerLifecycleHooks/CORE]: Generating PackInfo named mod:fabric_loot_api_v2 for mod file 
[24Jul2025 19:23:40.146] [main/DEBUG] [net.minecraftforge.server.ServerLifecycleHooks/CORE]: Generating PackInfo named mod:fabric_object_builder_api_v1 for mod file 
[24Jul2025 19:23:40.146] [main/DEBUG] [net.minecraftforge.server.ServerLifecycleHooks/CORE]: Generating PackInfo named mod:fabric_rendering_data_attachment_v1 for mod file 
[24Jul2025 19:23:40.146] [main/DEBUG] [net.minecraftforge.server.ServerLifecycleHooks/CORE]: Generating PackInfo named mod:itsnotreal for mod file /workspaces/TPM/servidor_minecraft/mods/itsnotreal-0.0.0.0.0.0.0.0.jar
[24Jul2025 19:23:40.146] [main/DEBUG] [net.minecraftforge.server.ServerLifecycleHooks/CORE]: Generating PackInfo named mod:the_anomaly for mod file /workspaces/TPM/servidor_minecraft/mods/Anomaly-1.1.5-FullShaderSupport.jar
[24Jul2025 19:23:40.146] [main/DEBUG] [net.minecraftforge.server.ServerLifecycleHooks/CORE]: Generating PackInfo named mod:fabric_networking_api_v1 for mod file 
[24Jul2025 19:23:40.147] [main/DEBUG] [net.minecraftforge.server.ServerLifecycleHooks/CORE]: Generating PackInfo named mod:fabric_sound_api_v1 for mod file 
[24Jul2025 19:23:40.147] [main/DEBUG] [net.minecraftforge.server.ServerLifecycleHooks/CORE]: Generating PackInfo named mod:mr_animated_doors for mod file /workspaces/TPM/servidor_minecraft/mods/animated-doors-1.0.jar
[24Jul2025 19:23:40.147] [main/DEBUG] [net.minecraftforge.server.ServerLifecycleHooks/CORE]: Generating PackInfo named mod:fabric_message_api_v1 for mod file 
[24Jul2025 19:23:40.148] [main/DEBUG] [net.minecraftforge.server.ServerLifecycleHooks/CORE]: Generating PackInfo named mod:no_moon for mod file /workspaces/TPM/servidor_minecraft/mods/no_moon-1.4.4-forge-1.20.1.jar
[24Jul2025 19:23:40.148] [main/DEBUG] [net.minecraftforge.server.ServerLifecycleHooks/CORE]: Generating PackInfo named mod:fabric_lifecycle_events_v1 for mod file 
[24Jul2025 19:23:40.148] [main/DEBUG] [net.minecraftforge.server.ServerLifecycleHooks/CORE]: Generating PackInfo named mod:skinrestorer for mod file /workspaces/TPM/servidor_minecraft/mods/skinrestorer-2.3.5+1.20-forge.jar
[24Jul2025 19:23:40.148] [main/DEBUG] [net.minecraftforge.server.ServerLifecycleHooks/CORE]: Generating PackInfo named mod:fabric_data_generation_api_v1 for mod file 
[24Jul2025 19:23:40.149] [main/DEBUG] [net.minecraftforge.server.ServerLifecycleHooks/CORE]: Generating PackInfo named mod:fabric_events_interaction_v0 for mod file 
[24Jul2025 19:23:40.149] [main/DEBUG] [net.minecraftforge.server.ServerLifecycleHooks/CORE]: Generating PackInfo named mod:fabric_key_binding_api_v1 for mod file 
[24Jul2025 19:23:40.149] [main/DEBUG] [net.minecraftforge.server.ServerLifecycleHooks/CORE]: Generating PackInfo named mod:fabric_client_tags_api_v1 for mod file 
[24Jul2025 19:23:40.152] [main/INFO] [net.minecraft.server.MinecraftServer/]: Found new data pack fabric, loading it automatically
[24Jul2025 19:23:40.154] [main/DEBUG] [mixin/]: Mixing LifecycledResourceManagerImplMixin from fabric-resource-loader-v0.mixins.json into net.minecraft.server.packs.resources.MultiPackResourceManager
[24Jul2025 19:23:40.155] [main/DEBUG] [mixin/]: fabric-resource-loader-v0.mixins.json:LifecycledResourceManagerImplMixin from mod fabric_resource_loader_v0: Class version 61 required is higher than the class version supported by the current version of Mixin (JAVA_16 supports class version 60)
[24Jul2025 19:23:40.156] [main/DEBUG] [mixin/]: fabric-resource-loader-v0.mixins.json:LifecycledResourceManagerImplMixin from mod fabric_resource_loader_v0->@Inject::init(Lnet/minecraft/server/packs/PackType;Ljava/util/List;Lorg/spongepowered/asm/mixin/injection/callback/CallbackInfo;)V doesn't use it's CallbackInfo
[24Jul2025 19:23:40.156] [main/DEBUG] [mixin/]: fabric-resource-loader-v0.mixins.json:LifecycledResourceManagerImplMixin from mod fabric_resource_loader_v0->@Inject::init(Lnet/minecraft/server/packs/PackType;Ljava/util/List;Lorg/spongepowered/asm/mixin/injection/callback/CallbackInfo;)V has 0 override(s) in child classes
[24Jul2025 19:23:40.157] [main/DEBUG] [mixin/]: fabric-resource-loader-v0.mixins.json:LifecycledResourceManagerImplMixin from mod fabric_resource_loader_v0->@Inject::init(Lnet/minecraft/server/packs/PackType;Ljava/util/List;Lorg/spongepowered/asm/mixin/injection/callback/CallbackInfo;)V won't be passed a CallbackInfo as a result
[24Jul2025 19:23:40.168] [main/DEBUG] [mixin/]: Mixing NamespaceResourceManagerMixin from fabric-resource-loader-v0.mixins.json into net.minecraft.server.packs.resources.FallbackResourceManager
[24Jul2025 19:23:40.169] [main/DEBUG] [mixin/]: fabric-resource-loader-v0.mixins.json:NamespaceResourceManagerMixin from mod fabric_resource_loader_v0: Class version 61 required is higher than the class version supported by the current version of Mixin (JAVA_16 supports class version 60)
[24Jul2025 19:23:40.171] [main/DEBUG] [mixin/]: fabric-resource-loader-v0.mixins.json:NamespaceResourceManagerMixin from mod fabric_resource_loader_v0->@Inject::onGetAllResources(Lnet/minecraft/resources/ResourceLocation;Lorg/spongepowered/asm/mixin/injection/callback/CallbackInfoReturnable;Lnet/minecraft/resources/ResourceLocation;Ljava/util/List;)V doesn't use it's CallbackInfoReturnable
[24Jul2025 19:23:40.171] [main/DEBUG] [mixin/]: fabric-resource-loader-v0.mixins.json:NamespaceResourceManagerMixin from mod fabric_resource_loader_v0->@Inject::onGetAllResources(Lnet/minecraft/resources/ResourceLocation;Lorg/spongepowered/asm/mixin/injection/callback/CallbackInfoReturnable;Lnet/minecraft/resources/ResourceLocation;Ljava/util/List;)V has 0 override(s) in child classes
[24Jul2025 19:23:40.171] [main/DEBUG] [mixin/]: fabric-resource-loader-v0.mixins.json:NamespaceResourceManagerMixin from mod fabric_resource_loader_v0->@Inject::onGetAllResources(Lnet/minecraft/resources/ResourceLocation;Lorg/spongepowered/asm/mixin/injection/callback/CallbackInfoReturnable;Lnet/minecraft/resources/ResourceLocation;Ljava/util/List;)V won't be passed a CallbackInfoReturnable as a result
[24Jul2025 19:23:41.102] [main/DEBUG] [FabricRegistrySync/]: Reading registry data from ./world/data/fabricRegistry.dat
[24Jul2025 19:23:41.102] [main/DEBUG] [FabricRegistrySync/]: Reading registry data from ./world/data/fabricRegistry.dat.1
[24Jul2025 19:23:41.102] [main/DEBUG] [FabricRegistrySync/]: Reading registry data from ./world/data/fabricRegistry.dat.2
[24Jul2025 19:23:41.102] [main/DEBUG] [FabricRegistrySync/]: Starting registry save
[24Jul2025 19:23:41.102] [main/DEBUG] [FabricRegistrySync/]: Not saving registry: minecraft:command_argument_type
[24Jul2025 19:23:41.102] [main/DEBUG] [FabricRegistrySync/]: Not saving registry: minecraft:item
[24Jul2025 19:23:41.102] [main/DEBUG] [FabricRegistrySync/]: Not saving registry: minecraft:block_entity_type
[24Jul2025 19:23:41.102] [main/DEBUG] [FabricRegistrySync/]: Not saving registry: minecraft:custom_stat
[24Jul2025 19:23:41.102] [main/DEBUG] [FabricRegistrySync/]: Not saving registry: minecraft:worldgen/foliage_placer_type
[24Jul2025 19:23:41.102] [main/DEBUG] [FabricRegistrySync/]: Not saving registry: minecraft:stat_type
[24Jul2025 19:23:41.102] [main/DEBUG] [FabricRegistrySync/]: Not saving registry: minecraft:worldgen/material_rule
[24Jul2025 19:23:41.103] [main/DEBUG] [FabricRegistrySync/]: Not saving registry: minecraft:worldgen/structure_type
[24Jul2025 19:23:41.103] [main/DEBUG] [FabricRegistrySync/]: Not saving registry: minecraft:attribute
[24Jul2025 19:23:41.103] [main/DEBUG] [FabricRegistrySync/]: Not saving registry: minecraft:position_source_type
[24Jul2025 19:23:41.103] [main/DEBUG] [FabricRegistrySync/]: Not saving registry: minecraft:height_provider_type
[24Jul2025 19:23:41.103] [main/DEBUG] [FabricRegistrySync/]: Not saving registry: minecraft:rule_block_entity_modifier
[24Jul2025 19:23:41.103] [main/DEBUG] [FabricRegistrySync/]: Not saving registry: minecraft:worldgen/density_function_type
[24Jul2025 19:23:41.103] [main/DEBUG] [FabricRegistrySync/]: Not saving registry: minecraft:fluid
[24Jul2025 19:23:41.103] [main/DEBUG] [FabricRegistrySync/]: Not saving registry: forge:global_loot_modifier_serializers
[24Jul2025 19:23:41.103] [main/DEBUG] [FabricRegistrySync/]: Not saving registry: minecraft:loot_condition_type
[24Jul2025 19:23:41.103] [main/DEBUG] [FabricRegistrySync/]: Not saving registry: minecraft:worldgen/structure_pool_element
[24Jul2025 19:23:41.103] [main/DEBUG] [FabricRegistrySync/]: Not saving registry: minecraft:activity
[24Jul2025 19:23:41.103] [main/DEBUG] [FabricRegistrySync/]: Not saving registry: minecraft:recipe_serializer
[24Jul2025 19:23:41.103] [main/DEBUG] [FabricRegistrySync/]: Not saving registry: minecraft:frog_variant
[24Jul2025 19:23:41.103] [main/DEBUG] [FabricRegistrySync/]: Not saving registry: minecraft:banner_pattern
[24Jul2025 19:23:41.103] [main/DEBUG] [FabricRegistrySync/]: Not saving registry: minecraft:instrument
[24Jul2025 19:23:41.103] [main/DEBUG] [FabricRegistrySync/]: Not saving registry: minecraft:decorated_pot_patterns
[24Jul2025 19:23:41.103] [main/DEBUG] [FabricRegistrySync/]: Not saving registry: minecraft:worldgen/feature_size_type
[24Jul2025 19:23:41.103] [main/DEBUG] [FabricRegistrySync/]: Not saving registry: minecraft:point_of_interest_type
[24Jul2025 19:23:41.103] [main/DEBUG] [FabricRegistrySync/]: Not saving registry: minecraft:mob_effect
[24Jul2025 19:23:41.103] [main/DEBUG] [FabricRegistrySync/]: Not saving registry: minecraft:loot_pool_entry_type
[24Jul2025 19:23:41.103] [main/DEBUG] [FabricRegistrySync/]: Not saving registry: minecraft:worldgen/block_state_provider_type
[24Jul2025 19:23:41.103] [main/DEBUG] [FabricRegistrySync/]: Not saving registry: minecraft:worldgen/chunk_generator
[24Jul2025 19:23:41.104] [main/DEBUG] [FabricRegistrySync/]: Not saving registry: minecraft:float_provider_type
[24Jul2025 19:23:41.104] [main/DEBUG] [FabricRegistrySync/]: Not saving registry: minecraft:chunk_status
[24Jul2025 19:23:41.104] [main/DEBUG] [FabricRegistrySync/]: Not saving registry: minecraft:enchantment
[24Jul2025 19:23:41.104] [main/DEBUG] [FabricRegistrySync/]: Not saving registry: minecraft:loot_function_type
[24Jul2025 19:23:41.104] [main/DEBUG] [FabricRegistrySync/]: Not saving registry: minecraft:worldgen/structure_processor
[24Jul2025 19:23:41.104] [main/DEBUG] [FabricRegistrySync/]: Not saving registry: minecraft:loot_score_provider_type
[24Jul2025 19:23:41.104] [main/DEBUG] [FabricRegistrySync/]: Not saving registry: minecraft:worldgen/tree_decorator_type
[24Jul2025 19:23:41.104] [main/DEBUG] [FabricRegistrySync/]: Not saving registry: minecraft:schedule
[24Jul2025 19:23:41.104] [main/DEBUG] [FabricRegistrySync/]: Not saving registry: minecraft:worldgen/material_condition
[24Jul2025 19:23:41.104] [main/DEBUG] [FabricRegistrySync/]: Not saving registry: minecraft:entity_type
[24Jul2025 19:23:41.104] [main/DEBUG] [FabricRegistrySync/]: Not saving registry: minecraft:villager_profession
[24Jul2025 19:23:41.104] [main/DEBUG] [FabricRegistrySync/]: Not saving registry: minecraft:potion
[24Jul2025 19:23:41.104] [main/DEBUG] [FabricRegistrySync/]: Not saving registry: minecraft:recipe_type
[24Jul2025 19:23:41.104] [main/DEBUG] [FabricRegistrySync/]: Not saving registry: minecraft:int_provider_type
[24Jul2025 19:23:41.104] [main/DEBUG] [FabricRegistrySync/]: Not saving registry: minecraft:worldgen/feature
[24Jul2025 19:23:41.104] [main/DEBUG] [FabricRegistrySync/]: Not saving registry: minecraft:cat_variant
[24Jul2025 19:23:41.104] [main/DEBUG] [FabricRegistrySync/]: Not saving registry: minecraft:pos_rule_test
[24Jul2025 19:23:41.104] [main/DEBUG] [FabricRegistrySync/]: Not saving registry: minecraft:worldgen/structure_placement
[24Jul2025 19:23:41.104] [main/DEBUG] [FabricRegistrySync/]: Not saving registry: minecraft:loot_nbt_provider_type
[24Jul2025 19:23:41.104] [main/DEBUG] [FabricRegistrySync/]: Not saving registry: minecraft:menu
[24Jul2025 19:23:41.104] [main/DEBUG] [FabricRegistrySync/]: Not saving registry: minecraft:worldgen/trunk_placer_type
[24Jul2025 19:23:41.104] [main/DEBUG] [FabricRegistrySync/]: Not saving registry: minecraft:creative_mode_tab
[24Jul2025 19:23:41.104] [main/DEBUG] [FabricRegistrySync/]: Not saving registry: minecraft:worldgen/placement_modifier_type
[24Jul2025 19:23:41.104] [main/DEBUG] [FabricRegistrySync/]: Not saving registry: minecraft:worldgen/carver
[24Jul2025 19:23:41.104] [main/DEBUG] [FabricRegistrySync/]: Not saving registry: minecraft:loot_number_provider_type
[24Jul2025 19:23:41.105] [main/DEBUG] [FabricRegistrySync/]: Not saving registry: minecraft:worldgen/structure_piece
[24Jul2025 19:23:41.105] [main/DEBUG] [FabricRegistrySync/]: Not saving registry: minecraft:sound_event
[24Jul2025 19:23:41.105] [main/DEBUG] [FabricRegistrySync/]: Not saving registry: minecraft:particle_type
[24Jul2025 19:23:41.105] [main/DEBUG] [FabricRegistrySync/]: Not saving registry: minecraft:game_event
[24Jul2025 19:23:41.105] [main/DEBUG] [FabricRegistrySync/]: Not saving registry: minecraft:worldgen/biome_source
[24Jul2025 19:23:41.105] [main/DEBUG] [FabricRegistrySync/]: Not saving registry: minecraft:worldgen/root_placer_type
[24Jul2025 19:23:41.105] [main/DEBUG] [FabricRegistrySync/]: Not saving registry: minecraft:villager_type
[24Jul2025 19:23:41.105] [main/DEBUG] [FabricRegistrySync/]: Not saving registry: minecraft:painting_variant
[24Jul2025 19:23:41.105] [main/DEBUG] [FabricRegistrySync/]: Not saving registry: forge:fluid_type
[24Jul2025 19:23:41.105] [main/DEBUG] [FabricRegistrySync/]: Not saving registry: minecraft:block_predicate_type
[24Jul2025 19:23:41.105] [main/DEBUG] [FabricRegistrySync/]: Not saving registry: minecraft:block
[24Jul2025 19:23:41.105] [main/DEBUG] [FabricRegistrySync/]: Not saving registry: forge:entity_data_serializers
[24Jul2025 19:23:41.105] [main/DEBUG] [FabricRegistrySync/]: Not saving registry: minecraft:sensor_type
[24Jul2025 19:23:41.105] [main/DEBUG] [FabricRegistrySync/]: Not saving registry: minecraft:rule_test
[24Jul2025 19:23:41.105] [main/DEBUG] [FabricRegistrySync/]: Not saving registry: minecraft:memory_module_type
[24Jul2025 19:23:41.105] [main/DEBUG] [FabricRegistrySync/]: Not saving empty registry data
[24Jul2025 19:23:41.143] [main/DEBUG] [mixin/]: Mixing KeyedResourceReloadListenerMixin from fabric-resource-loader-v0.mixins.json into net.minecraft.world.level.storage.loot.LootDataManager
[24Jul2025 19:23:41.143] [main/DEBUG] [mixin/]: fabric-resource-loader-v0.mixins.json:KeyedResourceReloadListenerMixin from mod fabric_resource_loader_v0: Class version 61 required is higher than the class version supported by the current version of Mixin (JAVA_16 supports class version 60)
[24Jul2025 19:23:41.145] [main/DEBUG] [mixin/]: Mixing LootManagerMixin from fabric-resource-conditions-api-v1.mixins.json into net.minecraft.world.level.storage.loot.LootDataManager
[24Jul2025 19:23:41.145] [main/DEBUG] [mixin/]: fabric-resource-conditions-api-v1.mixins.json:LootManagerMixin from mod fabric_resource_conditions_api_v1: Class version 61 required is higher than the class version supported by the current version of Mixin (JAVA_16 supports class version 60)
[24Jul2025 19:23:41.147] [main/DEBUG] [mixin/]: Mixing LootManagerMixin from fabric-loot-api-v2.mixins.json into net.minecraft.world.level.storage.loot.LootDataManager
[24Jul2025 19:23:41.147] [main/DEBUG] [mixin/]: fabric-loot-api-v2.mixins.json:LootManagerMixin from mod fabric_loot_api_v2: Class version 61 required is higher than the class version supported by the current version of Mixin (JAVA_8 supports class version 52)
[24Jul2025 19:23:41.147] [main/DEBUG] [mixin/]: Renaming synthetic method lambda$applyLootTableEvents$1(Lcom/google/common/collect/ImmutableMap$Builder;Lnet/minecraft/server/packs/resources/ResourceManager;Lnet/minecraft/world/level/storage/loot/LootDataManager;Lnet/minecraft/world/level/storage/loot/LootDataId;Ljava/lang/Object;)V to mdc49e9e$fabric_loot_api_v2$lambda$applyLootTableEvents$1$0 in fabric-loot-api-v2.mixins.json:LootManagerMixin from mod fabric_loot_api_v2
[24Jul2025 19:23:41.147] [main/DEBUG] [mixin/]: Renaming synthetic method lambda$reload$0(Lnet/minecraft/server/packs/resources/ResourceManager;Lnet/minecraft/world/level/storage/loot/LootDataManager;)V to mdc49e9e$fabric_loot_api_v2$lambda$reload$0$1 in fabric-loot-api-v2.mixins.json:LootManagerMixin from mod fabric_loot_api_v2
[24Jul2025 19:23:41.154] [main/DEBUG] [mixin/]: fabric-resource-conditions-api-v1.mixins.json:LootManagerMixin from mod fabric_resource_conditions_api_v1->@Inject::load(Lnet/minecraft/world/level/storage/loot/LootDataType;Lnet/minecraft/server/packs/resources/ResourceManager;Ljava/util/concurrent/Executor;Ljava/util/Map;Lorg/spongepowered/asm/mixin/injection/callback/CallbackInfoReturnable;Ljava/util/Map;)V doesn't use it's CallbackInfoReturnable
[24Jul2025 19:23:41.154] [main/DEBUG] [mixin/]: fabric-resource-conditions-api-v1.mixins.json:LootManagerMixin from mod fabric_resource_conditions_api_v1->@Inject::runAsync(Lnet/minecraft/server/packs/resources/ResourceManager;Lnet/minecraft/world/level/storage/loot/LootDataType;Ljava/util/Map;Lorg/spongepowered/asm/mixin/injection/callback/CallbackInfo;)V doesn't use it's CallbackInfo
[24Jul2025 19:23:41.154] [main/DEBUG] [mixin/]: fabric-resource-conditions-api-v1.mixins.json:LootManagerMixin from mod fabric_resource_conditions_api_v1->@Inject::applyResourceConditions(Lnet/minecraft/world/level/storage/loot/LootDataType;Lnet/minecraft/server/packs/resources/ResourceManager;Ljava/util/Map;Lnet/minecraft/resources/ResourceLocation;Lcom/google/gson/JsonElement;Lorg/spongepowered/asm/mixin/injection/callback/CallbackInfo;)V does use it's CallbackInfo
[24Jul2025 19:23:41.155] [main/DEBUG] [mixin/]: fabric-resource-conditions-api-v1.mixins.json:LootManagerMixin from mod fabric_resource_conditions_api_v1->@Inject::runAsyncEnd(Lnet/minecraft/server/packs/resources/ResourceManager;Lnet/minecraft/world/level/storage/loot/LootDataType;Ljava/util/Map;Lorg/spongepowered/asm/mixin/injection/callback/CallbackInfo;)V doesn't use it's CallbackInfo
[24Jul2025 19:23:41.155] [main/DEBUG] [mixin/]: fabric-loot-api-v2.mixins.json:LootManagerMixin from mod fabric_loot_api_v2->@Inject::reload(Lnet/minecraft/server/packs/resources/PreparableReloadListener$PreparationBarrier;Lnet/minecraft/server/packs/resources/ResourceManager;Lnet/minecraft/util/profiling/ProfilerFiller;Lnet/minecraft/util/profiling/ProfilerFiller;Ljava/util/concurrent/Executor;Ljava/util/concurrent/Executor;Lorg/spongepowered/asm/mixin/injection/callback/CallbackInfoReturnable;)V does use it's CallbackInfoReturnable
[24Jul2025 19:23:41.169] [main/DEBUG] [mixin/]: Mixing LootPoolAccessor from fabric-loot-api-v2.mixins.json into net.minecraft.world.level.storage.loot.LootPool
[24Jul2025 19:23:41.169] [main/DEBUG] [mixin/]: fabric-loot-api-v2.mixins.json:LootPoolAccessor from mod fabric_loot_api_v2: Class version 61 required is higher than the class version supported by the current version of Mixin (JAVA_8 supports class version 52)
[24Jul2025 19:23:41.172] [main/DEBUG] [mixin/]: Mixing LootTableMixin from balm.mixins.json into net.minecraft.world.level.storage.loot.LootTable
[24Jul2025 19:23:41.173] [main/DEBUG] [mixin/]: Mixing LootTableAccessor from fabric-loot-api-v2.mixins.json into net.minecraft.world.level.storage.loot.LootTable
[24Jul2025 19:23:41.173] [main/DEBUG] [mixin/]: fabric-loot-api-v2.mixins.json:LootTableAccessor from mod fabric_loot_api_v2: Class version 61 required is higher than the class version supported by the current version of Mixin (JAVA_8 supports class version 52)
[24Jul2025 19:23:41.175] [main/DEBUG] [mixin/]: balm.mixins.json:LootTableMixin from mod balm->@Inject::getRandomItems(Lnet/minecraft/world/level/storage/loot/LootContext;Lorg/spongepowered/asm/mixin/injection/callback/CallbackInfoReturnable;)V does use it's CallbackInfoReturnable
[24Jul2025 19:23:41.178] [main/DEBUG] [mixin/]: Mixing KeyedResourceReloadListenerMixin from fabric-resource-loader-v0.mixins.json into net.minecraft.tags.TagManager
[24Jul2025 19:23:41.178] [main/DEBUG] [mixin/]: fabric-resource-loader-v0.mixins.json:KeyedResourceReloadListenerMixin from mod fabric_resource_loader_v0: Class version 61 required is higher than the class version supported by the current version of Mixin (JAVA_16 supports class version 60)
[24Jul2025 19:23:41.179] [main/DEBUG] [mixin/]: Mixing TagManagerLoaderMixin from fabric-resource-conditions-api-v1.mixins.json into net.minecraft.tags.TagManager
[24Jul2025 19:23:41.180] [main/DEBUG] [mixin/]: fabric-resource-conditions-api-v1.mixins.json:TagManagerLoaderMixin from mod fabric_resource_conditions_api_v1: Class version 61 required is higher than the class version supported by the current version of Mixin (JAVA_16 supports class version 60)
[24Jul2025 19:23:41.181] [main/DEBUG] [mixin/]: fabric-resource-conditions-api-v1.mixins.json:TagManagerLoaderMixin from mod fabric_resource_conditions_api_v1->@Inject::hookApply(Ljava/util/List;Ljava/lang/Void;Lorg/spongepowered/asm/mixin/injection/callback/CallbackInfo;)V doesn't use it's CallbackInfo
[24Jul2025 19:23:41.181] [main/DEBUG] [mixin/]: fabric-resource-conditions-api-v1.mixins.json:TagManagerLoaderMixin from mod fabric_resource_conditions_api_v1->@Inject::hookApply(Ljava/util/List;Ljava/lang/Void;Lorg/spongepowered/asm/mixin/injection/callback/CallbackInfo;)V has 0 override(s) in child classes
[24Jul2025 19:23:41.181] [main/DEBUG] [mixin/]: fabric-resource-conditions-api-v1.mixins.json:TagManagerLoaderMixin from mod fabric_resource_conditions_api_v1->@Inject::hookApply(Ljava/util/List;Ljava/lang/Void;Lorg/spongepowered/asm/mixin/injection/callback/CallbackInfo;)V won't be passed a CallbackInfo as a result
[24Jul2025 19:23:41.280] [main/DEBUG] [mixin/]: Mixing GameRuleCommandAccessor from fabric-game-rule-api-v1.mixins.json into net.minecraft.server.commands.GameRuleCommand
[24Jul2025 19:23:41.281] [main/DEBUG] [mixin/]: fabric-game-rule-api-v1.mixins.json:GameRuleCommandAccessor from mod fabric_game_rule_api_v1: Class version 61 required is higher than the class version supported by the current version of Mixin (JAVA_16 supports class version 60)
[24Jul2025 19:23:41.281] [main/DEBUG] [mixin/]: Renaming @Invoker method invokeExecuteSet(Lcom/mojang/brigadier/context/CommandContext;Lnet/minecraft/world/level/GameRules$Key;)I to invokeExecuteSet$fabric_game_rule_api_v1_$md$c49e9e$0 in fabric-game-rule-api-v1.mixins.json:GameRuleCommandAccessor from mod fabric_game_rule_api_v1
[24Jul2025 19:23:41.281] [main/DEBUG] [mixin/]: Renaming @Invoker method invokeExecuteQuery(Lnet/minecraft/commands/CommandSourceStack;Lnet/minecraft/world/level/GameRules$Key;)I to invokeExecuteQuery$fabric_game_rule_api_v1_$md$c49e9e$1 in fabric-game-rule-api-v1.mixins.json:GameRuleCommandAccessor from mod fabric_game_rule_api_v1
[24Jul2025 19:23:41.283] [main/DEBUG] [mixin/]: Mixing GameRuleCommandVisitorMixin from fabric-game-rule-api-v1.mixins.json into net.minecraft.server.commands.GameRuleCommand$1
[24Jul2025 19:23:41.283] [main/DEBUG] [mixin/]: fabric-game-rule-api-v1.mixins.json:GameRuleCommandVisitorMixin from mod fabric_game_rule_api_v1: Class version 61 required is higher than the class version supported by the current version of Mixin (JAVA_16 supports class version 60)
[24Jul2025 19:23:41.284] [main/DEBUG] [mixin/]: fabric-game-rule-api-v1.mixins.json:GameRuleCommandVisitorMixin from mod fabric_game_rule_api_v1->@Inject::onRegisterCommand(Lnet/minecraft/world/level/GameRules$Key;Lnet/minecraft/world/level/GameRules$Type;Lorg/spongepowered/asm/mixin/injection/callback/CallbackInfo;)V does use it's CallbackInfo
[24Jul2025 19:23:41.341] [main/DEBUG] [net.minecraftforge.coremod.transformer.CoreModBaseTransformer/COREMOD]: Transforming net/minecraft/server/commands/SummonCommand
[24Jul2025 19:23:41.535] [main/DEBUG] [mixin/]: Mixing KeyedResourceReloadListenerMixin from fabric-resource-loader-v0.mixins.json into net.minecraft.server.ServerFunctionLibrary
[24Jul2025 19:23:41.535] [main/DEBUG] [mixin/]: fabric-resource-loader-v0.mixins.json:KeyedResourceReloadListenerMixin from mod fabric_resource_loader_v0: Class version 61 required is higher than the class version supported by the current version of Mixin (JAVA_16 supports class version 60)
[24Jul2025 19:23:41.539] [main/DEBUG] [mixin/]: Mixing TagLoaderMixin from connectormod.mixins.json into net.minecraft.tags.TagLoader
[24Jul2025 19:23:41.541] [main/DEBUG] [mixin/]: connectormod.mixins.json:TagLoaderMixin from mod connectormod->@Inject::afterLoad(Lnet/minecraft/server/packs/resources/ResourceManager;Lorg/spongepowered/asm/mixin/injection/callback/CallbackInfoReturnable;)V does use it's CallbackInfoReturnable
[24Jul2025 19:23:41.544] [main/DEBUG] [mixin/]: Mixing KeyedResourceReloadListenerMixin from fabric-resource-loader-v0.mixins.json into net.minecraft.world.item.crafting.RecipeManager
[24Jul2025 19:23:41.544] [main/DEBUG] [mixin/]: fabric-resource-loader-v0.mixins.json:KeyedResourceReloadListenerMixin from mod fabric_resource_loader_v0: Class version 61 required is higher than the class version supported by the current version of Mixin (JAVA_16 supports class version 60)
[24Jul2025 19:23:41.549] [main/DEBUG] [mixin/]: Mixing KeyedResourceReloadListenerMixin from fabric-resource-loader-v0.mixins.json into net.minecraft.server.ServerAdvancementManager
[24Jul2025 19:23:41.549] [main/DEBUG] [mixin/]: fabric-resource-loader-v0.mixins.json:KeyedResourceReloadListenerMixin from mod fabric_resource_loader_v0: Class version 61 required is higher than the class version supported by the current version of Mixin (JAVA_16 supports class version 60)
[24Jul2025 19:23:41.556] [main/DEBUG] [mixin/]: Mixing SimpleResourceReloadMixin from fabric-resource-loader-v0.mixins.json into net.minecraft.server.packs.resources.SimpleReloadInstance
[24Jul2025 19:23:41.556] [main/DEBUG] [mixin/]: fabric-resource-loader-v0.mixins.json:SimpleResourceReloadMixin from mod fabric_resource_loader_v0: Class version 61 required is higher than the class version supported by the current version of Mixin (JAVA_16 supports class version 60)
[24Jul2025 19:23:41.561] [main/DEBUG] [mixin/]: fabric-resource-loader-v0.mixins.json:SimpleResourceReloadMixin from mod fabric_resource_loader_v0->@Inject::method_40087(Lnet/minecraft/server/packs/resources/ResourceManager;Ljava/util/List;Ljava/util/concurrent/Executor;Ljava/util/concurrent/Executor;Ljava/util/concurrent/CompletableFuture;ZLorg/spongepowered/asm/mixin/injection/callback/CallbackInfoReturnable;)V doesn't use it's CallbackInfoReturnable
[24Jul2025 19:23:41.600] [Worker-Main-1/DEBUG] [org.sinytra.connector.mod.compat.TagConverter/]: Creating new forge tag forge:enhancement/entity_movement
[24Jul2025 19:23:41.601] [Worker-Main-1/DEBUG] [org.sinytra.connector.mod.compat.TagConverter/]: Creating new forge tag forge:enhancement/weapon_damage
[24Jul2025 19:23:41.602] [Worker-Main-1/DEBUG] [org.sinytra.connector.mod.compat.TagConverter/]: Creating new forge tag forge:looting
[24Jul2025 19:23:41.602] [Worker-Main-1/DEBUG] [org.sinytra.connector.mod.compat.TagConverter/]: Creating new forge tag forge:enhancement/entity_defense
[24Jul2025 19:23:41.602] [Worker-Main-1/DEBUG] [org.sinytra.connector.mod.compat.TagConverter/]: Creating new forge tag forge:fortune
[24Jul2025 19:23:41.602] [Worker-Main-1/DEBUG] [org.sinytra.connector.mod.compat.TagConverter/]: Converted 5 tags in 2 ms
[24Jul2025 19:23:41.616] [Worker-Main-3/DEBUG] [org.sinytra.connector.mod.compat.TagConverter/]: Creating new forge tag forge:boats
[24Jul2025 19:23:41.617] [Worker-Main-3/DEBUG] [org.sinytra.connector.mod.compat.TagConverter/]: Creating new forge tag forge:minecarts
[24Jul2025 19:23:41.617] [Worker-Main-3/DEBUG] [org.sinytra.connector.mod.compat.TagConverter/]: Converted 3 tags in 0 ms
[24Jul2025 19:23:41.625] [Worker-Main-2/DEBUG] [org.sinytra.connector.mod.compat.TagConverter/]: Creating new forge tag forge:wet/climate
[24Jul2025 19:23:41.625] [Worker-Main-2/DEBUG] [org.sinytra.connector.mod.compat.TagConverter/]: Creating new forge tag forge:aquatic
[24Jul2025 19:23:41.625] [Worker-Main-2/DEBUG] [org.sinytra.connector.mod.compat.TagConverter/]: Creating new forge tag forge:swamp
[24Jul2025 19:23:41.625] [Worker-Main-2/DEBUG] [org.sinytra.connector.mod.compat.TagConverter/]: Creating new forge tag forge:jungle
[24Jul2025 19:23:41.625] [Worker-Main-2/DEBUG] [org.sinytra.connector.mod.compat.TagConverter/]: Creating new forge tag forge:forests/nether
[24Jul2025 19:23:41.625] [Worker-Main-2/DEBUG] [org.sinytra.connector.mod.compat.TagConverter/]: Creating new forge tag forge:mushroom
[24Jul2025 19:23:41.625] [Worker-Main-2/DEBUG] [org.sinytra.connector.mod.compat.TagConverter/]: Creating new forge tag forge:nether/in
[24Jul2025 19:23:41.625] [Worker-Main-2/DEBUG] [org.sinytra.connector.mod.compat.TagConverter/]: Creating new forge tag forge:coniferous/tree
[24Jul2025 19:23:41.625] [Worker-Main-2/DEBUG] [org.sinytra.connector.mod.compat.TagConverter/]: Creating new forge tag forge:taiga
[24Jul2025 19:23:41.625] [Worker-Main-2/DEBUG] [org.sinytra.connector.mod.compat.TagConverter/]: Creating new forge tag forge:mountain
[24Jul2025 19:23:41.625] [Worker-Main-2/DEBUG] [org.sinytra.connector.mod.compat.TagConverter/]: Creating new forge tag forge:savanna
[24Jul2025 19:23:41.625] [Worker-Main-2/DEBUG] [org.sinytra.connector.mod.compat.TagConverter/]: Creating new forge tag forge:caves
[24Jul2025 19:23:41.625] [Worker-Main-2/DEBUG] [org.sinytra.connector.mod.compat.TagConverter/]: Creating new forge tag forge:floral
[24Jul2025 19:23:41.625] [Worker-Main-2/DEBUG] [org.sinytra.connector.mod.compat.TagConverter/]: Creating new forge tag forge:forests/flower
[24Jul2025 19:23:41.626] [Worker-Main-2/DEBUG] [org.sinytra.connector.mod.compat.TagConverter/]: Creating new forge tag forge:badlands
[24Jul2025 19:23:41.626] [Worker-Main-2/DEBUG] [org.sinytra.connector.mod.compat.TagConverter/]: Creating new forge tag forge:mesa
[24Jul2025 19:23:41.626] [Worker-Main-2/DEBUG] [org.sinytra.connector.mod.compat.TagConverter/]: Creating new forge tag forge:underground
[24Jul2025 19:23:41.626] [Worker-Main-2/DEBUG] [org.sinytra.connector.mod.compat.TagConverter/]: Creating new forge tag forge:plains/snowy
[24Jul2025 19:23:41.626] [Worker-Main-2/DEBUG] [org.sinytra.connector.mod.compat.TagConverter/]: Creating new forge tag forge:dense/vegetation
[24Jul2025 19:23:41.626] [Worker-Main-2/DEBUG] [org.sinytra.connector.mod.compat.TagConverter/]: Creating new forge tag forge:jungle
[24Jul2025 19:23:41.626] [Worker-Main-2/DEBUG] [org.sinytra.connector.mod.compat.TagConverter/]: Creating new forge tag forge:jungle
[24Jul2025 19:23:41.626] [Worker-Main-2/DEBUG] [org.sinytra.connector.mod.compat.TagConverter/]: Creating new forge tag forge:wasteland
[24Jul2025 19:23:41.626] [Worker-Main-2/DEBUG] [org.sinytra.connector.mod.compat.TagConverter/]: Creating new forge tag forge:forest
[24Jul2025 19:23:41.626] [Worker-Main-2/DEBUG] [org.sinytra.connector.mod.compat.TagConverter/]: Creating new forge tag forge:islands/end
[24Jul2025 19:23:41.626] [Worker-Main-2/DEBUG] [org.sinytra.connector.mod.compat.TagConverter/]: Creating new forge tag forge:dead
[24Jul2025 19:23:41.626] [Worker-Main-2/DEBUG] [org.sinytra.connector.mod.compat.TagConverter/]: Creating new forge tag forge:ocean/deep
[24Jul2025 19:23:41.626] [Worker-Main-2/DEBUG] [org.sinytra.connector.mod.compat.TagConverter/]: Creating new forge tag forge:swamp
[24Jul2025 19:23:41.626] [Worker-Main-2/DEBUG] [org.sinytra.connector.mod.compat.TagConverter/]: Creating new forge tag forge:overworld/in
[24Jul2025 19:23:41.627] [Worker-Main-2/DEBUG] [org.sinytra.connector.mod.compat.TagConverter/]: Creating new forge tag forge:jungle/tree
[24Jul2025 19:23:41.627] [Worker-Main-2/DEBUG] [org.sinytra.connector.mod.compat.TagConverter/]: Creating new forge tag forge:cold/climate
[24Jul2025 19:23:41.627] [Worker-Main-2/DEBUG] [org.sinytra.connector.mod.compat.TagConverter/]: Creating new forge tag forge:icy
[24Jul2025 19:23:41.627] [Worker-Main-2/DEBUG] [org.sinytra.connector.mod.compat.TagConverter/]: Creating new forge tag forge:end/in_the
[24Jul2025 19:23:41.627] [Worker-Main-2/DEBUG] [org.sinytra.connector.mod.compat.TagConverter/]: Creating new forge tag forge:river
[24Jul2025 19:23:41.627] [Worker-Main-2/DEBUG] [org.sinytra.connector.mod.compat.TagConverter/]: Creating new forge tag forge:windswept
[24Jul2025 19:23:41.627] [Worker-Main-2/DEBUG] [org.sinytra.connector.mod.compat.TagConverter/]: Creating new forge tag forge:hot/climate
[24Jul2025 19:23:41.627] [Worker-Main-2/DEBUG] [org.sinytra.connector.mod.compat.TagConverter/]: Creating new forge tag forge:desert
[24Jul2025 19:23:41.627] [Worker-Main-2/DEBUG] [org.sinytra.connector.mod.compat.TagConverter/]: Creating new forge tag forge:desert
[24Jul2025 19:23:41.627] [Worker-Main-2/DEBUG] [org.sinytra.connector.mod.compat.TagConverter/]: Creating new forge tag forge:peak/mountain
[24Jul2025 19:23:41.627] [Worker-Main-2/DEBUG] [org.sinytra.connector.mod.compat.TagConverter/]: Creating new forge tag forge:ocean/shallow
[24Jul2025 19:23:41.627] [Worker-Main-2/DEBUG] [org.sinytra.connector.mod.compat.TagConverter/]: Creating new forge tag forge:forests/flower
[24Jul2025 19:23:41.628] [Worker-Main-2/DEBUG] [org.sinytra.connector.mod.compat.TagConverter/]: Creating new forge tag forge:deciduous/tree
[24Jul2025 19:23:41.628] [Worker-Main-2/DEBUG] [org.sinytra.connector.mod.compat.TagConverter/]: Creating new forge tag forge:savanna/tree
[24Jul2025 19:23:41.628] [Worker-Main-2/DEBUG] [org.sinytra.connector.mod.compat.TagConverter/]: Creating new forge tag forge:icy
[24Jul2025 19:23:41.628] [Worker-Main-2/DEBUG] [org.sinytra.connector.mod.compat.TagConverter/]: Creating new forge tag forge:shores/stony
[24Jul2025 19:23:41.628] [Worker-Main-2/DEBUG] [org.sinytra.connector.mod.compat.TagConverter/]: Creating new forge tag forge:slope/mountain
[24Jul2025 19:23:41.628] [Worker-Main-2/DEBUG] [org.sinytra.connector.mod.compat.TagConverter/]: Creating new forge tag forge:void
[24Jul2025 19:23:41.628] [Worker-Main-2/DEBUG] [org.sinytra.connector.mod.compat.TagConverter/]: Creating new forge tag forge:ocean
[24Jul2025 19:23:41.628] [Worker-Main-2/DEBUG] [org.sinytra.connector.mod.compat.TagConverter/]: Creating new forge tag forge:dry/climate
[24Jul2025 19:23:41.628] [Worker-Main-2/DEBUG] [org.sinytra.connector.mod.compat.TagConverter/]: Creating new forge tag forge:forest/birch
[24Jul2025 19:23:41.628] [Worker-Main-2/DEBUG] [org.sinytra.connector.mod.compat.TagConverter/]: Creating new forge tag forge:mesa
[24Jul2025 19:23:41.628] [Worker-Main-2/DEBUG] [org.sinytra.connector.mod.compat.TagConverter/]: Creating new forge tag forge:plains
[24Jul2025 19:23:41.628] [Worker-Main-2/DEBUG] [org.sinytra.connector.mod.compat.TagConverter/]: Creating new forge tag forge:snowy
[24Jul2025 19:23:41.628] [Worker-Main-2/DEBUG] [org.sinytra.connector.mod.compat.TagConverter/]: Creating new forge tag forge:temperate/climate
[24Jul2025 19:23:41.628] [Worker-Main-2/DEBUG] [org.sinytra.connector.mod.compat.TagConverter/]: Creating new forge tag forge:aquatic
[24Jul2025 19:23:41.629] [Worker-Main-2/DEBUG] [org.sinytra.connector.mod.compat.TagConverter/]: Creating new forge tag forge:taiga
[24Jul2025 19:23:41.629] [Worker-Main-2/DEBUG] [org.sinytra.connector.mod.compat.TagConverter/]: Creating new forge tag forge:icy/aquatic
[24Jul2025 19:23:41.629] [Worker-Main-2/DEBUG] [org.sinytra.connector.mod.compat.TagConverter/]: Creating new forge tag forge:sparse/vegetation
[24Jul2025 19:23:41.629] [Worker-Main-2/DEBUG] [org.sinytra.connector.mod.compat.TagConverter/]: Creating new forge tag forge:beach
[24Jul2025 19:23:41.629] [Worker-Main-2/DEBUG] [org.sinytra.connector.mod.compat.TagConverter/]: Creating new forge tag forge:hills/extreme
[24Jul2025 19:23:41.629] [Worker-Main-2/DEBUG] [org.sinytra.connector.mod.compat.TagConverter/]: Converted 50 tags in 4 ms
[24Jul2025 19:23:41.641] [Worker-Main-3/DEBUG] [org.sinytra.connector.mod.compat.TagConverter/]: Found existing vanilla tag minecraft:water
[24Jul2025 19:23:41.641] [Worker-Main-3/DEBUG] [org.sinytra.connector.mod.compat.TagConverter/]: Found existing vanilla tag minecraft:lava
[24Jul2025 19:23:41.641] [Worker-Main-3/DEBUG] [org.sinytra.connector.mod.compat.TagConverter/]: Converted 2 tags in 0 ms
[24Jul2025 19:23:41.668] [Worker-Main-1/DEBUG] [org.sinytra.connector.mod.compat.TagConverter/]: Creating new forge tag forge:slabs/sandstone
[24Jul2025 19:23:41.668] [Worker-Main-1/DEBUG] [org.sinytra.connector.mod.compat.TagConverter/]: Creating new forge tag forge:slabs/uncolored_sandstone
[24Jul2025 19:23:41.669] [Worker-Main-1/DEBUG] [org.sinytra.connector.mod.compat.TagConverter/]: Creating new forge tag forge:slabs/red_sandstone
[24Jul2025 19:23:41.669] [Worker-Main-1/DEBUG] [org.sinytra.connector.mod.compat.TagConverter/]: Creating new forge tag forge:buds
[24Jul2025 19:23:41.669] [Worker-Main-1/DEBUG] [org.sinytra.connector.mod.compat.TagConverter/]: Creating new forge tag forge:storage_blocks/sandstone
[24Jul2025 19:23:41.669] [Worker-Main-1/DEBUG] [org.sinytra.connector.mod.compat.TagConverter/]: Creating new forge tag forge:storage_blocks/uncolored_sandstone
[24Jul2025 19:23:41.669] [Worker-Main-1/DEBUG] [org.sinytra.connector.mod.compat.TagConverter/]: Creating new forge tag forge:storage_blocks/red_sandstone
[24Jul2025 19:23:41.669] [Worker-Main-1/DEBUG] [org.sinytra.connector.mod.compat.TagConverter/]: Creating new forge tag forge:storage_blocks/red_sandstone
[24Jul2025 19:23:41.669] [Worker-Main-1/DEBUG] [org.sinytra.connector.mod.compat.TagConverter/]: Creating new forge tag forge:slabs/uncolored_sandstone
[24Jul2025 19:23:41.670] [Worker-Main-1/DEBUG] [org.sinytra.connector.mod.compat.TagConverter/]: Found existing vanilla tag minecraft:swords
[24Jul2025 19:23:41.670] [Worker-Main-1/DEBUG] [org.sinytra.connector.mod.compat.TagConverter/]: Found existing prefixed forge tag forge:tools/shields
[24Jul2025 19:23:41.670] [Worker-Main-1/DEBUG] [org.sinytra.connector.mod.compat.TagConverter/]: Creating new forge tag forge:spears
[24Jul2025 19:23:41.670] [Worker-Main-1/DEBUG] [org.sinytra.connector.mod.compat.TagConverter/]: Found existing vanilla tag minecraft:pickaxes
[24Jul2025 19:23:41.670] [Worker-Main-1/DEBUG] [org.sinytra.connector.mod.compat.TagConverter/]: Creating new forge tag forge:panes/glass
[24Jul2025 19:23:41.670] [Worker-Main-1/DEBUG] [org.sinytra.connector.mod.compat.TagConverter/]: Creating new forge tag forge:buckets/entity_water
[24Jul2025 19:23:41.670] [Worker-Main-1/DEBUG] [org.sinytra.connector.mod.compat.TagConverter/]: Creating new forge tag forge:potions
[24Jul2025 19:23:41.670] [Worker-Main-1/DEBUG] [org.sinytra.connector.mod.compat.TagConverter/]: Creating new forge tag forge:buckets/milk
[24Jul2025 19:23:41.670] [Worker-Main-1/DEBUG] [org.sinytra.connector.mod.compat.TagConverter/]: Creating new forge tag forge:storage_blocks/budding
[24Jul2025 19:23:41.671] [Worker-Main-1/DEBUG] [org.sinytra.connector.mod.compat.TagConverter/]: Creating new forge tag forge:coal
[24Jul2025 19:23:41.671] [Worker-Main-1/DEBUG] [org.sinytra.connector.mod.compat.TagConverter/]: Creating new forge tag forge:quartz
[24Jul2025 19:23:41.671] [Worker-Main-1/DEBUG] [org.sinytra.connector.mod.compat.TagConverter/]: Creating new forge tag forge:stairs/uncolored_sandstone
[24Jul2025 19:23:41.671] [Worker-Main-1/DEBUG] [org.sinytra.connector.mod.compat.TagConverter/]: Creating new forge tag forge:foods
[24Jul2025 19:23:41.671] [Worker-Main-1/DEBUG] [org.sinytra.connector.mod.compat.TagConverter/]: Creating new forge tag forge:buckets/lava
[24Jul2025 19:23:41.671] [Worker-Main-1/DEBUG] [org.sinytra.connector.mod.compat.TagConverter/]: Creating new forge tag forge:lapis
[24Jul2025 19:23:41.671] [Worker-Main-1/DEBUG] [org.sinytra.connector.mod.compat.TagConverter/]: Found existing singular prefixed forge tag forge:gems/emerald
[24Jul2025 19:23:41.672] [Worker-Main-1/DEBUG] [org.sinytra.connector.mod.compat.TagConverter/]: Creating new forge tag forge:clusters
[24Jul2025 19:23:41.672] [Worker-Main-1/DEBUG] [org.sinytra.connector.mod.compat.TagConverter/]: Creating new forge tag forge:buckets/water
[24Jul2025 19:23:41.672] [Worker-Main-1/DEBUG] [org.sinytra.connector.mod.compat.TagConverter/]: Creating new forge tag forge:buckets/empty
[24Jul2025 19:23:41.672] [Worker-Main-1/DEBUG] [org.sinytra.connector.mod.compat.TagConverter/]: Creating new forge tag forge:stairs/red_sandstone
[24Jul2025 19:23:41.672] [Worker-Main-1/DEBUG] [org.sinytra.connector.mod.compat.TagConverter/]: Creating new forge tag forge:stairs/sandstone
[24Jul2025 19:23:41.673] [Worker-Main-1/DEBUG] [org.sinytra.connector.mod.compat.TagConverter/]: Found existing vanilla tag minecraft:axes
[24Jul2025 19:23:41.673] [Worker-Main-1/DEBUG] [org.sinytra.connector.mod.compat.TagConverter/]: Found existing vanilla tag minecraft:shovels
[24Jul2025 19:23:41.673] [Worker-Main-1/DEBUG] [org.sinytra.connector.mod.compat.TagConverter/]: Creating new forge tag forge:slabs/red_sandstone
[24Jul2025 19:23:41.673] [Worker-Main-1/DEBUG] [org.sinytra.connector.mod.compat.TagConverter/]: Found existing singular prefixed forge tag forge:gems/diamond
[24Jul2025 19:23:41.673] [Worker-Main-1/DEBUG] [org.sinytra.connector.mod.compat.TagConverter/]: Creating new forge tag forge:storage_blocks/uncolored_sandstone
[24Jul2025 19:23:41.674] [Worker-Main-1/DEBUG] [org.sinytra.connector.mod.compat.TagConverter/]: Found existing vanilla tag minecraft:hoes
[24Jul2025 19:23:41.674] [Worker-Main-1/DEBUG] [org.sinytra.connector.mod.compat.TagConverter/]: Found existing prefixed forge tag forge:tools/bows
[24Jul2025 19:23:41.674] [Worker-Main-1/DEBUG] [org.sinytra.connector.mod.compat.TagConverter/]: Creating new forge tag forge:boxes/shulker
[24Jul2025 19:23:41.674] [Worker-Main-1/DEBUG] [org.sinytra.connector.mod.compat.TagConverter/]: Creating new forge tag forge:storage_blocks/glass
[24Jul2025 19:23:41.674] [Worker-Main-1/DEBUG] [org.sinytra.connector.mod.compat.TagConverter/]: Creating new forge tag forge:sites/villager_job
[24Jul2025 19:23:41.674] [Worker-Main-1/DEBUG] [org.sinytra.connector.mod.compat.TagConverter/]: Converted 75 tags in 6 ms
[24Jul2025 19:23:41.715] [Worker-Main-3/DEBUG] [org.sinytra.connector.mod.compat.TagConverter/]: Creating new forge tag forge:slabs/sandstone
[24Jul2025 19:23:41.715] [Worker-Main-3/DEBUG] [org.sinytra.connector.mod.compat.TagConverter/]: Creating new forge tag forge:slabs/uncolored_sandstone
[24Jul2025 19:23:41.715] [Worker-Main-3/DEBUG] [org.sinytra.connector.mod.compat.TagConverter/]: Creating new forge tag forge:slabs/red_sandstone
[24Jul2025 19:23:41.715] [Worker-Main-3/DEBUG] [org.sinytra.connector.mod.compat.TagConverter/]: Creating new forge tag forge:buds
[24Jul2025 19:23:41.715] [Worker-Main-3/DEBUG] [org.sinytra.connector.mod.compat.TagConverter/]: Creating new forge tag forge:storage_blocks/sandstone
[24Jul2025 19:23:41.715] [Worker-Main-3/DEBUG] [org.sinytra.connector.mod.compat.TagConverter/]: Creating new forge tag forge:storage_blocks/uncolored_sandstone
[24Jul2025 19:23:41.715] [Worker-Main-3/DEBUG] [org.sinytra.connector.mod.compat.TagConverter/]: Creating new forge tag forge:storage_blocks/red_sandstone
[24Jul2025 19:23:41.715] [Worker-Main-3/DEBUG] [org.sinytra.connector.mod.compat.TagConverter/]: Creating new forge tag forge:storage_blocks/red_sandstone
[24Jul2025 19:23:41.716] [Worker-Main-3/DEBUG] [org.sinytra.connector.mod.compat.TagConverter/]: Creating new forge tag forge:clusters
[24Jul2025 19:23:41.716] [Worker-Main-3/DEBUG] [org.sinytra.connector.mod.compat.TagConverter/]: Creating new forge tag forge:slabs/uncolored_sandstone
[24Jul2025 19:23:41.716] [Worker-Main-3/DEBUG] [org.sinytra.connector.mod.compat.TagConverter/]: Creating new forge tag forge:stairs/red_sandstone
[24Jul2025 19:23:41.716] [Worker-Main-3/DEBUG] [org.sinytra.connector.mod.compat.TagConverter/]: Creating new forge tag forge:stairs/sandstone
[24Jul2025 19:23:41.716] [Worker-Main-3/DEBUG] [org.sinytra.connector.mod.compat.TagConverter/]: Creating new forge tag forge:stairs/uncolored_sandstone
[24Jul2025 19:23:41.716] [Worker-Main-3/DEBUG] [org.sinytra.connector.mod.compat.TagConverter/]: Creating new forge tag forge:panes/glass
[24Jul2025 19:23:41.716] [Worker-Main-3/DEBUG] [org.sinytra.connector.mod.compat.TagConverter/]: Creating new forge tag forge:slabs/red_sandstone
[24Jul2025 19:23:41.716] [Worker-Main-3/DEBUG] [org.sinytra.connector.mod.compat.TagConverter/]: Creating new forge tag forge:storage_blocks/uncolored_sandstone
[24Jul2025 19:23:41.716] [Worker-Main-3/DEBUG] [org.sinytra.connector.mod.compat.TagConverter/]: Creating new forge tag forge:storage_blocks/budding
[24Jul2025 19:23:41.716] [Worker-Main-3/DEBUG] [org.sinytra.connector.mod.compat.TagConverter/]: Creating new forge tag forge:boxes/shulker
[24Jul2025 19:23:41.716] [Worker-Main-3/DEBUG] [org.sinytra.connector.mod.compat.TagConverter/]: Creating new forge tag forge:storage_blocks/glass
[24Jul2025 19:23:41.716] [Worker-Main-3/DEBUG] [org.sinytra.connector.mod.compat.TagConverter/]: Creating new forge tag forge:sites/villager_job
[24Jul2025 19:23:41.716] [Worker-Main-3/DEBUG] [org.sinytra.connector.mod.compat.TagConverter/]: Creating new forge tag forge:stairs/uncolored_sandstone
[24Jul2025 19:23:41.716] [Worker-Main-3/DEBUG] [org.sinytra.connector.mod.compat.TagConverter/]: Converted 21 tags in 1 ms
[24Jul2025 19:23:41.962] [Worker-Main-2/DEBUG] [net.minecraftforge.coremod.transformer.CoreModBaseTransformer/COREMOD]: Transforming net/minecraft/world/entity/raid/Raid
[24Jul2025 19:23:42.346] [main/DEBUG] [mixin/]: Mixing LootTableBuilderMixin from fabric-loot-api-v2.mixins.json into net.minecraft.world.level.storage.loot.LootTable$Builder
[24Jul2025 19:23:42.346] [main/DEBUG] [mixin/]: fabric-loot-api-v2.mixins.json:LootTableBuilderMixin from mod fabric_loot_api_v2: Class version 61 required is higher than the class version supported by the current version of Mixin (JAVA_8 supports class version 52)
[24Jul2025 19:23:42.564] [main/DEBUG] [mixin/]: Mixing ingredient.ShapelessRecipeMixin from fabric-recipe-api-v1.mixins.json into net.minecraft.world.item.crafting.ShapelessRecipe
[24Jul2025 19:23:42.569] [main/DEBUG] [mixin/]: fabric-recipe-api-v1.mixins.json:ingredient.ShapelessRecipeMixin from mod fabric_recipe_api_v1->@Inject::cacheRequiresTesting(Lnet/minecraft/resources/ResourceLocation;Ljava/lang/String;Lnet/minecraft/world/item/crafting/CraftingBookCategory;Lnet/minecraft/world/item/ItemStack;Lnet/minecraft/core/NonNullList;Lorg/spongepowered/asm/mixin/injection/callback/CallbackInfo;)V doesn't use it's CallbackInfo
[24Jul2025 19:23:42.569] [main/DEBUG] [mixin/]: fabric-recipe-api-v1.mixins.json:ingredient.ShapelessRecipeMixin from mod fabric_recipe_api_v1->@Inject::cacheRequiresTesting(Lnet/minecraft/resources/ResourceLocation;Ljava/lang/String;Lnet/minecraft/world/item/crafting/CraftingBookCategory;Lnet/minecraft/world/item/ItemStack;Lnet/minecraft/core/NonNullList;Lorg/spongepowered/asm/mixin/injection/callback/CallbackInfo;)V has 0 override(s) in child classes
[24Jul2025 19:23:42.569] [main/DEBUG] [mixin/]: fabric-recipe-api-v1.mixins.json:ingredient.ShapelessRecipeMixin from mod fabric_recipe_api_v1->@Inject::cacheRequiresTesting(Lnet/minecraft/resources/ResourceLocation;Ljava/lang/String;Lnet/minecraft/world/item/crafting/CraftingBookCategory;Lnet/minecraft/world/item/ItemStack;Lnet/minecraft/core/NonNullList;Lorg/spongepowered/asm/mixin/injection/callback/CallbackInfo;)V won't be passed a CallbackInfo as a result
[24Jul2025 19:23:42.569] [main/DEBUG] [mixin/]: fabric-recipe-api-v1.mixins.json:ingredient.ShapelessRecipeMixin from mod fabric_recipe_api_v1->@Inject::customIngredientMatch(Lnet/minecraft/world/inventory/CraftingContainer;Lnet/minecraft/world/level/Level;Lorg/spongepowered/asm/mixin/injection/callback/CallbackInfoReturnable;)V does use it's CallbackInfoReturnable
[24Jul2025 19:23:42.612] [main/INFO] [net.minecraft.world.item.crafting.RecipeManager/]: Loaded 8 recipes
[24Jul2025 19:23:42.622] [main/DEBUG] [mixin/]: Mixing CriteriaAccessor from fabric-object-builder-v1.mixins.json into net.minecraft.advancements.CriteriaTriggers
[24Jul2025 19:23:42.622] [main/DEBUG] [mixin/]: fabric-object-builder-v1.mixins.json:CriteriaAccessor from mod fabric_object_builder_api_v1: Class version 61 required is higher than the class version supported by the current version of Mixin (JAVA_16 supports class version 60)
[24Jul2025 19:23:42.622] [main/DEBUG] [mixin/]: Renaming @Invoker method callRegister(Lnet/minecraft/advancements/CriterionTrigger;)Lnet/minecraft/advancements/CriterionTrigger; to callRegister$fabric_object_builder_api_v1_$md$c49e9e$0 in fabric-object-builder-v1.mixins.json:CriteriaAccessor from mod fabric_object_builder_api_v1
[24Jul2025 19:23:42.774] [main/ERROR] [net.minecraft.advancements.AdvancementList/]: Couldn't load advancement death_angels:death_angel_destroyer: Task Advancement{parentId=death_angels:death_angel_destroyer, display=net.minecraft.advancements.DisplayInfo@58a4a9dc, rewards=AdvancementRewards{experience=10, loot=[death_angels:blocks/plutonium_ore], recipes=[], function=net.minecraft.commands.CommandFunction$CacheableFunction@569e1bf3}, criteria={death_angel_destroyer_0=net.minecraft.advancements.Criterion@54cc245}, requirements=[[death_angel_destroyer_0]], sends_telemetry_event=false}
[24Jul2025 19:23:42.774] [main/INFO] [net.minecraft.advancements.AdvancementList/]: Loaded 1308 advancements
[24Jul2025 19:23:43.490] [main/DEBUG] [FabricRegistrySync/]: Starting registry save
[24Jul2025 19:23:43.490] [main/DEBUG] [FabricRegistrySync/]: Not saving registry: minecraft:command_argument_type
[24Jul2025 19:23:43.490] [main/DEBUG] [FabricRegistrySync/]: Not saving registry: minecraft:item
[24Jul2025 19:23:43.490] [main/DEBUG] [FabricRegistrySync/]: Not saving registry: minecraft:block_entity_type
[24Jul2025 19:23:43.490] [main/DEBUG] [FabricRegistrySync/]: Not saving registry: minecraft:custom_stat
[24Jul2025 19:23:43.490] [main/DEBUG] [FabricRegistrySync/]: Not saving registry: minecraft:worldgen/foliage_placer_type
[24Jul2025 19:23:43.490] [main/DEBUG] [FabricRegistrySync/]: Not saving registry: minecraft:stat_type
[24Jul2025 19:23:43.490] [main/DEBUG] [FabricRegistrySync/]: Not saving registry: minecraft:worldgen/material_rule
[24Jul2025 19:23:43.490] [main/DEBUG] [FabricRegistrySync/]: Not saving registry: minecraft:worldgen/structure_type
[24Jul2025 19:23:43.490] [main/DEBUG] [FabricRegistrySync/]: Not saving registry: minecraft:attribute
[24Jul2025 19:23:43.490] [main/DEBUG] [FabricRegistrySync/]: Not saving registry: minecraft:position_source_type
[24Jul2025 19:23:43.490] [main/DEBUG] [FabricRegistrySync/]: Not saving registry: minecraft:height_provider_type
[24Jul2025 19:23:43.490] [main/DEBUG] [FabricRegistrySync/]: Not saving registry: minecraft:rule_block_entity_modifier
[24Jul2025 19:23:43.490] [main/DEBUG] [FabricRegistrySync/]: Not saving registry: minecraft:worldgen/density_function_type
[24Jul2025 19:23:43.490] [main/DEBUG] [FabricRegistrySync/]: Not saving registry: minecraft:fluid
[24Jul2025 19:23:43.490] [main/DEBUG] [FabricRegistrySync/]: Not saving registry: forge:global_loot_modifier_serializers
[24Jul2025 19:23:43.490] [main/DEBUG] [FabricRegistrySync/]: Not saving registry: minecraft:loot_condition_type
[24Jul2025 19:23:43.491] [main/DEBUG] [FabricRegistrySync/]: Not saving registry: minecraft:worldgen/structure_pool_element
[24Jul2025 19:23:43.491] [main/DEBUG] [FabricRegistrySync/]: Not saving registry: minecraft:activity
[24Jul2025 19:23:43.491] [main/DEBUG] [FabricRegistrySync/]: Not saving registry: minecraft:recipe_serializer
[24Jul2025 19:23:43.491] [main/DEBUG] [FabricRegistrySync/]: Not saving registry: minecraft:frog_variant
[24Jul2025 19:23:43.491] [main/DEBUG] [FabricRegistrySync/]: Not saving registry: minecraft:banner_pattern
[24Jul2025 19:23:43.491] [main/DEBUG] [FabricRegistrySync/]: Not saving registry: minecraft:instrument
[24Jul2025 19:23:43.491] [main/DEBUG] [FabricRegistrySync/]: Not saving registry: minecraft:decorated_pot_patterns
[24Jul2025 19:23:43.491] [main/DEBUG] [FabricRegistrySync/]: Not saving registry: minecraft:worldgen/feature_size_type
[24Jul2025 19:23:43.491] [main/DEBUG] [FabricRegistrySync/]: Not saving registry: minecraft:point_of_interest_type
[24Jul2025 19:23:43.491] [main/DEBUG] [FabricRegistrySync/]: Not saving registry: minecraft:mob_effect
[24Jul2025 19:23:43.491] [main/DEBUG] [FabricRegistrySync/]: Not saving registry: minecraft:loot_pool_entry_type
[24Jul2025 19:23:43.491] [main/DEBUG] [FabricRegistrySync/]: Not saving registry: minecraft:worldgen/block_state_provider_type
[24Jul2025 19:23:43.491] [main/DEBUG] [FabricRegistrySync/]: Not saving registry: minecraft:worldgen/chunk_generator
[24Jul2025 19:23:43.491] [main/DEBUG] [FabricRegistrySync/]: Not saving registry: minecraft:float_provider_type
[24Jul2025 19:23:43.491] [main/DEBUG] [FabricRegistrySync/]: Not saving registry: minecraft:chunk_status
[24Jul2025 19:23:43.491] [main/DEBUG] [FabricRegistrySync/]: Not saving registry: minecraft:enchantment
[24Jul2025 19:23:43.491] [main/DEBUG] [FabricRegistrySync/]: Not saving registry: minecraft:loot_function_type
[24Jul2025 19:23:43.491] [main/DEBUG] [FabricRegistrySync/]: Not saving registry: minecraft:worldgen/structure_processor
[24Jul2025 19:23:43.491] [main/DEBUG] [FabricRegistrySync/]: Not saving registry: minecraft:loot_score_provider_type
[24Jul2025 19:23:43.491] [main/DEBUG] [FabricRegistrySync/]: Not saving registry: minecraft:worldgen/tree_decorator_type
[24Jul2025 19:23:43.491] [main/DEBUG] [FabricRegistrySync/]: Not saving registry: minecraft:schedule
[24Jul2025 19:23:43.491] [main/DEBUG] [FabricRegistrySync/]: Not saving registry: minecraft:worldgen/material_condition
[24Jul2025 19:23:43.491] [main/DEBUG] [FabricRegistrySync/]: Not saving registry: minecraft:entity_type
[24Jul2025 19:23:43.491] [main/DEBUG] [FabricRegistrySync/]: Not saving registry: minecraft:villager_profession
[24Jul2025 19:23:43.491] [main/DEBUG] [FabricRegistrySync/]: Not saving registry: minecraft:potion
[24Jul2025 19:23:43.491] [main/DEBUG] [FabricRegistrySync/]: Not saving registry: minecraft:recipe_type
[24Jul2025 19:23:43.491] [main/DEBUG] [FabricRegistrySync/]: Not saving registry: minecraft:int_provider_type
[24Jul2025 19:23:43.491] [main/DEBUG] [FabricRegistrySync/]: Not saving registry: minecraft:worldgen/feature
[24Jul2025 19:23:43.491] [main/DEBUG] [FabricRegistrySync/]: Not saving registry: minecraft:cat_variant
[24Jul2025 19:23:43.491] [main/DEBUG] [FabricRegistrySync/]: Not saving registry: minecraft:pos_rule_test
[24Jul2025 19:23:43.491] [main/DEBUG] [FabricRegistrySync/]: Not saving registry: minecraft:worldgen/structure_placement
[24Jul2025 19:23:43.491] [main/DEBUG] [FabricRegistrySync/]: Not saving registry: minecraft:loot_nbt_provider_type
[24Jul2025 19:23:43.491] [main/DEBUG] [FabricRegistrySync/]: Not saving registry: minecraft:menu
[24Jul2025 19:23:43.491] [main/DEBUG] [FabricRegistrySync/]: Not saving registry: minecraft:worldgen/trunk_placer_type
[24Jul2025 19:23:43.491] [main/DEBUG] [FabricRegistrySync/]: Not saving registry: minecraft:creative_mode_tab
[24Jul2025 19:23:43.491] [main/DEBUG] [FabricRegistrySync/]: Not saving registry: minecraft:worldgen/placement_modifier_type
[24Jul2025 19:23:43.491] [main/DEBUG] [FabricRegistrySync/]: Not saving registry: minecraft:worldgen/carver
[24Jul2025 19:23:43.491] [main/DEBUG] [FabricRegistrySync/]: Not saving registry: minecraft:loot_number_provider_type
[24Jul2025 19:23:43.491] [main/DEBUG] [FabricRegistrySync/]: Not saving registry: minecraft:worldgen/structure_piece
[24Jul2025 19:23:43.491] [main/DEBUG] [FabricRegistrySync/]: Not saving registry: minecraft:sound_event
[24Jul2025 19:23:43.491] [main/DEBUG] [FabricRegistrySync/]: Not saving registry: minecraft:particle_type
[24Jul2025 19:23:43.491] [main/DEBUG] [FabricRegistrySync/]: Not saving registry: minecraft:game_event
[24Jul2025 19:23:43.491] [main/DEBUG] [FabricRegistrySync/]: Not saving registry: minecraft:worldgen/biome_source
[24Jul2025 19:23:43.492] [main/DEBUG] [FabricRegistrySync/]: Not saving registry: minecraft:worldgen/root_placer_type
[24Jul2025 19:23:43.492] [main/DEBUG] [FabricRegistrySync/]: Not saving registry: minecraft:villager_type
[24Jul2025 19:23:43.492] [main/DEBUG] [FabricRegistrySync/]: Not saving registry: minecraft:painting_variant
[24Jul2025 19:23:43.492] [main/DEBUG] [FabricRegistrySync/]: Not saving registry: forge:fluid_type
[24Jul2025 19:23:43.492] [main/DEBUG] [FabricRegistrySync/]: Not saving registry: minecraft:block_predicate_type
[24Jul2025 19:23:43.492] [main/DEBUG] [FabricRegistrySync/]: Not saving registry: minecraft:block
[24Jul2025 19:23:43.492] [main/DEBUG] [FabricRegistrySync/]: Not saving registry: forge:entity_data_serializers
[24Jul2025 19:23:43.492] [main/DEBUG] [FabricRegistrySync/]: Not saving registry: minecraft:sensor_type
[24Jul2025 19:23:43.492] [main/DEBUG] [FabricRegistrySync/]: Not saving registry: minecraft:rule_test
[24Jul2025 19:23:43.492] [main/DEBUG] [FabricRegistrySync/]: Not saving registry: minecraft:memory_module_type
[24Jul2025 19:23:43.492] [main/DEBUG] [FabricRegistrySync/]: Not saving empty registry data
[24Jul2025 19:23:43.538] [main/DEBUG] [net.minecraftforge.common.ForgeHooks/WP]: Gathering id map for writing to world save world
[24Jul2025 19:23:43.580] [main/DEBUG] [net.minecraftforge.common.ForgeHooks/WP]: ID Map collection complete world
[24Jul2025 19:23:43.663] [Server thread/INFO] [net.minecraft.server.dedicated.DedicatedServer/]: Starting minecraft server version 1.20.1
[24Jul2025 19:23:43.664] [Server thread/INFO] [net.minecraft.server.dedicated.DedicatedServer/]: Loading properties
[24Jul2025 19:23:43.664] [Server thread/INFO] [net.minecraft.server.dedicated.DedicatedServer/]: Default game type: SURVIVAL
[24Jul2025 19:23:43.664] [Server thread/INFO] [net.minecraft.server.MinecraftServer/]: Generating keypair
[24Jul2025 19:23:43.749] [Server thread/INFO] [net.minecraft.server.dedicated.DedicatedServer/]: Starting Minecraft server on *:25565
[24Jul2025 19:23:43.754] [Server thread/DEBUG] [net.minecraftforge.network.DualStackUtils/]: Detected IPv6 address: "0:0:0:0:0:0:0:0"
[24Jul2025 19:23:43.766] [Server thread/DEBUG] [io.netty.util.internal.NativeLibraryLoader/]: -Dio.netty.native.workdir: /tmp (io.netty.tmpdir)
[24Jul2025 19:23:43.767] [Server thread/DEBUG] [io.netty.util.internal.NativeLibraryLoader/]: -Dio.netty.native.deleteLibAfterLoading: true
[24Jul2025 19:23:43.767] [Server thread/DEBUG] [io.netty.util.internal.NativeLibraryLoader/]: -Dio.netty.native.tryPatchShadedId: true
[24Jul2025 19:23:43.767] [Server thread/DEBUG] [io.netty.util.internal.NativeLibraryLoader/]: -Dio.netty.native.detectNativeLibraryDuplicates: true
[24Jul2025 19:23:43.779] [Server thread/DEBUG] [io.netty.util.internal.NativeLibraryLoader/]: Successfully loaded the library /tmp/libnetty_transport_native_epoll_x86_6417162147029167421548.so
[24Jul2025 19:23:43.782] [Server thread/DEBUG] [io.netty.util.NetUtil/]: -Djava.net.preferIPv4Stack: false
[24Jul2025 19:23:43.782] [Server thread/DEBUG] [io.netty.util.NetUtil/]: -Djava.net.preferIPv6Addresses: true
[24Jul2025 19:23:43.784] [Server thread/DEBUG] [io.netty.util.NetUtilInitializations/]: Loopback interface: lo (lo, 0:0:0:0:0:0:0:1%lo)
[24Jul2025 19:23:43.785] [Server thread/DEBUG] [io.netty.util.NetUtil/]: /proc/sys/net/core/somaxconn: 4096
[24Jul2025 19:23:43.788] [Server thread/INFO] [net.minecraft.server.network.ServerConnectionListener/]: Using epoll channel type
[24Jul2025 19:23:43.802] [Server thread/DEBUG] [mixin/]: Mixing ClientConnectionMixin from fabric-networking-api-v1.mixins.json into net.minecraft.network.Connection
[24Jul2025 19:23:43.803] [Server thread/DEBUG] [mixin/]: fabric-networking-api-v1.mixins.json:ClientConnectionMixin from mod fabric_networking_api_v1: Class version 61 required is higher than the class version supported by the current version of Mixin (JAVA_16 supports class version 60)
[24Jul2025 19:23:43.814] [Server thread/DEBUG] [mixin/]: fabric-networking-api-v1.mixins.json:ClientConnectionMixin from mod fabric_networking_api_v1->@Inject::initAddedFields(Lnet/minecraft/network/protocol/PacketFlow;Lorg/spongepowered/asm/mixin/injection/callback/CallbackInfo;)V doesn't use it's CallbackInfo
[24Jul2025 19:23:43.814] [Server thread/DEBUG] [mixin/]: fabric-networking-api-v1.mixins.json:ClientConnectionMixin from mod fabric_networking_api_v1->@Inject::initAddedFields(Lnet/minecraft/network/protocol/PacketFlow;Lorg/spongepowered/asm/mixin/injection/callback/CallbackInfo;)V has 0 override(s) in child classes
[24Jul2025 19:23:43.814] [Server thread/DEBUG] [mixin/]: fabric-networking-api-v1.mixins.json:ClientConnectionMixin from mod fabric_networking_api_v1->@Inject::initAddedFields(Lnet/minecraft/network/protocol/PacketFlow;Lorg/spongepowered/asm/mixin/injection/callback/CallbackInfo;)V won't be passed a CallbackInfo as a result
[24Jul2025 19:23:43.815] [Server thread/DEBUG] [mixin/]: fabric-networking-api-v1.mixins.json:ClientConnectionMixin from mod fabric_networking_api_v1->@Inject::checkPacket(Lnet/minecraft/network/protocol/Packet;Lnet/minecraft/network/PacketSendListener;Lorg/spongepowered/asm/mixin/injection/callback/CallbackInfo;)V doesn't use it's CallbackInfo
[24Jul2025 19:23:43.815] [Server thread/DEBUG] [mixin/]: fabric-networking-api-v1.mixins.json:ClientConnectionMixin from mod fabric_networking_api_v1->@Inject::checkPacket(Lnet/minecraft/network/protocol/Packet;Lnet/minecraft/network/PacketSendListener;Lorg/spongepowered/asm/mixin/injection/callback/CallbackInfo;)V has 0 override(s) in child classes
[24Jul2025 19:23:43.815] [Server thread/DEBUG] [mixin/]: fabric-networking-api-v1.mixins.json:ClientConnectionMixin from mod fabric_networking_api_v1->@Inject::checkPacket(Lnet/minecraft/network/protocol/Packet;Lnet/minecraft/network/PacketSendListener;Lorg/spongepowered/asm/mixin/injection/callback/CallbackInfo;)V won't be passed a CallbackInfo as a result
[24Jul2025 19:23:43.815] [Server thread/DEBUG] [mixin/]: fabric-networking-api-v1.mixins.json:ClientConnectionMixin from mod fabric_networking_api_v1->@Inject::checkPacket(Lnet/minecraft/network/protocol/Packet;Lnet/minecraft/network/PacketSendListener;Lorg/spongepowered/asm/mixin/injection/callback/CallbackInfo;)V doesn't use it's CallbackInfo
[24Jul2025 19:23:43.815] [Server thread/DEBUG] [mixin/]: fabric-networking-api-v1.mixins.json:ClientConnectionMixin from mod fabric_networking_api_v1->@Inject::checkPacket(Lnet/minecraft/network/protocol/Packet;Lnet/minecraft/network/PacketSendListener;Lorg/spongepowered/asm/mixin/injection/callback/CallbackInfo;)V has 0 override(s) in child classes
[24Jul2025 19:23:43.815] [Server thread/DEBUG] [mixin/]: fabric-networking-api-v1.mixins.json:ClientConnectionMixin from mod fabric_networking_api_v1->@Inject::checkPacket(Lnet/minecraft/network/protocol/Packet;Lnet/minecraft/network/PacketSendListener;Lorg/spongepowered/asm/mixin/injection/callback/CallbackInfo;)V won't be passed a CallbackInfo as a result
[24Jul2025 19:23:43.815] [Server thread/DEBUG] [mixin/]: fabric-networking-api-v1.mixins.json:ClientConnectionMixin from mod fabric_networking_api_v1->@Inject::handleDisconnect(Lio/netty/channel/ChannelHandlerContext;Lorg/spongepowered/asm/mixin/injection/callback/CallbackInfo;)V doesn't use it's CallbackInfo
[24Jul2025 19:23:43.815] [Server thread/DEBUG] [mixin/]: fabric-networking-api-v1.mixins.json:ClientConnectionMixin from mod fabric_networking_api_v1->@Inject::handleDisconnect(Lio/netty/channel/ChannelHandlerContext;Lorg/spongepowered/asm/mixin/injection/callback/CallbackInfo;)V has 0 override(s) in child classes
[24Jul2025 19:23:43.815] [Server thread/DEBUG] [mixin/]: fabric-networking-api-v1.mixins.json:ClientConnectionMixin from mod fabric_networking_api_v1->@Inject::handleDisconnect(Lio/netty/channel/ChannelHandlerContext;Lorg/spongepowered/asm/mixin/injection/callback/CallbackInfo;)V won't be passed a CallbackInfo as a result
[24Jul2025 19:23:43.815] [Server thread/DEBUG] [mixin/]: fabric-networking-api-v1.mixins.json:ClientConnectionMixin from mod fabric_networking_api_v1->@Inject::sendInternal(Lnet/minecraft/network/protocol/Packet;Lnet/minecraft/network/PacketSendListener;Lnet/minecraft/network/ConnectionProtocol;Lnet/minecraft/network/ConnectionProtocol;Lorg/spongepowered/asm/mixin/injection/callback/CallbackInfo;Lio/netty/channel/ChannelFuture;)V does use it's CallbackInfo
[24Jul2025 19:23:43.822] [Server thread/DEBUG] [io.netty.channel.MultithreadEventLoopGroup/]: -Dio.netty.eventLoopThreads: 8
[24Jul2025 19:23:43.832] [Server thread/DEBUG] [io.netty.util.internal.InternalThreadLocalMap/]: -Dio.netty.threadLocalMap.stringBuilder.initialSize: 1024
[24Jul2025 19:23:43.833] [Server thread/DEBUG] [io.netty.util.internal.InternalThreadLocalMap/]: -Dio.netty.threadLocalMap.stringBuilder.maxSize: 4096
[24Jul2025 19:23:43.840] [Server thread/DEBUG] [io.netty.util.internal.PlatformDependent/]: org.jctools-core.MpscChunkedArrayQueue: available
[24Jul2025 19:23:43.859] [Server thread/DEBUG] [io.netty.channel.DefaultChannelId/]: -Dio.netty.processId: 3873 (auto-detected)
[24Jul2025 19:23:43.860] [Server thread/DEBUG] [io.netty.channel.DefaultChannelId/]: -Dio.netty.machineId: 7c:1e:52:ff:fe:aa:35:f2 (auto-detected)
[24Jul2025 19:23:43.881] [Server thread/DEBUG] [io.netty.buffer.PooledByteBufAllocator/]: -Dio.netty.allocator.numHeapArenas: 8
[24Jul2025 19:23:43.881] [Server thread/DEBUG] [io.netty.buffer.PooledByteBufAllocator/]: -Dio.netty.allocator.numDirectArenas: 8
[24Jul2025 19:23:43.881] [Server thread/DEBUG] [io.netty.buffer.PooledByteBufAllocator/]: -Dio.netty.allocator.pageSize: 8192
[24Jul2025 19:23:43.881] [Server thread/DEBUG] [io.netty.buffer.PooledByteBufAllocator/]: -Dio.netty.allocator.maxOrder: 9
[24Jul2025 19:23:43.881] [Server thread/DEBUG] [io.netty.buffer.PooledByteBufAllocator/]: -Dio.netty.allocator.chunkSize: 4194304
[24Jul2025 19:23:43.881] [Server thread/DEBUG] [io.netty.buffer.PooledByteBufAllocator/]: -Dio.netty.allocator.smallCacheSize: 256
[24Jul2025 19:23:43.881] [Server thread/DEBUG] [io.netty.buffer.PooledByteBufAllocator/]: -Dio.netty.allocator.normalCacheSize: 64
[24Jul2025 19:23:43.881] [Server thread/DEBUG] [io.netty.buffer.PooledByteBufAllocator/]: -Dio.netty.allocator.maxCachedBufferCapacity: 32768
[24Jul2025 19:23:43.881] [Server thread/DEBUG] [io.netty.buffer.PooledByteBufAllocator/]: -Dio.netty.allocator.cacheTrimInterval: 8192
[24Jul2025 19:23:43.882] [Server thread/DEBUG] [io.netty.buffer.PooledByteBufAllocator/]: -Dio.netty.allocator.cacheTrimIntervalMillis: 0
[24Jul2025 19:23:43.882] [Server thread/DEBUG] [io.netty.buffer.PooledByteBufAllocator/]: -Dio.netty.allocator.useCacheForAllThreads: false
[24Jul2025 19:23:43.882] [Server thread/DEBUG] [io.netty.buffer.PooledByteBufAllocator/]: -Dio.netty.allocator.maxCachedByteBuffersPerChunk: 1023
[24Jul2025 19:23:43.889] [Server thread/DEBUG] [io.netty.buffer.ByteBufUtil/]: -Dio.netty.allocator.type: pooled
[24Jul2025 19:23:43.889] [Server thread/DEBUG] [io.netty.buffer.ByteBufUtil/]: -Dio.netty.threadLocalDirectBufferSize: 0
[24Jul2025 19:23:43.889] [Server thread/DEBUG] [io.netty.buffer.ByteBufUtil/]: -Dio.netty.maxThreadLocalCharBufferSize: 16384
[24Jul2025 19:23:43.897] [Server thread/WARN] [net.minecraft.server.dedicated.DedicatedServer/]: **** SERVER IS RUNNING IN OFFLINE/INSECURE MODE!
[24Jul2025 19:23:43.897] [Server thread/WARN] [net.minecraft.server.dedicated.DedicatedServer/]: The server will make no attempt to authenticate usernames. Beware.
[24Jul2025 19:23:43.897] [Server thread/WARN] [net.minecraft.server.dedicated.DedicatedServer/]: While this makes the game possible to play without internet access, it also opens up the ability for hackers to connect with any username they choose.
[24Jul2025 19:23:43.898] [Server thread/WARN] [net.minecraft.server.dedicated.DedicatedServer/]: To change this, set "online-mode" to "true" in the server.properties file.
[24Jul2025 19:23:43.905] [Server thread/DEBUG] [mixin/]: Mixing SerializableRegistriesMixin from fabric-registry-sync-v0.mixins.json into net.minecraft.core.RegistrySynchronization
[24Jul2025 19:23:43.905] [Server thread/DEBUG] [mixin/]: fabric-registry-sync-v0.mixins.json:SerializableRegistriesMixin from mod fabric_registry_sync_v0: Class version 61 required is higher than the class version supported by the current version of Mixin (JAVA_16 supports class version 60)
[24Jul2025 19:23:43.906] [Server thread/DEBUG] [mixin/]: Renaming synthetic method lambda$filterNonSyncedEntries$0(Lnet/minecraft/core/RegistryAccess$RegistryEntry;)Z to mdc49e9e$fabric_registry_sync_v0$lambda$filterNonSyncedEntries$0$0 in fabric-registry-sync-v0.mixins.json:SerializableRegistriesMixin from mod fabric_registry_sync_v0
[24Jul2025 19:23:43.915] [Server thread/DEBUG] [net.minecraftforge.fml.config.ConfigTracker/CONFIG]: Loading configs type SERVER
[24Jul2025 19:23:43.915] [Server thread/DEBUG] [net.minecraftforge.fml.config.ConfigFileTypeHandler/CONFIG]: Built TOML config for ./world/serverconfig/forge-server.toml
[24Jul2025 19:23:43.916] [Server thread/DEBUG] [net.minecraftforge.fml.config.ConfigFileTypeHandler/CONFIG]: Loaded TOML config file ./world/serverconfig/forge-server.toml
[24Jul2025 19:23:43.916] [Server thread/DEBUG] [net.minecraftforge.fml.config.ConfigFileTypeHandler/CONFIG]: Watching TOML config file ./world/serverconfig/forge-server.toml for changes
[24Jul2025 19:23:43.916] [Server thread/WARN] [net.minecraftforge.common.ForgeConfigSpec/CORE]: Configuration file ./world/serverconfig/forge-server.toml is not correct. Correcting
[24Jul2025 19:23:43.917] [Server thread/WARN] [net.minecraftforge.common.ForgeConfigSpec/CORE]: Incorrect key server was corrected from null to its default, SimpleCommentedConfig:{}. 
[24Jul2025 19:23:43.918] [Server thread/WARN] [net.minecraftforge.common.ForgeConfigSpec/CORE]: Incorrect key server.removeErroringBlockEntities was corrected from null to its default, false. 
[24Jul2025 19:23:43.918] [Server thread/DEBUG] [net.minecraftforge.common.ForgeConfigSpec/CORE]: The comment on key server.removeErroringBlockEntities does not match the spec. This may create a backup.
[24Jul2025 19:23:43.918] [Server thread/WARN] [net.minecraftforge.common.ForgeConfigSpec/CORE]: Incorrect key server.removeErroringEntities was corrected from null to its default, false. 
[24Jul2025 19:23:43.919] [Server thread/DEBUG] [net.minecraftforge.common.ForgeConfigSpec/CORE]: The comment on key server.removeErroringEntities does not match the spec. This may create a backup.
[24Jul2025 19:23:43.919] [Server thread/WARN] [net.minecraftforge.common.ForgeConfigSpec/CORE]: Incorrect key server.fullBoundingBoxLadders was corrected from null to its default, false. 
[24Jul2025 19:23:43.919] [Server thread/DEBUG] [net.minecraftforge.common.ForgeConfigSpec/CORE]: The comment on key server.fullBoundingBoxLadders does not match the spec. This may create a backup.
[24Jul2025 19:23:43.919] [Server thread/WARN] [net.minecraftforge.common.ForgeConfigSpec/CORE]: Incorrect key server.zombieBaseSummonChance was corrected from null to its default, 0.1. 
[24Jul2025 19:23:43.919] [Server thread/DEBUG] [net.minecraftforge.common.ForgeConfigSpec/CORE]: The comment on key server.zombieBaseSummonChance does not match the spec. This may create a backup.
[24Jul2025 19:23:43.919] [Server thread/WARN] [net.minecraftforge.common.ForgeConfigSpec/CORE]: Incorrect key server.zombieBabyChance was corrected from null to its default, 0.05. 
[24Jul2025 19:23:43.920] [Server thread/DEBUG] [net.minecraftforge.common.ForgeConfigSpec/CORE]: The comment on key server.zombieBabyChance does not match the spec. This may create a backup.
[24Jul2025 19:23:43.920] [Server thread/WARN] [net.minecraftforge.common.ForgeConfigSpec/CORE]: Incorrect key server.permissionHandler was corrected from null to its default, forge:default_handler. 
[24Jul2025 19:23:43.920] [Server thread/DEBUG] [net.minecraftforge.common.ForgeConfigSpec/CORE]: The comment on key server.permissionHandler does not match the spec. This may create a backup.
[24Jul2025 19:23:43.920] [Server thread/WARN] [net.minecraftforge.common.ForgeConfigSpec/CORE]: Incorrect key server.advertiseDedicatedServerToLan was corrected from null to its default, true. 
[24Jul2025 19:23:43.920] [Server thread/DEBUG] [net.minecraftforge.common.ForgeConfigSpec/CORE]: The comment on key server.advertiseDedicatedServerToLan does not match the spec. This may create a backup.
[24Jul2025 19:23:43.920] [Server thread/DEBUG] [net.minecraftforge.common.ForgeConfigSpec/CORE]: The comment on key server does not match the spec. This may create a backup.
[24Jul2025 19:23:43.921] [Thread-3/DEBUG] [net.minecraftforge.fml.config.ConfigFileTypeHandler/CONFIG]: Config file forge-server.toml changed, sending notifies
[24Jul2025 19:23:43.921] [Server thread/DEBUG] [net.minecraftforge.common.ForgeConfig/FORGEMOD]: Loaded forge config file forge-server.toml
[24Jul2025 19:23:43.921] [Thread-3/DEBUG] [net.minecraftforge.common.ForgeConfig/FORGEMOD]: Forge config just got changed on the file system!
[24Jul2025 19:23:43.922] [Thread-3/DEBUG] [net.minecraftforge.fml.config.ConfigFileTypeHandler/CONFIG]: Config file forge-server.toml changed, sending notifies
[24Jul2025 19:23:43.922] [Thread-3/DEBUG] [net.minecraftforge.common.ForgeConfig/FORGEMOD]: Forge config just got changed on the file system!
[24Jul2025 19:23:43.983] [Server thread/DEBUG] [mixin/]: Mixing TradeOffersTypeAwareBuyForOneEmeraldFactoryMixin from fabric-object-builder-v1.mixins.json into net.minecraft.world.entity.npc.VillagerTrades$EmeraldsForVillagerTypeItem
[24Jul2025 19:23:43.983] [Server thread/DEBUG] [mixin/]: fabric-object-builder-v1.mixins.json:TradeOffersTypeAwareBuyForOneEmeraldFactoryMixin from mod fabric_object_builder_api_v1: Class version 61 required is higher than the class version supported by the current version of Mixin (JAVA_16 supports class version 60)
[24Jul2025 19:23:43.985] [Server thread/DEBUG] [mixin/]: fabric-object-builder-v1.mixins.json:TradeOffersTypeAwareBuyForOneEmeraldFactoryMixin from mod fabric_object_builder_api_v1->@Inject::failOnNullItem(Lnet/minecraft/world/entity/Entity;Lnet/minecraft/util/RandomSource;Lorg/spongepowered/asm/mixin/injection/callback/CallbackInfoReturnable;Lnet/minecraft/world/item/ItemStack;)V does use it's CallbackInfoReturnable
[24Jul2025 19:23:43.993] [Server thread/INFO] [net.minecraft.server.dedicated.DedicatedServer/]: Preparing level "world"
[24Jul2025 19:23:43.997] [Server thread/DEBUG] [net.minecraftforge.coremod.transformer.CoreModBaseTransformer/COREMOD]: Transforming net/minecraft/world/level/levelgen/PhantomSpawner
[24Jul2025 19:23:44.010] [Server thread/DEBUG] [net.minecraftforge.coremod.transformer.CoreModBaseTransformer/COREMOD]: Transforming net/minecraft/world/level/levelgen/PatrolSpawner
[24Jul2025 19:23:44.020] [Server thread/DEBUG] [net.minecraftforge.coremod.transformer.CoreModBaseTransformer/COREMOD]: Transforming net/minecraft/world/entity/npc/CatSpawner
[24Jul2025 19:23:44.028] [Server thread/DEBUG] [net.minecraftforge.coremod.transformer.CoreModBaseTransformer/COREMOD]: Transforming net/minecraft/world/entity/ai/village/VillageSiege
[24Jul2025 19:23:44.067] [Server thread/INFO] [surveyor/]: [Surveyor] Loading data for minecraft:overworld
[24Jul2025 19:23:44.079] [Server thread/INFO] [surveyor/]: [Surveyor] Finished loading data for minecraft:overworld
[24Jul2025 19:23:44.093] [Server thread/DEBUG] [mixin/]: Mixing ServerWorldServerEntityHandlerMixin from fabric-lifecycle-events-v1.mixins.json into net.minecraft.server.level.ServerLevel$EntityCallbacks
[24Jul2025 19:23:44.095] [Server thread/DEBUG] [mixin/]: fabric-lifecycle-events-v1.mixins.json:ServerWorldServerEntityHandlerMixin from mod fabric_lifecycle_events_v1->@Inject::invokeEntityLoadEvent(Lnet/minecraft/world/entity/Entity;Lorg/spongepowered/asm/mixin/injection/callback/CallbackInfo;)V doesn't use it's CallbackInfo
[24Jul2025 19:23:44.095] [Server thread/DEBUG] [mixin/]: fabric-lifecycle-events-v1.mixins.json:ServerWorldServerEntityHandlerMixin from mod fabric_lifecycle_events_v1->@Inject::invokeEntityUnloadEvent(Lnet/minecraft/world/entity/Entity;Lorg/spongepowered/asm/mixin/injection/callback/CallbackInfo;)V doesn't use it's CallbackInfo
[24Jul2025 19:23:44.105] [Server thread/DEBUG] [mixin/]: Mixing MixinThreadedAnvilChunkStorage from surveyor.mixins.json into net.minecraft.server.level.ChunkMap
[24Jul2025 19:23:44.106] [Server thread/DEBUG] [mixin/]: Mixing accessor.ThreadedAnvilChunkStorageAccessor from fabric-networking-api-v1.mixins.json into net.minecraft.server.level.ChunkMap
[24Jul2025 19:23:44.106] [Server thread/DEBUG] [mixin/]: fabric-networking-api-v1.mixins.json:accessor.ThreadedAnvilChunkStorageAccessor from mod fabric_networking_api_v1: Class version 61 required is higher than the class version supported by the current version of Mixin (JAVA_16 supports class version 60)
[24Jul2025 19:23:44.106] [Server thread/DEBUG] [mixin/]: Mixing ThreadedAnvilChunkStorageMixin from fabric-lifecycle-events-v1.mixins.json into net.minecraft.server.level.ChunkMap
[24Jul2025 19:23:44.107] [Server thread/DEBUG] [mixin/]: Mixing ChunkMapAccessor from skinrestorer.mixins.json into net.minecraft.server.level.ChunkMap
[24Jul2025 19:23:44.109] [Server thread/DEBUG] [mixin/]: surveyor.mixins.json:MixinThreadedAnvilChunkStorage from mod surveyor->@Inject::sendChunkDataPackets(Lnet/minecraft/server/level/ServerPlayer;Lorg/apache/commons/lang3/mutable/MutableObject;Lnet/minecraft/world/level/chunk/LevelChunk;Lorg/spongepowered/asm/mixin/injection/callback/CallbackInfo;)V doesn't use it's CallbackInfo
[24Jul2025 19:23:44.109] [Server thread/DEBUG] [mixin/]: surveyor.mixins.json:MixinThreadedAnvilChunkStorage from mod surveyor->@Inject::sendChunkDataPackets(Lnet/minecraft/server/level/ServerPlayer;Lorg/apache/commons/lang3/mutable/MutableObject;Lnet/minecraft/world/level/chunk/LevelChunk;Lorg/spongepowered/asm/mixin/injection/callback/CallbackInfo;)V has 0 override(s) in child classes
[24Jul2025 19:23:44.109] [Server thread/DEBUG] [mixin/]: surveyor.mixins.json:MixinThreadedAnvilChunkStorage from mod surveyor->@Inject::sendChunkDataPackets(Lnet/minecraft/server/level/ServerPlayer;Lorg/apache/commons/lang3/mutable/MutableObject;Lnet/minecraft/world/level/chunk/LevelChunk;Lorg/spongepowered/asm/mixin/injection/callback/CallbackInfo;)V won't be passed a CallbackInfo as a result
[24Jul2025 19:23:44.109] [Server thread/DEBUG] [mixin/]: fabric-lifecycle-events-v1.mixins.json:ThreadedAnvilChunkStorageMixin from mod fabric_lifecycle_events_v1->@Inject::onChunkUnload(Lnet/minecraft/server/level/ChunkHolder;Ljava/util/concurrent/CompletableFuture;JLnet/minecraft/world/level/chunk/ChunkAccess;Lorg/spongepowered/asm/mixin/injection/callback/CallbackInfo;)V doesn't use it's CallbackInfo
[24Jul2025 19:23:44.109] [Server thread/DEBUG] [mixin/]: fabric-lifecycle-events-v1.mixins.json:ThreadedAnvilChunkStorageMixin from mod fabric_lifecycle_events_v1->@Inject::onChunkUnload(Lnet/minecraft/server/level/ChunkHolder;Ljava/util/concurrent/CompletableFuture;JLnet/minecraft/world/level/chunk/ChunkAccess;Lorg/spongepowered/asm/mixin/injection/callback/CallbackInfo;)V has 0 override(s) in child classes
[24Jul2025 19:23:44.110] [Server thread/DEBUG] [mixin/]: fabric-lifecycle-events-v1.mixins.json:ThreadedAnvilChunkStorageMixin from mod fabric_lifecycle_events_v1->@Inject::onChunkUnload(Lnet/minecraft/server/level/ChunkHolder;Ljava/util/concurrent/CompletableFuture;JLnet/minecraft/world/level/chunk/ChunkAccess;Lorg/spongepowered/asm/mixin/injection/callback/CallbackInfo;)V won't be passed a CallbackInfo as a result
[24Jul2025 19:23:44.110] [Server thread/DEBUG] [mixin/]: fabric-lifecycle-events-v1.mixins.json:ThreadedAnvilChunkStorageMixin from mod fabric_lifecycle_events_v1->@Inject::onChunkLoad(Lnet/minecraft/server/level/ChunkHolder;Lnet/minecraft/world/level/chunk/ChunkAccess;Lorg/spongepowered/asm/mixin/injection/callback/CallbackInfoReturnable;)V does use it's CallbackInfoReturnable
[24Jul2025 19:23:44.171] [Server thread/DEBUG] [mixin/]: Mixing NoiseConfigMixin from fabric-biome-api-v1.mixins.json into net.minecraft.world.level.levelgen.RandomState
[24Jul2025 19:23:44.171] [Server thread/DEBUG] [mixin/]: fabric-biome-api-v1.mixins.json:NoiseConfigMixin from mod fabric_biome_api_v1: Class version 61 required is higher than the class version supported by the current version of Mixin (JAVA_16 supports class version 60)
[24Jul2025 19:23:44.173] [Server thread/DEBUG] [mixin/]: fabric-biome-api-v1.mixins.json:NoiseConfigMixin from mod fabric_biome_api_v1->@Inject::init(Lnet/minecraft/world/level/levelgen/NoiseGeneratorSettings;Lnet/minecraft/core/HolderGetter;JLorg/spongepowered/asm/mixin/injection/callback/CallbackInfo;)V doesn't use it's CallbackInfo
[24Jul2025 19:23:44.319] [Server thread/DEBUG] [mixin/]: Mixing MultiNoiseUtilMultiNoiseSamplerMixin from fabric-biome-api-v1.mixins.json into net.minecraft.world.level.biome.Climate$Sampler
[24Jul2025 19:23:44.319] [Server thread/DEBUG] [mixin/]: fabric-biome-api-v1.mixins.json:MultiNoiseUtilMultiNoiseSamplerMixin from mod fabric_biome_api_v1: Class version 61 required is higher than the class version supported by the current version of Mixin (JAVA_16 supports class version 60)
[24Jul2025 19:23:44.439] [Server thread/DEBUG] [io.netty.buffer.AbstractByteBuf/]: -Dio.netty.buffer.checkAccessible: true
[24Jul2025 19:23:44.439] [Server thread/DEBUG] [io.netty.buffer.AbstractByteBuf/]: -Dio.netty.buffer.checkBounds: true
[24Jul2025 19:23:44.441] [Server thread/DEBUG] [io.netty.util.ResourceLeakDetectorFactory/]: Loaded default ResourceLeakDetector: io.netty.util.ResourceLeakDetector@2f621d21
[24Jul2025 19:23:47.424] [Worker-Main-1/DEBUG] [mixin/]: Mixing ChunkNoiseSamplerMixin from fabric-biome-api-v1.mixins.json into net.minecraft.world.level.levelgen.NoiseChunk
[24Jul2025 19:23:47.425] [Worker-Main-1/DEBUG] [mixin/]: fabric-biome-api-v1.mixins.json:ChunkNoiseSamplerMixin from mod fabric_biome_api_v1: Class version 61 required is higher than the class version supported by the current version of Mixin (JAVA_16 supports class version 60)
[24Jul2025 19:23:47.430] [Worker-Main-1/DEBUG] [mixin/]: fabric-biome-api-v1.mixins.json:ChunkNoiseSamplerMixin from mod fabric_biome_api_v1->@Inject::init(ILnet/minecraft/world/level/levelgen/RandomState;IILnet/minecraft/world/level/levelgen/NoiseSettings;Lnet/minecraft/world/level/levelgen/DensityFunctions$BeardifierOrMarker;Lnet/minecraft/world/level/levelgen/NoiseGeneratorSettings;Lnet/minecraft/world/level/levelgen/Aquifer$FluidPicker;Lnet/minecraft/world/level/levelgen/blending/Blender;Lorg/spongepowered/asm/mixin/injection/callback/CallbackInfo;)V doesn't use it's CallbackInfo
[24Jul2025 19:23:47.430] [Worker-Main-1/DEBUG] [mixin/]: fabric-biome-api-v1.mixins.json:ChunkNoiseSamplerMixin from mod fabric_biome_api_v1->@Inject::init(ILnet/minecraft/world/level/levelgen/RandomState;IILnet/minecraft/world/level/levelgen/NoiseSettings;Lnet/minecraft/world/level/levelgen/DensityFunctions$BeardifierOrMarker;Lnet/minecraft/world/level/levelgen/NoiseGeneratorSettings;Lnet/minecraft/world/level/levelgen/Aquifer$FluidPicker;Lnet/minecraft/world/level/levelgen/blending/Blender;Lorg/spongepowered/asm/mixin/injection/callback/CallbackInfo;)V has 0 override(s) in child classes
[24Jul2025 19:23:47.430] [Worker-Main-1/DEBUG] [mixin/]: fabric-biome-api-v1.mixins.json:ChunkNoiseSamplerMixin from mod fabric_biome_api_v1->@Inject::init(ILnet/minecraft/world/level/levelgen/RandomState;IILnet/minecraft/world/level/levelgen/NoiseSettings;Lnet/minecraft/world/level/levelgen/DensityFunctions$BeardifierOrMarker;Lnet/minecraft/world/level/levelgen/NoiseGeneratorSettings;Lnet/minecraft/world/level/levelgen/Aquifer$FluidPicker;Lnet/minecraft/world/level/levelgen/blending/Blender;Lorg/spongepowered/asm/mixin/injection/callback/CallbackInfo;)V won't be passed a CallbackInfo as a result
[24Jul2025 19:23:47.430] [Worker-Main-1/DEBUG] [mixin/]: fabric-biome-api-v1.mixins.json:ChunkNoiseSamplerMixin from mod fabric_biome_api_v1->@Inject::createMultiNoiseSampler(Lnet/minecraft/world/level/levelgen/NoiseRouter;Ljava/util/List;Lorg/spongepowered/asm/mixin/injection/callback/CallbackInfoReturnable;)V does use it's CallbackInfoReturnable
[24Jul2025 19:23:47.507] [Worker-Main-1/DEBUG] [mixin/]: Mixing MixinStructureStart from surveyor.mixins.json into net.minecraft.world.level.levelgen.structure.StructureStart
[24Jul2025 19:23:47.511] [Worker-Main-1/DEBUG] [mixin/]: surveyor.mixins.json:MixinStructureStart from mod surveyor->@Inject::structureGenerated(Lnet/minecraft/world/level/WorldGenLevel;Lnet/minecraft/world/level/StructureManager;Lnet/minecraft/world/level/chunk/ChunkGenerator;Lnet/minecraft/util/RandomSource;Lnet/minecraft/world/level/levelgen/structure/BoundingBox;Lnet/minecraft/world/level/ChunkPos;Lorg/spongepowered/asm/mixin/injection/callback/CallbackInfo;)V doesn't use it's CallbackInfo
[24Jul2025 19:23:47.516] [Worker-Main-1/DEBUG] [net.minecraftforge.coremod.transformer.CoreModBaseTransformer/COREMOD]: Transforming net/minecraft/world/level/levelgen/structure/templatesystem/StructureTemplate
[24Jul2025 19:23:47.793] [Worker-Main-2/DEBUG] [mixin/]: Mixing JigsawPlacementPlacerMixin from waystones.mixins.json into net.minecraft.world.level.levelgen.structure.pools.JigsawPlacement$Placer
[24Jul2025 19:23:50.210] [Netty Epoll Server IO #1/DEBUG] [mixin/]: Mixing BlockEntityUpdateS2CPacketMixin from fabric-data-attachment-api-v1.mixins.json into net.minecraft.network.protocol.game.ClientboundBlockEntityDataPacket
[24Jul2025 19:23:50.210] [Netty Epoll Server IO #1/DEBUG] [mixin/]: Renaming synthetic method lambda$stripPersistentAttachmentData$0(Ljava/util/function/Function;Lnet/minecraft/world/level/block/entity/BlockEntity;)Lnet/minecraft/nbt/CompoundTag; to mdc49e9e$fabric_data_attachment_api_v1$lambda$stripPersistentAttachmentData$0$0 in fabric-data-attachment-api-v1.mixins.json:BlockEntityUpdateS2CPacketMixin from mod fabric_data_attachment_api_v1
[24Jul2025 19:23:50.454] [Netty Epoll Server IO #1/DEBUG] [io.netty.util.Recycler/]: -Dio.netty.recycler.maxCapacityPerThread: 4096
[24Jul2025 19:23:50.454] [Netty Epoll Server IO #1/DEBUG] [io.netty.util.Recycler/]: -Dio.netty.recycler.ratio: 8
[24Jul2025 19:23:50.454] [Netty Epoll Server IO #1/DEBUG] [io.netty.util.Recycler/]: -Dio.netty.recycler.chunkSize: 32
[24Jul2025 19:23:50.454] [Netty Epoll Server IO #1/DEBUG] [io.netty.util.Recycler/]: -Dio.netty.recycler.blocking: false
[24Jul2025 19:23:51.261] [Netty Epoll Server IO #2/DEBUG] [mixin/]: Mixing NetworkHooksMixin from fabric-screen-handler-api-v1.mixins.json into net.minecraftforge.network.NetworkHooks
[24Jul2025 19:23:51.262] [Netty Epoll Server IO #2/DEBUG] [mixin/]: fabric-screen-handler-api-v1.mixins.json:NetworkHooksMixin from mod fabric_screen_handler_api_v1: Class version 61 required is higher than the class version supported by the current version of Mixin (JAVA_16 supports class version 60)
[24Jul2025 19:23:51.281] [Netty Epoll Server IO #2/DEBUG] [mixin/]: fabric-screen-handler-api-v1.mixins.json:NetworkHooksMixin from mod fabric_screen_handler_api_v1->@Inject::injectOpenScreen(Lnet/minecraft/server/level/ServerPlayer;Lnet/minecraft/world/MenuProvider;Ljava/util/function/Consumer;Lorg/spongepowered/asm/mixin/injection/callback/CallbackInfo;ILnet/minecraft/network/FriendlyByteBuf;Lnet/minecraft/network/FriendlyByteBuf;Lnet/minecraft/world/inventory/AbstractContainerMenu;)V doesn't use it's CallbackInfo
[24Jul2025 19:23:53.562] [Worker-Main-1/DEBUG] [mixin/]: Mixing LandPathNodeMakerMixin from fabric-content-registries-v0.mixins.json into net.minecraft.world.level.pathfinder.WalkNodeEvaluator
[24Jul2025 19:23:53.563] [Worker-Main-1/DEBUG] [mixin/]: fabric-content-registries-v0.mixins.json:LandPathNodeMakerMixin from mod fabric_content_registries_v0: Class version 61 required is higher than the class version supported by the current version of Mixin (JAVA_16 supports class version 60)
[24Jul2025 19:23:53.565] [Worker-Main-1/DEBUG] [mixin/]: fabric-content-registries-v0.mixins.json:LandPathNodeMakerMixin from mod fabric_content_registries_v0->@Inject::getCommonNodeType(Lnet/minecraft/world/level/BlockGetter;Lnet/minecraft/core/BlockPos;Lorg/spongepowered/asm/mixin/injection/callback/CallbackInfoReturnable;Lnet/minecraft/world/level/block/state/BlockState;)V does use it's CallbackInfoReturnable
[24Jul2025 19:23:53.565] [Worker-Main-1/DEBUG] [mixin/]: fabric-content-registries-v0.mixins.json:LandPathNodeMakerMixin from mod fabric_content_registries_v0->@Inject::getNodeTypeFromNeighbors(Lnet/minecraft/world/level/BlockGetter;Lnet/minecraft/core/BlockPos$MutableBlockPos;Lnet/minecraft/world/level/pathfinder/BlockPathTypes;Lorg/spongepowered/asm/mixin/injection/callback/CallbackInfoReturnable;IIIIIILnet/minecraft/world/level/block/state/BlockState;)V does use it's CallbackInfoReturnable
[24Jul2025 19:23:53.581] [Worker-Main-1/DEBUG] [io.netty.util.internal.ThreadLocalRandom/]: -Dio.netty.initialSeedUniquifier: 0x83cce6a8319210e7
[24Jul2025 19:23:53.593] [Worker-Main-1/DEBUG] [mixin/]: Mixing FarmerWorkTaskAccessor from fabric-content-registries-v0.mixins.json into net.minecraft.world.entity.ai.behavior.WorkAtComposter
[24Jul2025 19:23:53.594] [Worker-Main-1/DEBUG] [mixin/]: fabric-content-registries-v0.mixins.json:FarmerWorkTaskAccessor from mod fabric_content_registries_v0: Class version 61 required is higher than the class version supported by the current version of Mixin (JAVA_16 supports class version 60)
[24Jul2025 19:23:53.595] [Worker-Main-1/DEBUG] [mixin/]: Renaming @Accessor method fabric_setCompostables(Ljava/util/List;)V to fabric_setCompostables$fabric_content_registries_v0_$md$c49e9e$0 in fabric-content-registries-v0.mixins.json:FarmerWorkTaskAccessor from mod fabric_content_registries_v0
[24Jul2025 19:23:53.595] [Worker-Main-1/DEBUG] [mixin/]: Renaming @Accessor method fabric_getCompostable()Ljava/util/List; to fabric_getCompostable$fabric_content_registries_v0_$md$c49e9e$1 in fabric-content-registries-v0.mixins.json:FarmerWorkTaskAccessor from mod fabric_content_registries_v0
[24Jul2025 19:23:53.622] [Worker-Main-1/DEBUG] [mixin/]: Mixing GiveGiftsToHeroTaskAccessor from fabric-content-registries-v0.mixins.json into net.minecraft.world.entity.ai.behavior.GiveGiftToHero
[24Jul2025 19:23:53.622] [Worker-Main-1/DEBUG] [mixin/]: fabric-content-registries-v0.mixins.json:GiveGiftsToHeroTaskAccessor from mod fabric_content_registries_v0: Class version 61 required is higher than the class version supported by the current version of Mixin (JAVA_16 supports class version 60)
[24Jul2025 19:23:53.622] [Worker-Main-1/DEBUG] [mixin/]: Renaming @Accessor method fabric_getGifts()Ljava/util/Map; to fabric_getGifts$fabric_content_registries_v0_$md$c49e9e$0 in fabric-content-registries-v0.mixins.json:GiveGiftsToHeroTaskAccessor from mod fabric_content_registries_v0
[24Jul2025 19:23:53.802] [Worker-Main-1/DEBUG] [net.minecraftforge.coremod.transformer.CoreModBaseTransformer/COREMOD]: Transforming net/minecraft/world/level/NaturalSpawner
[24Jul2025 19:23:53.834] [Server thread/DEBUG] [mixin/]: Mixing WrapperProtoChunkMixin from fabric-data-attachment-api-v1.mixins.json into net.minecraft.world.level.chunk.ImposterProtoChunk
[24Jul2025 19:23:53.884] [Server thread/INFO] [surveyor/]: [Surveyor] Loading data for itsnotreal:its_your_fault
[24Jul2025 19:23:53.885] [Server thread/INFO] [surveyor/]: [Surveyor] Finished loading data for itsnotreal:its_your_fault
[24Jul2025 19:23:53.904] [Server thread/INFO] [surveyor/]: [Surveyor] Loading data for no_moon:core_77
[24Jul2025 19:23:53.905] [Server thread/INFO] [surveyor/]: [Surveyor] Finished loading data for no_moon:core_77
[24Jul2025 19:23:53.921] [Server thread/INFO] [surveyor/]: [Surveyor] Loading data for no_moon:lost
[24Jul2025 19:23:53.922] [Server thread/INFO] [surveyor/]: [Surveyor] Finished loading data for no_moon:lost
[24Jul2025 19:23:53.935] [Server thread/INFO] [surveyor/]: [Surveyor] Loading data for minecraft:the_end
[24Jul2025 19:23:53.935] [Server thread/INFO] [surveyor/]: [Surveyor] Finished loading data for minecraft:the_end
[24Jul2025 19:23:53.957] [Server thread/INFO] [surveyor/]: [Surveyor] Loading data for minecraft:the_nether
[24Jul2025 19:23:53.957] [Server thread/INFO] [surveyor/]: [Surveyor] Finished loading data for minecraft:the_nether
[24Jul2025 19:23:53.960] [Server thread/INFO] [surveyor/]: [Surveyor] Loading data for no_moon:alone_forever
[24Jul2025 19:23:53.961] [Server thread/INFO] [surveyor/]: [Surveyor] Finished loading data for no_moon:alone_forever
[24Jul2025 19:23:53.973] [Server thread/INFO] [surveyor/]: [Surveyor] Loading data for no_moon:bedrock
[24Jul2025 19:23:53.974] [Server thread/INFO] [surveyor/]: [Surveyor] Finished loading data for no_moon:bedrock
[24Jul2025 19:23:53.988] [Server thread/INFO] [surveyor/]: [Surveyor] Loading data for itsnotreal:itsnotreal_dimension
[24Jul2025 19:23:53.988] [Server thread/INFO] [surveyor/]: [Surveyor] Finished loading data for itsnotreal:itsnotreal_dimension
[24Jul2025 19:23:54.002] [Server thread/INFO] [net.minecraft.server.MinecraftServer/]: Preparing start region for dimension minecraft:overworld
[24Jul2025 19:23:54.827] [Worker-Main-2/INFO] [net.minecraft.server.level.progress.LoggerChunkProgressListener/]: Preparing spawn area: 0%
[24Jul2025 19:23:54.828] [Worker-Main-3/INFO] [net.minecraft.server.level.progress.LoggerChunkProgressListener/]: Preparing spawn area: 0%
[24Jul2025 19:23:55.126] [Worker-Main-3/INFO] [net.minecraft.server.level.progress.LoggerChunkProgressListener/]: Preparing spawn area: 0%
[24Jul2025 19:23:55.571] [Worker-Main-3/INFO] [net.minecraft.server.level.progress.LoggerChunkProgressListener/]: Preparing spawn area: 0%
[24Jul2025 19:23:56.068] [Worker-Main-1/INFO] [net.minecraft.server.level.progress.LoggerChunkProgressListener/]: Preparing spawn area: 0%
[24Jul2025 19:23:56.519] [Worker-Main-2/INFO] [net.minecraft.server.level.progress.LoggerChunkProgressListener/]: Preparing spawn area: 0%
[24Jul2025 19:23:57.011] [Worker-Main-3/INFO] [net.minecraft.server.level.progress.LoggerChunkProgressListener/]: Preparing spawn area: 0%
[24Jul2025 19:23:57.517] [Worker-Main-2/INFO] [net.minecraft.server.level.progress.LoggerChunkProgressListener/]: Preparing spawn area: 1%
[24Jul2025 19:23:58.014] [Worker-Main-2/INFO] [net.minecraft.server.level.progress.LoggerChunkProgressListener/]: Preparing spawn area: 1%
[24Jul2025 19:23:58.508] [Worker-Main-1/INFO] [net.minecraft.server.level.progress.LoggerChunkProgressListener/]: Preparing spawn area: 2%
[24Jul2025 19:23:59.014] [Worker-Main-3/INFO] [net.minecraft.server.level.progress.LoggerChunkProgressListener/]: Preparing spawn area: 2%
[24Jul2025 19:23:59.513] [Worker-Main-2/INFO] [net.minecraft.server.level.progress.LoggerChunkProgressListener/]: Preparing spawn area: 2%
[24Jul2025 19:24:00.009] [Worker-Main-1/INFO] [net.minecraft.server.level.progress.LoggerChunkProgressListener/]: Preparing spawn area: 3%
[24Jul2025 19:24:00.520] [Worker-Main-2/INFO] [net.minecraft.server.level.progress.LoggerChunkProgressListener/]: Preparing spawn area: 4%
[24Jul2025 19:24:01.023] [Worker-Main-2/INFO] [net.minecraft.server.level.progress.LoggerChunkProgressListener/]: Preparing spawn area: 5%
[24Jul2025 19:24:01.511] [Worker-Main-3/INFO] [net.minecraft.server.level.progress.LoggerChunkProgressListener/]: Preparing spawn area: 6%
[24Jul2025 19:24:01.772] [Server thread/DEBUG] [mixin/]: Mixing accessor.EntityTrackerAccessor from fabric-networking-api-v1.mixins.json into net.minecraft.server.level.ChunkMap$TrackedEntity
[24Jul2025 19:24:01.773] [Server thread/DEBUG] [mixin/]: fabric-networking-api-v1.mixins.json:accessor.EntityTrackerAccessor from mod fabric_networking_api_v1: Class version 61 required is higher than the class version supported by the current version of Mixin (JAVA_16 supports class version 60)
[24Jul2025 19:24:01.773] [Server thread/DEBUG] [mixin/]: Mixing TrackedEntityAccessorInvoker from skinrestorer.mixins.json into net.minecraft.server.level.ChunkMap$TrackedEntity
[24Jul2025 19:24:01.776] [Server thread/DEBUG] [mixin/]: Mixing EntityTrackerEntryMixin from fabric-networking-api-v1.mixins.json into net.minecraft.server.level.ServerEntity
[24Jul2025 19:24:01.776] [Server thread/DEBUG] [mixin/]: fabric-networking-api-v1.mixins.json:EntityTrackerEntryMixin from mod fabric_networking_api_v1: Class version 61 required is higher than the class version supported by the current version of Mixin (JAVA_16 supports class version 60)
[24Jul2025 19:24:01.777] [Server thread/DEBUG] [mixin/]: fabric-networking-api-v1.mixins.json:EntityTrackerEntryMixin from mod fabric_networking_api_v1->@Inject::onStartTracking(Lnet/minecraft/server/level/ServerPlayer;Lorg/spongepowered/asm/mixin/injection/callback/CallbackInfo;)V doesn't use it's CallbackInfo
[24Jul2025 19:24:01.777] [Server thread/DEBUG] [mixin/]: fabric-networking-api-v1.mixins.json:EntityTrackerEntryMixin from mod fabric_networking_api_v1->@Inject::onStartTracking(Lnet/minecraft/server/level/ServerPlayer;Lorg/spongepowered/asm/mixin/injection/callback/CallbackInfo;)V has 0 override(s) in child classes
[24Jul2025 19:24:01.777] [Server thread/DEBUG] [mixin/]: fabric-networking-api-v1.mixins.json:EntityTrackerEntryMixin from mod fabric_networking_api_v1->@Inject::onStartTracking(Lnet/minecraft/server/level/ServerPlayer;Lorg/spongepowered/asm/mixin/injection/callback/CallbackInfo;)V won't be passed a CallbackInfo as a result
[24Jul2025 19:24:01.777] [Server thread/DEBUG] [mixin/]: fabric-networking-api-v1.mixins.json:EntityTrackerEntryMixin from mod fabric_networking_api_v1->@Inject::onStopTracking(Lnet/minecraft/server/level/ServerPlayer;Lorg/spongepowered/asm/mixin/injection/callback/CallbackInfo;)V doesn't use it's CallbackInfo
[24Jul2025 19:24:01.777] [Server thread/DEBUG] [mixin/]: fabric-networking-api-v1.mixins.json:EntityTrackerEntryMixin from mod fabric_networking_api_v1->@Inject::onStopTracking(Lnet/minecraft/server/level/ServerPlayer;Lorg/spongepowered/asm/mixin/injection/callback/CallbackInfo;)V has 0 override(s) in child classes
[24Jul2025 19:24:01.778] [Server thread/DEBUG] [mixin/]: fabric-networking-api-v1.mixins.json:EntityTrackerEntryMixin from mod fabric_networking_api_v1->@Inject::onStopTracking(Lnet/minecraft/server/level/ServerPlayer;Lorg/spongepowered/asm/mixin/injection/callback/CallbackInfo;)V won't be passed a CallbackInfo as a result
[24Jul2025 19:24:02.161] [Worker-Main-1/INFO] [net.minecraft.server.level.progress.LoggerChunkProgressListener/]: Preparing spawn area: 6%
[24Jul2025 19:24:02.513] [Worker-Main-1/INFO] [net.minecraft.server.level.progress.LoggerChunkProgressListener/]: Preparing spawn area: 7%
[24Jul2025 19:24:03.043] [Worker-Main-1/INFO] [net.minecraft.server.level.progress.LoggerChunkProgressListener/]: Preparing spawn area: 9%
[24Jul2025 19:24:03.503] [Worker-Main-1/INFO] [net.minecraft.server.level.progress.LoggerChunkProgressListener/]: Preparing spawn area: 10%
[24Jul2025 19:24:04.003] [Worker-Main-3/INFO] [net.minecraft.server.level.progress.LoggerChunkProgressListener/]: Preparing spawn area: 11%
[24Jul2025 19:24:04.507] [Worker-Main-1/INFO] [net.minecraft.server.level.progress.LoggerChunkProgressListener/]: Preparing spawn area: 12%
[24Jul2025 19:24:05.021] [Worker-Main-3/INFO] [net.minecraft.server.level.progress.LoggerChunkProgressListener/]: Preparing spawn area: 15%
[24Jul2025 19:24:05.508] [Worker-Main-3/INFO] [net.minecraft.server.level.progress.LoggerChunkProgressListener/]: Preparing spawn area: 16%
[24Jul2025 19:24:06.010] [Worker-Main-3/INFO] [net.minecraft.server.level.progress.LoggerChunkProgressListener/]: Preparing spawn area: 17%
[24Jul2025 19:24:06.505] [Worker-Main-2/INFO] [net.minecraft.server.level.progress.LoggerChunkProgressListener/]: Preparing spawn area: 19%
[24Jul2025 19:24:07.011] [Worker-Main-3/INFO] [net.minecraft.server.level.progress.LoggerChunkProgressListener/]: Preparing spawn area: 22%
[24Jul2025 19:24:07.515] [Worker-Main-2/INFO] [net.minecraft.server.level.progress.LoggerChunkProgressListener/]: Preparing spawn area: 23%
[24Jul2025 19:24:08.011] [Worker-Main-3/INFO] [net.minecraft.server.level.progress.LoggerChunkProgressListener/]: Preparing spawn area: 25%
[24Jul2025 19:24:08.524] [Worker-Main-3/INFO] [net.minecraft.server.level.progress.LoggerChunkProgressListener/]: Preparing spawn area: 28%
[24Jul2025 19:24:09.062] [Worker-Main-1/INFO] [net.minecraft.server.level.progress.LoggerChunkProgressListener/]: Preparing spawn area: 31%
[24Jul2025 19:24:09.539] [Worker-Main-3/INFO] [net.minecraft.server.level.progress.LoggerChunkProgressListener/]: Preparing spawn area: 32%
[24Jul2025 19:24:10.003] [Worker-Main-1/INFO] [net.minecraft.server.level.progress.LoggerChunkProgressListener/]: Preparing spawn area: 33%
[24Jul2025 19:24:10.514] [Worker-Main-2/INFO] [net.minecraft.server.level.progress.LoggerChunkProgressListener/]: Preparing spawn area: 35%
[24Jul2025 19:24:11.028] [Worker-Main-2/INFO] [net.minecraft.server.level.progress.LoggerChunkProgressListener/]: Preparing spawn area: 38%
[24Jul2025 19:24:11.506] [Worker-Main-2/INFO] [net.minecraft.server.level.progress.LoggerChunkProgressListener/]: Preparing spawn area: 40%
[24Jul2025 19:24:12.015] [Worker-Main-2/INFO] [net.minecraft.server.level.progress.LoggerChunkProgressListener/]: Preparing spawn area: 42%
[24Jul2025 19:24:12.508] [Worker-Main-3/INFO] [net.minecraft.server.level.progress.LoggerChunkProgressListener/]: Preparing spawn area: 44%
[24Jul2025 19:24:13.004] [Worker-Main-2/INFO] [net.minecraft.server.level.progress.LoggerChunkProgressListener/]: Preparing spawn area: 47%
[24Jul2025 19:24:13.506] [Worker-Main-1/INFO] [net.minecraft.server.level.progress.LoggerChunkProgressListener/]: Preparing spawn area: 49%
[24Jul2025 19:24:14.018] [Worker-Main-3/INFO] [net.minecraft.server.level.progress.LoggerChunkProgressListener/]: Preparing spawn area: 53%
[24Jul2025 19:24:14.507] [Worker-Main-1/INFO] [net.minecraft.server.level.progress.LoggerChunkProgressListener/]: Preparing spawn area: 55%
[24Jul2025 19:24:15.005] [Worker-Main-3/INFO] [net.minecraft.server.level.progress.LoggerChunkProgressListener/]: Preparing spawn area: 56%
[24Jul2025 19:24:15.504] [Worker-Main-3/INFO] [net.minecraft.server.level.progress.LoggerChunkProgressListener/]: Preparing spawn area: 59%
[24Jul2025 19:24:16.006] [Worker-Main-3/INFO] [net.minecraft.server.level.progress.LoggerChunkProgressListener/]: Preparing spawn area: 62%
[24Jul2025 19:24:16.529] [Worker-Main-1/INFO] [net.minecraft.server.level.progress.LoggerChunkProgressListener/]: Preparing spawn area: 65%
[24Jul2025 19:24:17.028] [Worker-Main-1/INFO] [net.minecraft.server.level.progress.LoggerChunkProgressListener/]: Preparing spawn area: 68%
[24Jul2025 19:24:17.505] [Worker-Main-3/INFO] [net.minecraft.server.level.progress.LoggerChunkProgressListener/]: Preparing spawn area: 69%
[24Jul2025 19:24:18.014] [Worker-Main-3/INFO] [net.minecraft.server.level.progress.LoggerChunkProgressListener/]: Preparing spawn area: 72%
[24Jul2025 19:24:18.520] [Worker-Main-3/INFO] [net.minecraft.server.level.progress.LoggerChunkProgressListener/]: Preparing spawn area: 75%
[24Jul2025 19:24:19.007] [Worker-Main-1/INFO] [net.minecraft.server.level.progress.LoggerChunkProgressListener/]: Preparing spawn area: 79%
[24Jul2025 19:24:19.517] [Worker-Main-2/INFO] [net.minecraft.server.level.progress.LoggerChunkProgressListener/]: Preparing spawn area: 82%
[24Jul2025 19:24:20.032] [Worker-Main-1/INFO] [net.minecraft.server.level.progress.LoggerChunkProgressListener/]: Preparing spawn area: 84%
[24Jul2025 19:24:20.503] [Worker-Main-2/INFO] [net.minecraft.server.level.progress.LoggerChunkProgressListener/]: Preparing spawn area: 86%
[24Jul2025 19:24:21.012] [Worker-Main-2/INFO] [net.minecraft.server.level.progress.LoggerChunkProgressListener/]: Preparing spawn area: 89%
[24Jul2025 19:24:21.506] [Worker-Main-3/INFO] [net.minecraft.server.level.progress.LoggerChunkProgressListener/]: Preparing spawn area: 93%
[24Jul2025 19:24:22.030] [Worker-Main-2/INFO] [net.minecraft.server.level.progress.LoggerChunkProgressListener/]: Preparing spawn area: 97%
[24Jul2025 19:24:22.366] [Server thread/INFO] [net.minecraft.server.level.progress.LoggerChunkProgressListener/]: Time elapsed: 28363 ms
[24Jul2025 19:24:22.367] [Server thread/INFO] [net.minecraft.server.dedicated.DedicatedServer/]: Done (38.452s)! For help, type "help"
[24Jul2025 19:24:22.376] [Server thread/DEBUG] [net.minecraftforge.network.DualStackUtils/]: Detected IPv6 address: "0:0:0:0:0:0:0:0"
[24Jul2025 19:24:22.387] [Server thread/DEBUG] [net.minecraftforge.common.ForgeI18n/CORE]: Loading I18N data entries: 1975
[24Jul2025 19:24:22.390] [Server thread/INFO] [net.minecraftforge.server.permission.PermissionAPI/]: Successfully initialized permission handler forge:default_handler
[24Jul2025 19:24:26.533] [Server thread/DEBUG] [mixin/]: Mixing ChunkSerializerMixin from fabric-data-attachment-api-v1.mixins.json into net.minecraft.world.level.chunk.storage.ChunkSerializer
[24Jul2025 19:24:26.533] [Server thread/DEBUG] [mixin/]: Mixing ChunkSerializerMixin from fabric-registry-sync-v0.mixins.json into net.minecraft.world.level.chunk.storage.ChunkSerializer
[24Jul2025 19:24:26.533] [Server thread/DEBUG] [mixin/]: fabric-registry-sync-v0.mixins.json:ChunkSerializerMixin from mod fabric_registry_sync_v0: Class version 61 required is higher than the class version supported by the current version of Mixin (JAVA_16 supports class version 60)
[24Jul2025 19:24:26.537] [Server thread/DEBUG] [mixin/]: fabric-data-attachment-api-v1.mixins.json:ChunkSerializerMixin from mod fabric_data_attachment_api_v1->@Inject::writeChunkAttachments(Lnet/minecraft/server/level/ServerLevel;Lnet/minecraft/world/level/chunk/ChunkAccess;Lorg/spongepowered/asm/mixin/injection/callback/CallbackInfoReturnable;)V does use it's CallbackInfoReturnable
[24Jul2025 19:29:22.487] [Server thread/DEBUG] [FabricRegistrySync/]: Starting registry save
[24Jul2025 19:29:22.487] [Server thread/DEBUG] [FabricRegistrySync/]: Not saving registry: minecraft:command_argument_type
[24Jul2025 19:29:22.487] [Server thread/DEBUG] [FabricRegistrySync/]: Not saving registry: minecraft:item
[24Jul2025 19:29:22.487] [Server thread/DEBUG] [FabricRegistrySync/]: Not saving registry: minecraft:block_entity_type
[24Jul2025 19:29:22.487] [Server thread/DEBUG] [FabricRegistrySync/]: Not saving registry: minecraft:custom_stat
[24Jul2025 19:29:22.487] [Server thread/DEBUG] [FabricRegistrySync/]: Not saving registry: minecraft:worldgen/foliage_placer_type
[24Jul2025 19:29:22.487] [Server thread/DEBUG] [FabricRegistrySync/]: Not saving registry: minecraft:stat_type
[24Jul2025 19:29:22.487] [Server thread/DEBUG] [FabricRegistrySync/]: Not saving registry: minecraft:worldgen/material_rule
[24Jul2025 19:29:22.487] [Server thread/DEBUG] [FabricRegistrySync/]: Not saving registry: minecraft:worldgen/structure_type
[24Jul2025 19:29:22.487] [Server thread/DEBUG] [FabricRegistrySync/]: Not saving registry: minecraft:attribute
[24Jul2025 19:29:22.487] [Server thread/DEBUG] [FabricRegistrySync/]: Not saving registry: minecraft:position_source_type
[24Jul2025 19:29:22.487] [Server thread/DEBUG] [FabricRegistrySync/]: Not saving registry: minecraft:height_provider_type
[24Jul2025 19:29:22.487] [Server thread/DEBUG] [FabricRegistrySync/]: Not saving registry: minecraft:rule_block_entity_modifier
[24Jul2025 19:29:22.487] [Server thread/DEBUG] [FabricRegistrySync/]: Not saving registry: minecraft:worldgen/density_function_type
[24Jul2025 19:29:22.487] [Server thread/DEBUG] [FabricRegistrySync/]: Not saving registry: minecraft:fluid
[24Jul2025 19:29:22.487] [Server thread/DEBUG] [FabricRegistrySync/]: Not saving registry: forge:global_loot_modifier_serializers
[24Jul2025 19:29:22.487] [Server thread/DEBUG] [FabricRegistrySync/]: Not saving registry: minecraft:loot_condition_type
[24Jul2025 19:29:22.487] [Server thread/DEBUG] [FabricRegistrySync/]: Not saving registry: minecraft:worldgen/structure_pool_element
[24Jul2025 19:29:22.487] [Server thread/DEBUG] [FabricRegistrySync/]: Not saving registry: minecraft:activity
[24Jul2025 19:29:22.487] [Server thread/DEBUG] [FabricRegistrySync/]: Not saving registry: minecraft:recipe_serializer
[24Jul2025 19:29:22.487] [Server thread/DEBUG] [FabricRegistrySync/]: Not saving registry: minecraft:frog_variant
[24Jul2025 19:29:22.488] [Server thread/DEBUG] [FabricRegistrySync/]: Not saving registry: minecraft:banner_pattern
[24Jul2025 19:29:22.488] [Server thread/DEBUG] [FabricRegistrySync/]: Not saving registry: minecraft:instrument
[24Jul2025 19:29:22.488] [Server thread/DEBUG] [FabricRegistrySync/]: Not saving registry: minecraft:decorated_pot_patterns
[24Jul2025 19:29:22.488] [Server thread/DEBUG] [FabricRegistrySync/]: Not saving registry: minecraft:worldgen/feature_size_type
[24Jul2025 19:29:22.488] [Server thread/DEBUG] [FabricRegistrySync/]: Not saving registry: minecraft:point_of_interest_type
[24Jul2025 19:29:22.488] [Server thread/DEBUG] [FabricRegistrySync/]: Not saving registry: minecraft:mob_effect
[24Jul2025 19:29:22.488] [Server thread/DEBUG] [FabricRegistrySync/]: Not saving registry: minecraft:loot_pool_entry_type
[24Jul2025 19:29:22.488] [Server thread/DEBUG] [FabricRegistrySync/]: Not saving registry: minecraft:worldgen/block_state_provider_type
[24Jul2025 19:29:22.488] [Server thread/DEBUG] [FabricRegistrySync/]: Not saving registry: minecraft:worldgen/chunk_generator
[24Jul2025 19:29:22.488] [Server thread/DEBUG] [FabricRegistrySync/]: Not saving registry: minecraft:float_provider_type
[24Jul2025 19:29:22.488] [Server thread/DEBUG] [FabricRegistrySync/]: Not saving registry: minecraft:chunk_status
[24Jul2025 19:29:22.488] [Server thread/DEBUG] [FabricRegistrySync/]: Not saving registry: minecraft:enchantment
[24Jul2025 19:29:22.488] [Server thread/DEBUG] [FabricRegistrySync/]: Not saving registry: minecraft:loot_function_type
[24Jul2025 19:29:22.488] [Server thread/DEBUG] [FabricRegistrySync/]: Not saving registry: minecraft:worldgen/structure_processor
[24Jul2025 19:29:22.488] [Server thread/DEBUG] [FabricRegistrySync/]: Not saving registry: minecraft:loot_score_provider_type
[24Jul2025 19:29:22.488] [Server thread/DEBUG] [FabricRegistrySync/]: Not saving registry: minecraft:worldgen/tree_decorator_type
[24Jul2025 19:29:22.488] [Server thread/DEBUG] [FabricRegistrySync/]: Not saving registry: minecraft:schedule
[24Jul2025 19:29:22.488] [Server thread/DEBUG] [FabricRegistrySync/]: Not saving registry: minecraft:worldgen/material_condition
[24Jul2025 19:29:22.488] [Server thread/DEBUG] [FabricRegistrySync/]: Not saving registry: minecraft:entity_type
[24Jul2025 19:29:22.488] [Server thread/DEBUG] [FabricRegistrySync/]: Not saving registry: minecraft:villager_profession
[24Jul2025 19:29:22.488] [Server thread/DEBUG] [FabricRegistrySync/]: Not saving registry: minecraft:potion
[24Jul2025 19:29:22.488] [Server thread/DEBUG] [FabricRegistrySync/]: Not saving registry: minecraft:recipe_type
[24Jul2025 19:29:22.488] [Server thread/DEBUG] [FabricRegistrySync/]: Not saving registry: minecraft:int_provider_type
[24Jul2025 19:29:22.488] [Server thread/DEBUG] [FabricRegistrySync/]: Not saving registry: minecraft:worldgen/feature
[24Jul2025 19:29:22.488] [Server thread/DEBUG] [FabricRegistrySync/]: Not saving registry: minecraft:cat_variant
[24Jul2025 19:29:22.488] [Server thread/DEBUG] [FabricRegistrySync/]: Not saving registry: minecraft:pos_rule_test
[24Jul2025 19:29:22.488] [Server thread/DEBUG] [FabricRegistrySync/]: Not saving registry: minecraft:worldgen/structure_placement
[24Jul2025 19:29:22.488] [Server thread/DEBUG] [FabricRegistrySync/]: Not saving registry: minecraft:loot_nbt_provider_type
[24Jul2025 19:29:22.488] [Server thread/DEBUG] [FabricRegistrySync/]: Not saving registry: minecraft:menu
[24Jul2025 19:29:22.488] [Server thread/DEBUG] [FabricRegistrySync/]: Not saving registry: minecraft:worldgen/trunk_placer_type
[24Jul2025 19:29:22.488] [Server thread/DEBUG] [FabricRegistrySync/]: Not saving registry: minecraft:creative_mode_tab
[24Jul2025 19:29:22.488] [Server thread/DEBUG] [FabricRegistrySync/]: Not saving registry: minecraft:worldgen/placement_modifier_type
[24Jul2025 19:29:22.489] [Server thread/DEBUG] [FabricRegistrySync/]: Not saving registry: minecraft:worldgen/carver
[24Jul2025 19:29:22.489] [Server thread/DEBUG] [FabricRegistrySync/]: Not saving registry: minecraft:loot_number_provider_type
[24Jul2025 19:29:22.489] [Server thread/DEBUG] [FabricRegistrySync/]: Not saving registry: minecraft:worldgen/structure_piece
[24Jul2025 19:29:22.489] [Server thread/DEBUG] [FabricRegistrySync/]: Not saving registry: minecraft:sound_event
[24Jul2025 19:29:22.489] [Server thread/DEBUG] [FabricRegistrySync/]: Not saving registry: minecraft:particle_type
[24Jul2025 19:29:22.489] [Server thread/DEBUG] [FabricRegistrySync/]: Not saving registry: minecraft:game_event
[24Jul2025 19:29:22.489] [Server thread/DEBUG] [FabricRegistrySync/]: Not saving registry: minecraft:worldgen/biome_source
[24Jul2025 19:29:22.489] [Server thread/DEBUG] [FabricRegistrySync/]: Not saving registry: minecraft:worldgen/root_placer_type
[24Jul2025 19:29:22.489] [Server thread/DEBUG] [FabricRegistrySync/]: Not saving registry: minecraft:villager_type
[24Jul2025 19:29:22.489] [Server thread/DEBUG] [FabricRegistrySync/]: Not saving registry: minecraft:painting_variant
[24Jul2025 19:29:22.489] [Server thread/DEBUG] [FabricRegistrySync/]: Not saving registry: forge:fluid_type
[24Jul2025 19:29:22.489] [Server thread/DEBUG] [FabricRegistrySync/]: Not saving registry: minecraft:block_predicate_type
[24Jul2025 19:29:22.489] [Server thread/DEBUG] [FabricRegistrySync/]: Not saving registry: minecraft:block
[24Jul2025 19:29:22.489] [Server thread/DEBUG] [FabricRegistrySync/]: Not saving registry: forge:entity_data_serializers
[24Jul2025 19:29:22.489] [Server thread/DEBUG] [FabricRegistrySync/]: Not saving registry: minecraft:sensor_type
[24Jul2025 19:29:22.489] [Server thread/DEBUG] [FabricRegistrySync/]: Not saving registry: minecraft:rule_test
[24Jul2025 19:29:22.489] [Server thread/DEBUG] [FabricRegistrySync/]: Not saving registry: minecraft:memory_module_type
[24Jul2025 19:29:22.489] [Server thread/DEBUG] [FabricRegistrySync/]: Not saving empty registry data
[24Jul2025 19:29:22.498] [Server thread/DEBUG] [net.minecraftforge.common.ForgeHooks/WP]: Gathering id map for writing to world save world
[24Jul2025 19:29:22.507] [Server thread/DEBUG] [net.minecraftforge.common.ForgeHooks/WP]: ID Map collection complete world
